X_acc_mean,X_acc_std,X_acc_median,X_acc_min,X_acc_max,X_acc_var,X_acc_kurtosis,X_acc_skew,Y_acc_mean,Y_acc_std,Y_acc_median,Y_acc_min,Y_acc_max,Y_acc_var,Y_acc_kurtosis,Y_acc_skew,Z_acc_mean,Z_acc_std,Z_acc_median,Z_acc_min,Z_acc_max,Z_acc_var,Z_acc_kurtosis,Z_acc_skew,X_mag_mean,X_mag_std,X_mag_median,X_mag_min,X_mag_max,X_mag_var,X_mag_kurtosis,X_mag_skew,Y_mag_mean,Y_mag_std,Y_mag_median,Y_mag_min,Y_mag_max,Y_mag_var,Y_mag_kurtosis,Y_mag_skew,Z_mag_mean,Z_mag_std,Z_mag_median,Z_mag_min,Z_mag_max,Z_mag_var,Z_mag_kurtosis,Z_mag_skew,X_gyr_mean,X_gyr_std,X_gyr_median,X_gyr_min,X_gyr_max,X_gyr_var,X_gyr_kurtosis,X_gyr_skew,Y_gyr_mean,Y_gyr_std,Y_gyr_median,Y_gyr_min,Y_gyr_max,Y_gyr_var,Y_gyr_kurtosis,Y_gyr_skew,Z_gyr_mean,Z_gyr_std,Z_gyr_median,Z_gyr_min,Z_gyr_max,Z_gyr_var,Z_gyr_kurtosis,Z_gyr_skew,Acc_Mag_mean,Acc_Mag_std,Acc_Mag_median,Acc_Mag_min,Acc_Mag_max,Acc_Mag_var,Acc_Mag_kurtosis,Acc_Mag_skew,Gyr_Mag_mean,Gyr_Mag_std,Gyr_Mag_median,Gyr_Mag_min,Gyr_Mag_max,Gyr_Mag_var,Gyr_Mag_kurtosis,Gyr_Mag_skew,Mag_Mag_mean,Mag_Mag_std,Mag_Mag_median,Mag_Mag_min,Mag_Mag_max,Mag_Mag_var,Mag_Mag_kurtosis,Mag_Mag_skew,START_X_first,CURRENT_X_last,CURRENT_X_maxdev,CURRENT_X_dev20,CURRENT_X_dev50,CURRENT_X_dev80,START_Y_first,CURRENT_Y_last,CURRENT_Y_maxdev,CURRENT_Y_dev20,CURRENT_Y_dev50,CURRENT_Y_dev80,V_pairwise20,V_pairwise50,V_pairwise80,V_medianVelocityLastThree,A_pairwise20,A_pairwise50,A_pairwise80,A_averageAccFirstFive,pairwiseDisplacement_lengthOfTrajectory,CURRENT_PRESSURE_median,CURRENT_SIZE_median,distance,directionOfEndtoEnfLine,ratio,duration,averageVelocity,MeanResultantLength,AverageDirectionEnsemble,LABEL
-0.8387026545454546,0.0327853486219489,-0.8288175,-0.9375542,-0.8288175,0.0010748790842627,9.10000000000007,-3.3166247903554216,5.845214181818182,0.0135765432770511,5.8411207,5.8411207,5.886149,0.0001843225273536,9.099999999999858,3.316624790355355,7.889377727272728,0.0028167189810454,7.890227,7.880885,7.890227,7.933905818181769e-06,9.099999999997598,-3.316624790354663,47.55032745454545,0.2672451832891909,47.46975,47.46975,48.356102,0.0714199879912732,9.099999999999971,3.3166247903553927,-26.01351572727273,0.0558709566842916,-25.99667,-26.181973,-25.99667,0.0031215638008179,9.099999999999929,-3.316624790355378,14.80085209090909,0.4107504122750102,14.924698,13.562393,14.924698,0.1687159011840908,9.100000000000064,-3.316624790355419,-0.0058123852363636,0.003292449128329,-0.006805096,-0.006805096,0.0041147224,1.0840221262634416e-05,9.099999999999996,3.3166247903554003,0.0066624999090909,0.0152737526859562,0.0020572902,0.0020572902,0.052714597,0.0002332875211117,9.1,3.3166247903553985,0.0472453985454545,0.0238823002319512,0.054446183,-0.024762446,0.054446183,0.000570364264369,9.1,-3.3166247903554,9.85460877985486,0.008752059667362,9.851969934576728,9.851969934576728,9.880997232636169,7.65985484210648e-05,9.09999999999978,3.316624790355332,0.0552245246651423,0.0010485808438774,0.0549083656450064,0.0549083656450064,0.0583861148665021,1.0995217861467648e-06,9.10000000000007,3.31662479035542,56.18721187863225,0.1491691932613099,56.142235674602446,56.142235674602446,56.636973918930224,0.02225144821823,9.09999999999974,3.3166247903553203,849.0,479.0,200.2840272727273,-98.9963027272728,-15.668072727272715,97.33108727272725,633.0,688.0,32.49723000000006,-21.314539999999965,-5.6593299999999545,19.19889000000001,1.5934317707828405,1.9648270509246653,2.3756241593448397,1.5934317707828405,-0.0184037172148498,-0.0051563544160497,0.0427802711146336,0.0,351.80004211051653,1.0,0.007874016,374.0655022853618,-1.4232282554809017,1.0632901009370848,168.0,2.0940478697054554,0.8400748701337871,3.05842685222542,user
-0.6948219692307693,0.0220565620398399,-0.7064289,-0.7064289,-0.6561322,0.0004864919290173,2.6333333333332964,1.4511323592170595,5.8180172692307695,0.0134439399960468,5.8109426,5.8109426,5.8415995,0.0001807395226173,2.6333333333335225,1.4511323592172105,7.911579692307693,0.016910117141249,7.902681,7.902681,7.941242,0.0002859520617307,2.6333333333332902,1.4511323592170562,47.33266553846154,0.4511055831213697,47.570053,46.541374,47.570053,0.203496247123271,2.6333333333334363,-1.4511323592171537,-26.65243323076923,0.08362090420578,-26.608429,-26.799114,-26.608429,0.0069924556201922,2.633333333333664,-1.4511323592173049,13.991403153846154,0.2607445253208734,14.128616,13.534027,14.128616,0.0679877074848075,2.633333333333377,-1.4511323592171144,-0.0107141028461538,0.0165617457492193,-0.01942947,-0.01942947,0.018337121,0.0002742914222617,2.6333333333333333,1.4511323592170846,-0.0049658086153846,0.0029199113809267,-0.0034292496,-0.010087672,-0.0034292496,8.525882472465723e-06,2.6333333333333333,-1.451132359217085,0.0153479096538461,0.0045550641907129,0.017744943,0.0073577985,0.017744943,2.0748609781515428e-05,2.633333333333338,-1.4511323592170875,9.84508536992057,0.0200116868366113,9.834554523668622,9.834554523668622,9.880188190760393,0.0004004676100466,2.633333333333042,1.4511323592168908,0.0255316110440353,0.0019081945290019,0.0265357694324707,0.0221844164159174,0.0265357694324707,3.6412063605129968e-06,2.6333333333333417,-1.451132359217091,56.09455109861101,0.4046933552090889,56.30751483013885,55.38467199351821,56.30751483013885,0.1637767117503898,2.6333333333331974,-1.4511323592169938,817.0,480.0,147.0628484615385,-105.27742153846162,3.728558461538455,107.56995846153848,637.0,729.0,43.76848230769235,-25.523777692307632,0.5903223076923041,23.724722307692392,1.2434669191005827,1.8960937602519683,2.1802262465252054,2.21329916975802,-0.0291402703004964,0.013912217472323,0.0305959385867681,0.0242006450395977,368.7400272772111,1.0,0.007874016,349.33222010000736,-1.304293210614348,0.947367235066636,189.0,1.9510054353291597,0.8400748701337871,3.05842685222542,user
-0.6867893,0.0,-0.6867893,-0.6867893,-0.6867893,0.0,0.0,0.0,5.8473477,0.0,5.8473477,5.8473477,5.8473477,0.0,0.0,0.0,7.860048999999999,0.0,7.860049,7.860049,7.860049,0.0,0.0,0.0,47.877823,0.0,47.877823,47.877823,47.877823,0.0,0.0,0.0,-25.541985,0.0,-25.541985,-25.541985,-25.541985,0.0,0.0,0.0,14.662537,0.0,14.662537,14.662537,14.662537,0.0,0.0,0.0,-0.0047809333,0.0,-0.0047809333,-0.0047809333,-0.0047809333,0.0,0.0,0.0,0.044245075,0.0,0.044245075,0.044245075,0.044245075,0.0,0.0,0.0,0.008796019,0.0,0.008796019,0.008796019,0.008796019,0.0,0.0,0.0,9.820566427130911,0.0,9.820566427130911,9.820566427130911,9.820566427130911,0.0,0.0,0.0,0.0453635749828321,0.0,0.0453635749828321,0.0453635749828321,0.0453635749828321,0.0,0.0,0.0,56.21093242631654,0.0,56.21093242631653,56.21093242631653,56.21093242631653,0.0,0.0,0.0,893.0,616.82007,126.26385000000016,-66.28627799999983,-6.674809999999866,68.71447000000022,610.0,676.08093,34.94278857142854,-16.36284142857139,0.1628185714286019,12.82845857142857,2.339415829558388,2.401329798408581,2.898415819750675,2.401329798408581,-0.0368536442548007,0.0269534249978104,0.0428402278397211,-0.0347702191589751,370.3866382629941,1.0,0.007874016,283.9754268320937,-1.3359439005720766,0.7666999764458463,105.0,3.5274917929808955,0.8400748701337871,3.05842685222542,user
-0.7271863000000001,0.0187995696060244,-0.71505123,-0.75145644,-0.71505123,0.0003534238173717,1.4999999999999942,-0.9682458365518456,5.863953666666666,0.0124916622859678,5.872017,5.847827,5.872017,0.0001560416266666,1.5000000000000002,-0.9682458365518538,7.880566333333333,0.0064309597469323,7.8847175,7.872264,7.8847175,4.135724326666376e-05,1.5000000000000002,-0.9682458365518544,47.22857666666667,0.222110430927201,47.085205,47.085205,47.51532,0.0493330435266669,1.4999999999999996,0.9682458365518544,-25.96045033333333,0.2926803186773342,-25.771526,-26.338299,-25.771526,0.0856617689410659,1.5000000000000382,-0.968245836551909,14.388514333333331,0.0203212854186609,14.375397,14.375397,14.414749,0.0004129546410666,1.5000000000000002,0.9682458365518546,-0.0090423275,0.0030532966302527,-0.011013222,-0.011013222,-0.0051005385,9.322620312312595e-06,1.5000000000000016,0.968245836551856,0.0148059615333333,0.0117455605494782,0.0072242348,0.0072242348,0.029969415,0.0001379581926214,1.4999999999999998,0.9682458365518531,-0.0007566018,0.0028607459959386,-0.0026032054,-0.0026032054,0.0029366054,8.183867653279103e-06,1.5000000000000004,0.9682458365518546,9.849793556722814,0.0111801235627066,9.857010295450632,9.83536007926718,9.857010295450632,0.0001249951628773,1.5000000000003282,-0.9682458365523304,0.0191312811675649,0.0088385934087512,0.0134259936548995,0.0134259936548995,0.0305418561928956,7.81207334452202e-05,1.500000000000001,0.9682458365518556,55.7811352888267,0.3296650750465235,55.568337397913126,55.568337397913126,56.206731070653824,0.1086790617054299,1.4999999999999558,0.9682458365517896,924.0,652.0,129.08354999999997,-93.99495000000002,-3.976550000000032,90.78094999999996,634.0,665.0,19.088295000000016,-11.911704999999984,-4.054669999999987,12.84445500000004,2.1279222222222214,3.323710617522249,4.149813931284137,3.31329378440636,-0.1110065245376104,-0.0006127548891699,0.067011401578662,0.0479815576850587,291.993594023358,1.0,0.007874016,273.7608445340568,-1.4573153938842072,0.9375577072151704,85.0,3.435218753215976,0.8400748701337871,3.05842685222542,user
-0.7113788600000001,0.0506494221359889,-0.7320564,-0.7320564,-0.60799116,0.0025653639627096,4.200000000000002,2.44948974278318,5.873494583333334,0.0065513644412188,5.87082,5.87082,5.8868675,4.292037604166615e-05,4.199999999999823,2.449489742783076,7.857533716666667,0.0038131615074196,7.855977,7.855977,7.8653173,1.4540200681666776e-05,4.200000000000609,2.449489742783528,47.00950233333333,0.1974868445255695,47.090126,46.606384,47.090126,0.0390010537606664,4.199999999999953,-2.449489742783152,-27.51840233333333,0.4468906241494285,-27.33596,-28.430614,-27.33596,0.1997112299526658,4.200000000000042,-2.449489742783202,15.161158166666668,0.5908189672007549,15.402359,13.955154,15.402359,0.3490670520041666,4.199999999999993,-2.449489742783173,-0.0120608118333333,0.0082636039034811,-0.015434414,-0.015434414,0.004807199,6.828714947362817e-05,4.200000000000003,2.44948974278318,0.0522440646666666,0.0481246236475604,0.07189086,-0.045989912,0.07189086,0.0023159794012193,4.2,-2.4494897427831783,0.0077040375833333,0.0005871504888874,0.0074643344,0.0074643344,0.0089025535,3.4474569660080186e-07,4.199999999999996,2.449489742783176,9.836005796122302,0.0035117891245257,9.834572114215746,9.834572114215746,9.843174205655089,1.2332662855137329e-05,4.200000000001322,2.4494897427839373,0.0694373796163009,0.0109480991449119,0.0739069223760401,0.0470896658176048,0.0739069223760401,0.0001198608748868,4.199999999999997,-2.449489742783176,56.54642789838309,0.0967570625115987,56.58592880374375,56.34892337157976,56.58592880374375,0.0093619291458734,4.200000000000287,-2.4494897427833435,888.0,662.0,86.91747499999997,-65.50435500000003,10.859844999999892,59.13324499999999,643.0,682.0,23.63488499999994,-12.272715000000062,-3.953370000000064,11.909684999999968,1.6444584245938367,2.7000267927545947,3.5577745963708294,2.756164613587853,-0.0572578559130697,0.028401228436116,0.0627995160298213,0.0571178515280933,215.63335906355115,1.0,0.007874016,229.3403584195333,-1.399912945221424,1.0635662284143264,80.0,2.695416988294389,0.8400748701337871,3.05842685222542,user
-0.6542161999999999,0.0,-0.6542162,-0.6542162,-0.6542162,0.0,0.0,0.0,5.860282,0.0,5.860282,5.860282,5.860282,0.0,0.0,0.0,7.9369307,0.0,7.9369307,7.9369307,7.9369307,0.0,0.0,0.0,48.543842,0.0,48.543842,48.543842,48.543842,0.0,0.0,0.0,-25.81385,0.0,-25.81385,-25.81385,-25.81385,0.0,0.0,0.0,14.069931,0.0,14.069931,14.069931,14.069931,0.0,0.0,0.0,-0.033705134,0.0,-0.033705134,-0.033705134,-0.033705134,0.0,0.0,0.0,0.03289912,0.0,0.03289912,0.03289912,0.03289912,0.0,0.0,0.0,0.010660378,0.0,0.010660378,0.010660378,0.010660378,0.0,0.0,0.0,9.88765760392566,0.0,9.88765760392566,9.88765760392566,9.88765760392566,0.0,0.0,0.0,0.0482911152680825,0.0,0.0482911152680825,0.0482911152680825,0.0482911152680825,0.0,0.0,0.0,56.752289877045705,0.0,56.752289877045705,56.752289877045705,56.752289877045705,0.0,0.0,0.0,921.0,679.0,106.54199857142862,-93.58980142857136,16.34379857142858,75.43941057142865,638.0,668.0,17.09383857142859,-12.169869428571404,-3.373161428571393,14.171932571428632,1.266580327759585,2.244253038783872,4.129347627339118,3.05810224309336,-0.8954032560298214,0.0358164065603057,0.0759956054521319,0.0358164065603057,263.35595528171194,1.0,0.007874016,243.85241438214223,-1.4474586258951727,0.9259422826466682,92.0,2.862564731322956,0.8400748701337871,3.05842685222542,user
-0.6693051,0.0040815047695672,-0.6719397,-0.6719397,-0.6640359,1.665868118400028e-05,1.499999999999972,0.9682458365518134,5.871538,0.0278281599391695,5.853575,5.853575,5.907464,0.0007744064856,1.5,0.9682458365518544,7.870107999999999,0.0178095266191998,7.858612,7.858612,7.8931,0.0003171792383999,1.5000000000001026,0.968245836552004,48.198422,0.1790573152551984,48.314003,47.96726,48.314003,0.0320615221463995,1.5000000000000004,-0.9682458365518544,-26.878856666666668,0.5056045495051128,-27.205223,-27.205223,-26.226124,0.2556359604802681,1.4999999999999858,0.9682458365518334,14.171900333333332,0.4690255127946315,14.474655,13.566391,14.474655,0.219984931652267,1.5,-0.9682458365518546,-0.00533136368,0.0042636113930544,-0.008083513,-0.008083513,0.00017293496,1.8178382110983515e-05,1.4999999999999996,0.9682458365518536,0.0232222077066666,0.0181272232499396,0.03492328,-0.00017993688,0.03492328,0.0003285962227531,1.4999999999999998,-0.9682458365518536,0.0026525119333333,5.501392104064805e-05,0.0026170006,0.0026170006,0.0027235346,3.026531508266658e-09,1.4999999999999918,0.9682458365518424,9.841832777241398,0.0305716695366238,9.822098849411214,9.822098849411214,9.881300632901764,0.0009346269782565,1.50000000000006,0.9682458365519412,0.0248729816554496,0.0171480494079239,0.0359419999515882,0.0027349450631724,0.0359419999515882,0.0002940555984966,1.5000000000000004,-0.9682458365518548,56.97906595468229,0.5052005531598495,57.3051715094961,56.32685484505466,57.3051715094961,0.2552275989130178,1.4999999999999858,-0.9682458365518332,907.0,643.90576,115.22184000000016,-70.83741999999995,-6.243619999999851,68.12708000000009,631.0,673.91583,17.18526499999996,-16.358685000000037,4.5126300000000015,15.224195000000009,2.3711959825359936,2.830152473896665,3.2291122999658897,2.3711959825359936,-0.0382618807508551,-0.0246018744851629,0.0257358202075043,-0.0214525849343544,254.68132655231503,1.0,0.007874016,266.5714680639444,-1.4091008115276045,1.0466863498497874,85.0,2.9962509006154714,0.8400748701337871,3.05842685222542,user
-0.66571254,0.0,-0.66571254,-0.66571254,-0.66571254,0.0,0.0,0.0,5.8914175,0.0,5.8914175,5.8914175,5.8914175,0.0,0.0,0.0,7.956331,0.0,7.956331,7.956331,7.956331,0.0,0.0,0.0,48.970955,0.0,48.970955,48.970955,48.970955,0.0,0.0,0.0,-26.515709,0.0,-26.515709,-26.515709,-26.515709,0.0,0.0,0.0,14.347823999999996,0.0,14.347824,14.347824,14.347824,0.0,0.0,0.0,-0.006964895,0.0,-0.006964895,-0.006964895,-0.006964895,0.0,0.0,0.0,0.02506881,0.0,0.02506881,0.02506881,0.02506881,0.0,0.0,0.0,0.011193052,0.0,0.011193052,0.011193052,0.011193052,0.0,0.0,0.0,9.922458179643815,0.0,9.922458179643815,9.922458179643815,9.922458179643815,0.0,0.0,0.0,0.0283238311365505,0.0,0.0283238311365505,0.0283238311365505,0.0283238311365505,0.0,0.0,0.0,57.50736744904675,0.0,57.50736744904675,57.50736744904675,57.50736744904675,0.0,0.0,0.0,918.0,643.0,128.8050149999999,-90.13373500000012,1.9335949999999684,80.06056499999988,638.0,672.0,18.50132833333339,-14.37550166666665,-1.05634166666664,13.485528333333376,2.526959903408033,3.1907484435026694,3.7804939994864575,3.498480301052252,-0.0747323382803245,0.0202124553275232,0.0671577228525733,0.0560923383458356,289.9955284450924,1.0,0.007874016,277.093846918332,-1.4477842141624897,0.9555107570246444,92.0,3.1521253091857866,0.8400748701337871,3.05842685222542,user
-0.6518211,0.0,-0.6518211,-0.6518211,-0.6518211,0.0,0.0,0.0,5.890938299999999,0.0,5.8909383,5.8909383,5.8909383,0.0,0.0,0.0,7.9151354,0.0,7.9151354,7.9151354,7.9151354,0.0,0.0,0.0,47.00403,0.0,47.00403,47.00403,47.00403,0.0,0.0,0.0,-25.782116,0.0,-25.782116,-25.782116,-25.782116,0.0,0.0,0.0,14.223709,0.0,14.223709,14.223709,14.223709,0.0,0.0,0.0,-0.01495501,0.0,-0.01495501,-0.01495501,-0.01495501,0.0,0.0,0.0,-0.013336987,0.0,-0.013336987,-0.013336987,-0.013336987,0.0,0.0,0.0,0.019076629,0.0,0.019076629,0.019076629,0.019076629,0.0,0.0,0.0,9.888245203328308,0.0,9.888245203328308,9.888245203328308,9.888245203328308,0.0,0.0,0.0,0.0276666824961344,0.0,0.0276666824961344,0.0276666824961344,0.0276666824961344,0.0,0.0,0.0,55.46539677488152,0.0,55.46539677488152,55.46539677488152,55.46539677488152,0.0,0.0,0.0,916.0,656.0,112.1571083333332,-77.11673166666674,6.00224333333324,77.28246833333321,633.0,685.0,34.112666666666655,-17.340433333333294,-7.140883333333363,15.39686666666671,2.8039573418530503,3.091377676723781,3.695887492749541,3.1953991128966512,-0.0416783089528606,0.027153255136391,0.0541399451605771,0.0312805237408056,282.98328630935873,1.0,0.007874016,265.1490147068248,-1.3734007669450157,0.9369776503936794,84.0,3.368848646539985,0.8400748701337871,3.05842685222542,user
-0.6534976,0.0,-0.6534976,-0.6534976,-0.6534976,0.0,0.0,0.0,5.9285417,0.0,5.9285417,5.9285417,5.9285417,0.0,0.0,0.0,7.731433,0.0,7.731433,7.731433,7.731433,0.0,0.0,0.0,47.958412,0.0,47.958412,47.958412,47.958412,0.0,0.0,0.0,-26.965141,0.0,-26.965141,-26.965141,-26.965141,0.0,0.0,0.0,15.221436000000002,0.0,15.221436,15.221436,15.221436,0.0,0.0,0.0,0.0058192792,0.0,0.0058192792,0.0058192792,0.0058192792,0.0,0.0,0.0,-0.01839739,0.0,-0.01839739,-0.01839739,-0.01839739,0.0,0.0,0.0,0.010447308,0.0,0.010447308,0.010447308,0.010447308,0.0,0.0,0.0,9.764718226110451,0.0,9.764718226110451,9.764718226110451,9.764718226110451,0.0,0.0,0.0,0.0219425206771354,0.0,0.0219425206771354,0.0219425206771354,0.0219425206771354,0.0,0.0,0.0,57.08607732725836,0.0,57.08607732725836,57.08607732725836,57.08607732725836,0.0,0.0,0.0,907.0,610.0,148.41345666666666,-89.77944333333335,-21.842163333333247,81.8702566666667,643.0,691.0,23.5223983333334,-20.554261666666548,0.3136333333334278,20.88219833333335,2.3423449643970784,3.933302311472717,4.2561375690961,2.3423449643970784,-0.181166389094162,-0.0592349961436762,0.0197078904425467,-0.0182727281013806,293.08339838022493,1.0,0.007874016,300.8537850850476,-1.4105656425168345,1.026512544715146,74.0,3.9605864645976334,0.8400748701337871,3.05842685222542,user
-0.66307795,0.0,-0.66307795,-0.66307795,-0.66307795,0.0,0.0,0.0,5.921595599999999,0.0,5.9215956,5.9215956,5.9215956,0.0,0.0,0.0,7.9352546,0.0,7.9352546,7.9352546,7.9352546,0.0,0.0,0.0,48.447098,0.0,48.447098,48.447098,48.447098,0.0,0.0,0.0,-26.032784,0.0,-26.032784,-26.032784,-26.032784,0.0,0.0,0.0,13.780502,0.0,13.780502,13.780502,13.780502,0.0,0.0,0.0,-0.028058788,0.0,-0.028058788,-0.028058788,-0.028058788,0.0,0.0,0.0,0.017185234,0.0,0.017185234,0.017185234,0.017185234,0.0,0.0,0.0,0.009541762,0.0,0.009541762,0.009541762,0.009541762,0.0,0.0,0.0,9.923367996025176,0.0,9.923367996025176,9.923367996025176,9.923367996025176,0.0,0.0,0.0,0.0342589123255299,0.0,0.0342589123255299,0.0342589123255299,0.0342589123255299,0.0,0.0,0.0,56.69858360474503,0.0,56.69858360474504,56.69858360474504,56.69858360474504,0.0,0.0,0.0,890.0,655.0,99.77323857142858,-78.22024142857144,5.936698571428565,68.05267257142859,623.0,662.0,21.970837142857132,-14.124854857142829,-4.096062857142897,16.36663714285713,1.7020601307541403,2.3080974445058837,2.993061839238953,2.8015388789020914,-0.1846903517940466,0.0255458807766654,0.0420199786768336,0.0268886096798472,267.4195187889528,1.0,0.007874016,238.21418933388497,-1.406337780395618,0.890788340404888,89.0,3.0047136942578963,0.8400748701337871,3.05842685222542,user
-0.6300258,0.0,-0.6300258,-0.6300258,-0.6300258,0.0,0.0,0.0,5.9371634,0.0,5.9371634,5.9371634,5.9371634,0.0,0.0,0.0,7.805201000000001,0.0,7.805201,7.805201,7.805201,0.0,0.0,0.0,48.22741,0.0,48.22741,48.22741,48.22741,0.0,0.0,0.0,-26.052246,0.0,-26.052246,-26.052246,-26.052246,0.0,0.0,0.0,14.392838,0.0,14.392838,14.392838,14.392838,0.0,0.0,0.0,-0.0061126202,0.0,-0.0061126202,-0.0061126202,-0.0061126202,0.0,0.0,0.0,-0.016533032,0.0,-0.016533032,-0.016533032,-0.016533032,0.0,0.0,0.0,0.017052466,0.0,0.017052466,0.017052466,0.017052466,0.0,0.0,0.0,9.82690207529139,0.0,9.82690207529139,9.82690207529139,9.82690207529139,0.0,0.0,0.0,0.0245253311803047,0.0,0.0245253311803047,0.0245253311803047,0.0245253311803047,0.0,0.0,0.0,56.67235995303936,0.0,56.67235995303936,56.67235995303936,56.67235995303936,0.0,0.0,0.0,909.0,670.0,99.7500914285714,-77.47270057142859,5.913891428571446,77.43201542857146,641.0,688.0,29.21984571428584,-16.829984285714158,-4.130454285714109,16.320931714285813,2.0742373594819363,2.7188241617112823,2.8825024165792628,2.723715532962538,-0.0438135502450073,0.0116755061482885,0.0418864043670317,0.0364168624550465,239.2169318281533,1.0,0.007874016,243.57750306627253,-1.376621367726254,1.018228522558143,91.0,2.6287574926170696,0.8400748701337871,3.05842685222542,user
-0.64367783,0.0,-0.64367783,-0.64367783,-0.64367783,0.0,0.0,0.0,5.9522524,0.0,5.9522524,5.9522524,5.9522524,0.0,0.0,0.0,7.80616,0.0,7.80616,7.80616,7.80616,0.0,0.0,0.0,47.51346,0.0,47.51346,47.51346,47.51346,0.0,0.0,0.0,-26.005417,0.0,-26.005417,-26.005417,-26.005417,0.0,0.0,0.0,13.399094,0.0,13.399094,13.399094,13.399094,0.0,0.0,0.0,-0.02203957,0.0,-0.02203957,-0.02203957,-0.02203957,0.0,0.0,0.0,0.0049870024,0.0,0.0049870024,0.0049870024,0.0049870024,0.0,0.0,0.0,0.0043215593,0.0,0.0043215593,0.0043215593,0.0043215593,0.0,0.0,0.0,9.83767064541903,0.0,9.83767064541903,9.83767064541903,9.83767064541903,0.0,0.0,0.0,0.0230062755244285,0.0,0.0230062755244285,0.0230062755244285,0.0230062755244285,0.0,0.0,0.0,55.797368347766415,0.0,55.797368347766415,55.797368347766415,55.797368347766415,0.0,0.0,0.0,925.0,671.0,109.54932142857136,-80.9861205714286,5.467051428571381,82.14516142857143,644.0,680.0,17.102315714285737,-16.848936285714238,1.2513657142857255,16.29511571428575,2.019286457255467,2.698936862075619,2.9574571003686354,2.941746841846866,-0.0514855023817458,0.0154381060543211,0.0570094211093239,0.0158993868116643,278.5231015213408,1.0,0.007874016,256.5384961365448,-1.4300018075764054,0.9210672103509104,98.0,2.8420724645034774,0.8400748701337871,3.05842685222542,user
-0.5975896257142858,0.0354110123379733,-0.57685506,-0.64942604,-0.57685506,0.0012539397948,1.900000000000007,-1.229634091915159,5.940892857142857,0.0030384648771255,5.942672,5.936445,5.942672,9.232268809525484e-06,1.9000000000010264,-1.2296340919162043,7.825080428571428,0.0237241307733787,7.811189,7.811189,7.859809,0.0005628343809523,1.9000000000000885,1.229634091915241,47.78235428571429,0.1290871821492674,47.85794,47.59339,47.85794,0.0166635005952381,1.8999999999997423,-1.2296340919148876,-26.797558,0.4769067512487833,-26.51831,-27.495678,-26.51831,0.2274400493866688,1.900000000000013,-1.229634091915165,13.247724142857145,0.5927163249555472,12.900665,12.900665,14.115372,0.3513126418688098,1.8999999999999764,1.2296340919151278,-0.0052451208571428,0.0032489795999212,-0.0033427132,-0.01000114,-0.0033427132,1.0555868440704348e-05,1.9000000000000008,-1.2296340919151516,-0.000872415,0.0169206804990209,-0.010780151,-0.010780151,0.023896925,0.0002863094285499,1.9000000000000008,1.2296340919151525,0.0064142064,0.0039767503944071,0.008742753,0.0005928399,0.008742753,1.5814543699417056e-05,1.8999999999999984,-1.229634091915151,9.84299003466772,0.0192413688815584,9.831723442690636,9.831723442690636,9.871156514610435,0.0003702302764362,1.899999999999784,1.2296340919149296,0.0176010257842891,0.0056775492789048,0.0142765933310178,0.0142765933310178,0.0259121069174673,3.223456581439263e-05,1.9,1.2296340919151512,56.36680571033484,0.2607140654411405,56.2141471850452,56.2141471850452,56.74845202355891,0.0679718239188473,1.9000000000001276,1.229634091915282,906.0,664.0,110.43379428571438,-80.43370571428561,-4.6111057142856,82.2617222857144,634.0,660.0,14.647327142857309,-10.884678857142694,-1.1274728571427204,10.86859914285731,1.676839672094944,2.542734172428831,3.0498068531629827,2.040798360474708,-0.0641793515082878,0.0042607169735035,0.0478521325409672,0.0266197354984297,260.94168886481583,1.0,0.007874016,243.3926868252208,-1.4637688537455225,0.932747419103712,93.0,2.805824611449633,0.8400748701337871,3.05842685222542,user
-0.56233489375,0.0437568414724113,-0.53063005,-0.6151763,-0.53063005,0.0019146611756417,1.2666666666666713,-0.6440611887195383,5.945157275,0.0008677229375947,5.945786,5.9441094,5.945786,7.529430964281189e-07,1.2666666666655366,-0.6440611887174834,7.831218175,0.018717579754548,7.817656,7.817656,7.8538218,0.0003503477918678,1.266666666666706,0.6440611887196018,47.366774375,0.0951125986261105,47.43569,47.251915,47.43569,0.0090464064174116,1.266666666666646,-0.6440611887194931,-26.32679175,0.4313513553254147,-26.014248,-26.847698,-26.014248,0.1860639917410721,1.2666666666666733,-0.6440611887195429,13.7656515,0.5048029685601532,13.399887,13.399887,14.375259,0.2548260370671429,1.2666666666666624,0.6440611887195236,0.00212385314375,0.0019573633873302,0.00070560863,0.00070560863,0.004487594,3.831271430060903e-06,1.2666666666666668,0.6440611887195309,0.003568755,0.0218618234518887,-0.012271641,-0.012271641,0.029969415,0.0004779393246415,1.2666666666666666,0.6440611887195307,0.0114127799,0.0034460605693059,0.013909688,0.0072512664,0.013909688,1.187533344732497e-05,1.2666666666666662,-0.6440611887195299,9.848392055920913,0.0169070132610003,9.836141760980016,9.836141760980016,9.868809214155744,0.0002858470974076,1.2666666666664927,0.6440611887192154,0.0232862675708415,0.0065192673050478,0.0185626096395133,0.0185626096395133,0.0311590307897217,4.2500846194665326e-05,1.2666666666666664,0.6440611887195303,55.91550868659819,0.2484752572035851,55.73547125838601,55.73547125838601,56.21557106695181,0.0617399534423877,1.2666666666666664,0.6440611887195302,894.0,626.0,134.40050999999994,-80.31053000000004,-13.88042500000006,82.22647400000001,626.0,665.0,16.59918874999994,-15.83784725000007,3.892413749999946,14.205428749999898,1.6781791795579708,2.141113603823736,2.9778579478360228,1.4446194155481062,-0.0399854498992775,-0.0210880022475204,0.0331586897756826,0.0065664012092934,277.4458007142546,1.0,0.007874016,270.8228203087768,-1.4262883120663774,0.9761287415833017,116.0,2.391774144088401,0.8400748701337871,3.05842685222542,user
-0.624410731111111,0.0211226378053573,-0.63505554,-0.63505554,-0.5871539,0.0004461658278563,2.785714285714263,1.6198477414681012,5.931628111111111,0.008026768519218,5.927583,5.927583,5.945786,6.442901286110933e-05,2.785714285714285,1.6198477414681165,7.854566711111111,0.0374925890622551,7.8734612,7.788436,7.8734612,0.0014056942345911,2.7857142857144352,-1.619847741468218,47.412496222222224,0.1641349150430641,47.32978,47.32978,47.702003,0.0269402703361938,2.7857142857144503,1.6198477414682284,-25.82775822222222,0.0431989454899595,-25.805988,-25.903954,-25.805988,0.0018661488914444,2.785714285714649,-1.6198477414683636,14.980650444444445,0.1655345174866191,15.064072,14.688675,15.064072,0.0274016764795278,2.7857142857142456,-1.6198477414680892,-0.0136647537333333,0.01143900619965,-0.019429471,-0.019429471,0.0065117567,0.0001308508628356,2.785714285714286,1.6198477414681176,0.0343787702222222,0.0298306722945838,0.049412016,-0.01823759,0.049412016,0.0008898690095468,2.7857142857142847,-1.6198477414681158,0.0027649648666666,0.0027716687011861,0.0041617546,-0.0021237992,0.0041617546,7.682147389135031e-06,2.785714285714286,-1.6198477414681172,9.862525436794378,0.0262908024862759,9.87577475587,9.816152820029709,9.87577475587,0.0006912062953723,2.785714285714073,-1.6198477414679722,0.0457517671060018,0.014893923777696,0.0532575991749038,0.0194813548648448,0.0532575991749038,0.0002218289654958,2.785714285714282,-1.619847741468114,56.03102696172151,0.1150262019806053,55.97305920463637,55.97305920463637,56.23391411151948,0.013231027142083,2.785714285714558,1.6198477414683023,922.0,659.0,138.50631111111113,-73.8702168888889,-21.92928888888889,75.04741111111117,617.0,664.0,17.95877111111122,-17.445466888888767,7.126311111111249,15.206571111111224,1.2786399394342656,2.0604212601193703,2.699389845247649,1.236385363706499,-0.0367110265415931,-0.0177835787231643,0.0217774791089879,-0.0177835787231643,283.52828193902485,1.0,0.007874016,267.1666146808018,-1.3939558744629534,0.9422926448595283,123.0,2.3051079832441044,0.8400748701337871,3.05842685222542,user
-0.5984107,0.0,-0.5984107,-0.5984107,-0.5984107,0.0,0.0,0.0,5.913931000000001,0.0,5.913931,5.913931,5.913931,0.0,0.0,0.0,7.9275894,0.0,7.9275894,7.9275894,7.9275894,0.0,0.0,0.0,47.387177,0.0,47.387177,47.387177,47.387177,0.0,0.0,0.0,-27.174347,0.0,-27.174347,-27.174347,-27.174347,0.0,0.0,0.0,14.398209,0.0,14.398209,14.398209,14.398209,0.0,0.0,0.0,-0.019109866,0.0,-0.019109866,-0.019109866,-0.019109866,0.0,0.0,0.0,-0.00065934355,0.0,-0.00065934355,-0.00065934355,-0.00065934355,0.0,0.0,0.0,0.027120007,0.0,0.027120007,0.027120007,0.027120007,0.0,0.0,0.0,9.908549285017855,0.0,9.908549285017855,9.908549285017855,9.908549285017855,0.0,0.0,0.0,0.0331830753869338,0.0,0.0331830753869338,0.0331830753869338,0.0331830753869338,0.0,0.0,0.0,56.491575489743774,0.0,56.491575489743774,56.491575489743774,56.491575489743774,0.0,0.0,0.0,876.0,607.0,108.29364999999996,-85.47645000000011,15.097299999999905,81.94534999999996,621.0,670.0,29.96385166666664,-18.18250833333332,-5.969298333333313,19.19340166666666,2.0886339915887064,3.4805756163960773,4.3145682033739785,3.796192785140541,-0.0718506097326478,0.0301885796922776,0.1067224245969896,0.0304926716607904,291.68361564416483,1.0,0.007874016,273.4264069178396,-1.3906157089244555,0.9374074930948544,84.0,3.472423995763867,0.8400748701337871,3.05842685222542,user
-0.168404116875,0.0489793775,-0.20513865,-0.20513865,-0.107179895,0.0023989794202875,1.2666666666666668,0.5714285714285721,5.522574875,0.0536498999999999,5.5628123,5.4555125,5.5628123,0.0028783117700099,1.2666666666666666,-0.5714285714285714,8.150691875,0.014849499999999,8.161829,8.13213,8.161829,0.0002205076502499,1.2666666666666986,-0.5714285714286228,46.833617875,0.9753664999999996,46.102093,46.102093,48.052826,0.9513398093222492,1.2666666666666704,0.5714285714285777,-25.969422,0.445896000000003,-26.303844,-26.303844,-25.412052,0.1988232428160027,1.2666666666666708,0.5714285714285784,12.67313975,0.7969589999999996,13.270859,11.676941,13.270859,0.6351436476809995,1.2666666666666695,-0.5714285714285762,0.051263035,0.0037020799999999,0.048486475,0.048486475,0.055890635,1.3705396326399986e-05,1.266666666666668,0.5714285714285737,0.03355164625,0.0046342629999999,0.030075949,0.030075949,0.039344475,2.1476393553168972e-05,1.2666666666666675,0.5714285714285732,0.0177582605,0.0066584259999999,0.02275208,0.009435228,0.02275208,4.4334636797476e-05,1.2666666666666655,-0.57142857142857,9.847049398683762,0.0431254176866753,9.87939346194877,9.793142626575415,9.87939346194877,0.0018598016506502,1.2666666666666446,-0.5714285714285362,0.0642656603126276,0.0037861634511523,0.0614260377242633,0.0614260377242633,0.068998364626568,1.433503367884173e-05,1.2666666666666635,0.5714285714285661,55.04449710608196,0.4432326922346712,54.71207258690596,54.71207258690596,55.5985379713753,0.1964552194655947,1.2666666666666708,0.5714285714285783,838.0,441.0,212.554773125,-105.01471687499998,-11.550436875000004,98.50210312499996,1005.0,1112.0,62.10335624999993,-36.687293750000094,-2.370493750000037,26.21155624999983,1.20111633052995,1.4542755089631898,2.0705347058823502,1.537999282378089,-0.0185580057824927,-0.0007425728339235,0.0161191658812881,-0.0005860614993842,391.8176087820141,1.0,0.007874016,411.1666328874463,-1.3075306168891945,1.0493827323523812,238.0,1.6462924738740088,0.8400748701337871,3.05842685222542,user
-0.1150304281111111,0.0511748756666666,-0.13208872,-0.13208872,0.021435907,0.0026188678994987,7.124999999999996,2.9999999999999987,5.639109444444444,0.0132526666666668,5.643527,5.603769,5.643527,0.0001756331737777,7.125000000000081,-3.0000000000000284,8.065254222222222,0.0023153333333334,8.066026,8.05908,8.066026,5.360768444445108e-06,7.124999999997316,-2.999999999999013,45.91750355555556,0.3414916666666649,45.803673,45.803673,46.828148,0.1166165584027765,7.125000000000098,3.0000000000000355,-25.681098888888886,0.1518633333333344,-25.73172,-25.73172,-25.27613,0.0230624720111114,7.124999999999889,2.99999999999996,12.124752111111112,0.1133066666666664,12.162521,11.822601,12.162521,0.012838400711111,7.12500000000011,-3.000000000000041,0.014590647,0.000745743,0.014342066,0.014342066,0.016579295,5.56132622049e-07,7.125000000000009,3.000000000000003,0.0750040461111111,0.0370030916666666,0.08733841,-0.023670865,0.08733841,0.0013692287928917,7.125,-3.0,0.0133592592222222,0.0024503003333333,0.014176026,0.006825125,0.014176026,6.003971723533445e-06,7.124999999999991,-2.999999999999996,9.841926485409548,0.0097682576907018,9.845182571306449,9.815877798234345,9.845182571306449,9.541885831195549e-05,7.125000000000001,-3.000000000000001,0.0829760348521771,0.019980563739346,0.0896362227652924,0.0296945315472542,0.0896362227652924,0.000399222927342,7.125000000000001,-3.0000000000000004,53.99117781512659,0.1952186942273845,53.9261049170508,53.9261049170508,54.51176099973294,0.038110338575845,7.124999999999789,2.999999999999922,927.0,555.0,176.79997555555553,-96.93700044444444,-22.37812444444444,96.31267755555557,1022.0,1068.0,21.09713333333343,-14.984946666666607,1.2808333333334758,15.497073333333448,1.8687160756298995,2.630090636402879,3.2398078477411243,1.813067710408509,-0.0552538153670455,-0.0142870749809523,0.0206234923731761,-0.0142870749809523,395.4406861798279,1.0,0.007874016,374.83329627982624,-1.4477649582124037,0.9478875325169996,126.0,3.138418144284348,0.8400748701337871,3.05842685222542,user
0.0203689968181818,0.0108517795334839,0.026705071,0.003472799,0.026705071,0.0001177611190433,2.0416666666666674,-1.189373386913438,5.535312545454546,0.0008949623862078,5.53479,5.53479,5.536706,8.009576727268081e-07,2.0416666666651224,1.189373386912115,8.178942727272728,0.0014545474272713,8.179792,8.176678,8.179792,2.1157082181815817e-06,2.0416666666623886,-1.1893733869097745,46.60254754545454,0.1115110988631762,46.667656,46.428925,46.667656,0.012434725169673,2.041666666666493,-1.189373386913289,-25.45608163636364,0.2981915645779657,-25.630188,-25.630188,-24.991798,0.088918209185455,2.041666666666644,1.189373386913418,11.960780727272727,0.9833132971822454,12.534912,10.429764,12.534912,0.9669050404154188,2.0416666666666647,-1.1893733869134364,0.0033060271636363,0.0056729076062842,0.0066182916,-0.005526678,0.0066182916,3.2181880709438004e-05,2.0416666666666674,-1.1893733869134382,-0.0088770547272727,0.0637953179112587,0.028371386,-0.10820623,0.028371386,0.0040698425873985,2.0416666666666665,-1.1893733869134375,-0.008569154090909,0.0002736940712026,-0.008728957,-0.008728957,-0.008143013,7.49084446114911e-08,2.0416666666667016,1.1893733869134675,9.87599682282364,0.000719455282842,9.876416894207187,9.874876632467512,9.876416894207187,5.176159040093854e-07,2.041666666665706,-1.1893733869126148,0.0517509181270581,0.036545925172834,0.0304126950067151,0.0304126950067151,0.1086528464479728,0.0013356046467383,2.041666666666667,1.1893733869134386,54.43952999784423,0.4431423251921134,54.69826937205074,53.74955833329354,54.69826937205074,0.1963751203766728,2.041666666666686,-1.189373386913454,748.0,441.0,141.00896181818177,-101.90130818181824,17.204011818181698,83.37606181818171,966.0,1054.0,47.46406363636368,-26.50723636363637,-6.409736363636284,30.6043636363637,1.3552701150716242,1.4672948207715109,2.7344728969401064,2.00241379059414,-0.0430623003732921,0.0046104602786004,0.0160871768002533,0.0046104602786004,398.60463112049297,1.0,0.007874016,319.363429340305,-1.2916364529481994,0.8012035094588894,170.0,2.344733124238194,0.8400748701337871,3.05842685222542,user
0.0141614319607843,0.0015915733586989,0.014011152,0.011137058,0.015687708,2.5331057561203965e-06,2.257510165690578,-0.7488778598546869,-0.0607788157058823,0.0013158456270765,-0.06107468,-0.06251173,-0.05891911,1.7314497142965388e-06,1.7496768493707646,0.1674557929285756,9.796701274509804,0.0012042270230909,9.796231,9.795274,9.798866,1.45016272314242e-06,2.229021158535866,0.5832413458777812,48.82479752941177,0.09830516816818,48.845398,48.6802,48.983414,0.0096639060885741,2.1460827961940945,-0.1414791821970773,-9.316380215686277,0.3486106466252746,-9.299671,-9.84169,-8.809654,0.1215293829404921,1.991049944643042,0.1209147822519224,-1.3152038176470588,0.3258499181282025,-1.4329071,-1.6385651,-0.7639618,0.1061781691441563,2.259678687287453,0.9283375274523684,-0.0016120447137254,8.208896023293977e-05,-0.001584888,-0.0016914238,-0.001478354,6.738597392125166e-09,1.58596438053052,0.3433445240963249,0.0032135092196078,0.0007040408929133,0.002749769,0.002483433,0.004241257,4.956735788941816e-07,1.3682327467122912,0.5118466214583065,0.0004278151568627,3.240979902671842e-05,0.00043303752,0.00037977006,0.00048630452,1.050395072952278e-09,2.6973843780279587,0.0454669441530183,9.796900257017946,0.0012074220682307,9.796420742856366,9.795474422609322,9.7990662056614,1.457868050850661e-06,2.210452729816743,0.5829728903966105,0.0036380539833653,0.0006114242644818,0.0032572481511692,0.0029497163598855,0.0045177741837698,3.738396311972169e-07,1.386267661060171,0.4624567949401872,49.72530331695487,0.1128361327274968,49.79131066876986,49.56641393504376,49.85729791559815,0.0127319928488972,1.4433649690286785,-0.2899895462912201,176.0,97.02392,33.99618219607842,-21.55896780392156,4.892422196078428,19.39162219607843,1419.0,650.01196,443.4104115686273,-198.1714884313726,-22.56788843137269,189.94781156862723,0.6112991858463513,0.7646322317992189,1.0008312499999903,0.2558609565259889,-0.0081462462851753,-0.0009770866656613,0.0055812851757091,0.0028878548157674,731.612431144185,1.0,0.007874016,773.0328756755484,-3.039250157071662,1.05661528258423,838.0,0.8730458605539201,0.9276213351542252,-1.797658801873974,user
0.0148064999245283,0.0031717943064951,0.014011152,0.00922099,0.019519836,1.006027912271484e-05,1.751765819127212,0.3351772888441844,-0.0609707373207547,0.0035088910905591,-0.0617932,-0.065146305,-0.054368455,1.2312316685405174e-05,1.3854645131098269,0.056490324000915,9.796309094339623,0.0016574193333917,9.796711,9.793837,9.798628,2.7470388467006773e-06,2.0682673429438188,-0.1352543910122283,49.141405735849055,0.5064321387737963,49.24142,48.432274,49.89386,0.2564735111830017,1.7997918557152774,-0.0586091853094023,-10.102044150943396,0.859977876472734,-9.744583,-11.29483,-9.042717,0.739561948022553,1.5360596192282336,-0.1499046840749008,-1.324129495471698,0.2866490312351092,-1.3552856,-2.149109,-0.35743713,0.0821676671080266,9.126963747572177,0.1410554038050446,-0.0017678063339622,0.0001146790489135,-0.0017446904,-0.0018512248,-0.0013185521,1.3151284259710353e-08,9.745844115954355,2.4656341043801318,0.0028392181226415,0.0002621603408353,0.0028030362,0.0018442234,0.0034422455,6.872804430689832e-08,9.832452870379084,-1.3926495268030188,0.0004430876373584,0.0001279682604467,0.00048630452,0.00021996768,0.000539572,1.6375875681779897e-08,2.331107958126059,-1.0611913723280229,9.796511138573663,0.0016566086686754,9.796888809139324,9.794067407779988,9.79885611444346,2.744352281130586e-06,2.0611387093339606,-0.0872443062653365,0.0033785460520221,0.0002563061273648,0.0033454587837166,0.0022986875687239,0.0038142427823811,6.569283092477241e-08,12.920112413380949,-2.5948877633323044,50.19516273704258,0.4352522739274275,50.53921887032067,49.54061656863337,50.775801956419954,0.1894445419589964,1.4562078128883431,-0.3065948096220948,188.0,94.0,41.63260281132074,-32.58790718867926,6.825392811320739,27.519362811320747,1451.0,704.0,457.92379075471695,-194.114929245283,-29.112259245282985,163.76597075471705,0.4953691633286775,0.7069324328527751,1.3108061374754212,0.1197594444444444,-0.012505457822222,-0.0014744881787035,0.0062277242874794,0.0026560889243795,818.7901459299591,1.0,0.007874016,752.8910943821822,-3.016413936000341,0.9195165551572064,865.0,0.946578203387236,0.9276213351542252,-1.797658801873974,user
0.0164297129411764,0.0022382170127452,0.017364265,0.011376564,0.018082788,5.009615396142061e-06,3.841746190195855,-1.4999919781743616,-0.0587735214509803,0.0009215012526835,-0.05844009,-0.060595654,-0.05796107,8.491645586972974e-07,2.485442938984696,-0.9071923659724282,9.795480588235293,0.001726606766771,9.795274,9.792879,9.79743,2.981170927059463e-06,1.726832771401918,-0.415326465107779,49.42781780392157,0.6050652183871414,49.595757,48.61735,50.460228,0.3661039185018792,2.194469290572314,0.2421939182533278,-9.17325449019608,0.4131970135970188,-9.167267,-10.073845,-8.767212,0.1707317720454949,3.494515924539318,-1.2084592675689845,-1.0783508792156862,0.6813747436066647,-1.3785858,-2.103012,-0.34077454,0.464271541225048,1.4386484239605282,-0.2037788248689494,-0.0016047329980392,2.6010095628317063e-05,-0.0015848889,-0.0016381559,-0.001584888,6.765250745941982e-10,1.277960526743269,-0.5433323610006451,0.002997305517647,0.0005176347285763,0.0029095712,0.0025899664,0.004187989,2.6794571222829584e-07,4.15453884836884,1.5700391097862367,0.0004810823356862,6.143538498878706e-05,0.00048630452,0.00037977006,0.000539572,3.774306528720482e-09,2.128905175937346,-0.7786940883443357,9.795670980803427,0.00172558239678,9.795468033461605,9.793070067139809,9.797614005226649,2.97763460807725e-06,1.7255239271870886,-0.4178958256407314,0.003440927141332,0.0004710359926333,0.0033568758297554,0.0030751078049143,0.0045292322263281,2.218749063560556e-07,4.21798509021943,1.601233631198377,50.289458306238295,0.6163779756239862,50.47340978546041,49.47630287043463,51.25935305421901,0.3799218088343233,1.8344170128457489,0.1342920247283095,218.0,118.86279,51.53797880392159,-27.13406119607842,0.3244888039215823,23.7448388039216,1460.0,731.0,441.99944098039214,-200.01835901960783,-33.38159901960785,175.13394098039225,0.5515320442561835,0.6978444988528881,1.0550763605091311,0.0674397500000001,-0.0105464472541747,-0.0012968960687767,0.0058826798066063,0.0005744718709173,713.1873839509702,1.0,0.007874016,735.7099879752783,-3.0064310999354897,1.03158020533052,835.0,0.8541166274861919,0.9276213351542252,-1.797658801873974,user
0.0160528590983606,0.0035239997206353,0.015927216,0.0113765625,0.021196391,1.2418574031038024e-05,1.6475769350138885,0.1498240636264179,-0.059244992262295,0.0013682249112921,-0.059877135,-0.06083517,-0.056763537,1.8720394078803952e-06,2.5366223021872507,0.9116715527753544,9.79464544262295,0.0015701737326871,9.795034,9.79216,9.796472,2.465445550820749e-06,1.7505285180278982,-0.4587729892678819,49.00624696721312,0.8256301851440286,49.063934,47.723526,50.544315,0.6816652026209631,2.31607570499441,-0.0323777224354839,-9.105234393442624,0.553856921906319,-9.258156,-9.757843,-8.338249,0.3067574899435423,1.4546170680630188,0.3138784296817782,-1.105015729180328,0.4128875100200418,-1.0613861,-1.7368317,-0.5055084,0.1704760959305502,1.9587137444604443,-0.0339190285631199,-0.0017150007163934,0.0001902082022475,-0.0017979578,-0.0019577597,-0.0012120181,3.6179160202256374e-08,3.230795115595296,0.7123269884446627,0.0032885556803278,0.0007470803332986,0.003016106,0.0018442231,0.004294524,5.581290244016623e-07,1.7775338199489386,0.2119670720564315,0.000423431452459,9.045446111431932e-05,0.0003797696,0.00032650214,0.00059283944,8.182009535481906e-09,2.7499209512183627,1.094265053587911,9.794838491032433,0.0015705034446266,9.795224152511569,9.792366007451276,9.79666749414653,2.466481069584073e-06,1.7300812891096236,-0.4460243667421695,0.0037476249029296,0.0007007793453633,0.0035379469681088,0.0022392792738703,0.0047349745911255,4.910916908878693e-07,2.1606413324651266,0.0534225675606739,49.86191345020633,0.8241463294386301,49.8553642838319,48.690950114137145,51.37166459432214,0.6792171723271669,2.136364782455547,0.2346193006770901,208.0,96.0,48.05629590163937,-33.35833409836063,4.573765901639376,28.440395901639363,1458.0,681.0,469.4554140983606,-213.3876859016393,-37.82998590163936,203.63651409836064,0.4811826614453341,0.6942656144805097,1.0020271125526805,0.1954281042511461,-0.0081278977600531,-0.0014225882562997,0.0050942770688763,-0.0111505736402806,847.0458292957121,1.0,0.007874016,785.0305726530655,-2.998434565606144,0.926786421114652,997.0,0.8495946131351174,0.9276213351542252,-1.797658801873974,user
0.0145368248961038,0.0020147761243332,0.014729674,0.009939515,0.017603772,4.059322831183225e-06,3.2154037593584825,-0.4985375630581938,-0.0601912948051948,0.0024158721220331,-0.06035615,-0.06370927,-0.05652402,5.836438110016942e-06,1.8038398799969704,0.0786169148472036,9.79528003896104,0.0018665631409062,9.795513,9.79216,9.800543,3.484057958989768e-06,3.011394555453602,0.0937090940947603,49.246196597402594,0.6144641537609707,49.331795,47.97807,50.125374,0.3775661962571859,3.140545259791212,-0.6752683550097291,-9.387533792207792,0.5275829385280857,-9.482422,-10.367012,-8.692284,0.2783437570259298,1.990704434143799,-0.1790482416917277,-0.8828489553246752,0.4987701129615078,-0.7399292,-1.91362,-0.37113953,0.2487716255836352,2.736034843255521,-0.9742281639551734,-0.0015226279935064,0.0001696393742648,-0.001584888,-0.0019044937,-0.0012652841,2.8777517300980346e-08,2.834191824682529,-0.3788370102538011,0.0033301764428571,0.000678730945709,0.0031759082,0.0016311541,0.004720663,4.6067569666310405e-07,3.509380192622484,1.0053324703961184,0.0004821538553246,5.021234081868046e-05,0.00048630452,0.00037977006,0.000539572,2.5212791704913242e-09,1.3292214744840165,0.0616602320124985,9.795476258948565,0.0018612733249757,9.79570701410078,9.792369446183676,9.80076038812339,3.4643383902661472e-06,3.0137075228185184,0.0937763155709307,0.0037106405684182,0.0006019813344144,0.0035757214604474,0.0020990075869639,0.0049204430993266,3.623815269833548e-07,3.4536433004740275,0.9403019739549172,50.14656683603565,0.5584891178002093,50.11611594497599,49.10424426269002,51.0573886838831,0.3119100947012559,2.7934910064934173,-0.1437924503011954,191.0,90.0,50.12722622077922,-24.007222979220785,-3.0269937792207884,28.712186220779216,1435.0,643.0,515.0338392207794,-169.8358487792207,-77.9823607792207,199.1372392207794,0.1815619355707665,0.57722894929406,0.9580344713914438,0.1513705566213316,-0.0074405192381402,-0.0007487162769655,0.0056377880624493,0.0195380375395746,873.0917402322551,1.0,0.007874016,798.4140529825361,-3.014752034210208,0.9144675366762104,1300.0,0.6716090309478886,0.9276213351542252,-1.797658801873974,user
0.0165812567307692,0.0019756820047046,0.018322296,0.014490167,0.018561805,3.9033193837136414e-06,1.0284632954668071,-0.1593857003134097,-0.062290637576923,0.0023534482037307,-0.062272213,-0.06394877,-0.056284517,5.538718447643284e-06,5.406614060600092,1.9940764781629383,9.794177538461538,0.0012800123196515,9.793597,9.792879,9.795513,1.6384315384597376e-06,1.0814381319807815,0.0807550167313023,49.31568,0.3855335416147327,49.3631,49.007805,50.254875,0.1486361117099988,4.581514239063003,1.6376432933517509,-9.718908961538462,0.4631477135105369,-10.079174,-10.155113,-9.228989,0.2145058045300383,1.030768044348448,0.1560809541362721,-1.257963903846154,0.2757517913418014,-1.0853729,-1.5335846,-0.7883148,0.0760390504282123,1.6185863294646397,0.2398712543608646,-0.0016709363846153,0.0002098910123385,-0.0015316214,-0.0019044937,-0.0013718195,4.4054237060520515e-08,1.3132422440296865,-0.1284534299121429,0.0036860467423076,0.0014079678002647,0.0027497692,0.0016844212,0.0052533383,1.982373326582473e-06,1.3099970975280926,0.1310542799405974,0.00040230624,2.683786922257429e-05,0.00037977006,0.0003797696,0.00043303752,7.202712244080003e-10,1.0969696970319132,0.3307984422082832,9.794390119361138,0.0012739662882602,9.793776324067636,9.793104934613751,9.79572165420295,1.622990103623472e-06,1.0763921026870078,0.0898179156820383,0.00408891291111,0.0013570640217164,0.0031703816906926,0.0022053091548973,0.0056046570850779,1.841622759037128e-06,1.280153542933876,0.1553195332455354,50.28286014801276,0.3708262421459815,50.24183278203014,50.06065626110836,51.261717197259394,0.1375121018641101,6.118193131478864,2.2877966478462053,204.0,150.62245,30.395439615384618,-15.604560384615382,-4.2000503846153805,18.02969961538463,1473.0,1045.0,261.19306538461547,-119.59663461538456,-25.432884615384523,128.20536538461533,0.1860271104305005,0.960606307589432,1.4839707596350766,0.0786922005166034,-0.0218269266974076,-0.0020612675451103,0.0097701936068676,-0.0131827002062625,395.99823919364746,1.0,0.007874016,431.3156185950174,-3.017519365576188,1.089185698081095,436.0,0.9082528421872648,0.9276213351542252,-1.797658801873974,user
0.0159087926538461,0.0026728807730972,0.016885247,0.011855582,0.018561805,7.144291627192935e-06,1.6355573565558144,-0.6107905154578209,-0.058292697,0.0034633876987151,-0.05700304,-0.06394877,-0.054368455,1.1995054351611758e-05,2.117839391207958,-0.6767248748003226,9.795927942307692,0.0036691308591146,9.796231,9.7885685,9.800064,1.3462521261307289e-05,2.451774422940194,-0.685055732282544,49.39015169230769,0.445538781532947,49.429348,48.73289,49.922157,0.1985048058498631,1.7478260830887795,-0.2544412824278307,-9.674622461538462,0.62955058082265,-9.359634,-10.803993,-9.226372,0.396333933814136,2.579896976189749,-1.2593568121724468,-1.3728097573076925,0.3922338226708912,-1.2675323,-1.8245239,-0.69563293,0.1538473716470201,1.741961398834814,0.3238986440742893,-0.0017815681730769,0.0003456212109244,-0.0015848889,-0.0023838999,-0.001478354,1.194540214408577e-07,2.388712366271862,-1.0695864227078504,0.0024363110192307,0.000462531791055,0.0024301647,0.0018442234,0.003069373,2.1393565773657105e-07,1.6154409903044458,0.0058197925916752,0.0003736235707692,0.0001494223908556,0.00048630452,0.00016669976,0.000539572,2.2327050889029272e-08,1.3517265712664803,-0.2873253350974594,9.796115261707966,0.0036593508578394,9.796413918097931,9.78874382872691,9.800232388754868,1.3390848700770356e-05,2.479065676317237,-0.6966709319707147,0.0030594535480993,0.0004924165759609,0.0029510520810134,0.0024540776425086,0.0035699192903548,2.4247408428112533e-07,1.2637012408301862,-0.1640865561353661,50.353578164780906,0.3519184019808611,50.33563033584793,49.9322287768901,50.80370287439875,0.123846561652763,1.4391945484241289,0.2118551157868672,173.0,85.57114,49.25720248076927,-23.205813519230738,9.257202480769266,9.410610480769256,1585.0,905.4289,425.1641001923076,-188.6077678076924,-35.236799807692364,161.7397001923076,0.4808069409207089,0.658763693400551,0.9998598403365236,0.0729494117647057,-0.0090454512087675,-0.0019059522885163,0.0052962504340338,-0.0251759811148214,692.3125456873645,1.0,0.007874016,685.1720116263576,-3.013642491981379,0.9896859675510902,859.0,0.8059517411960005,0.9276213351542252,-1.797658801873974,user
0.0168536155094339,0.0021272585351801,0.0154482,0.014729676,0.019998854,4.52522887549665e-06,1.5113935510300474,0.4260971654062442,-0.0603787438490566,0.0014364830123025,-0.06011664,-0.06275123,-0.058679592,2.0634834446338973e-06,1.912242853204922,-0.5350005642104038,9.795373245283018,0.0011026396982101,9.795513,9.792879,9.79695,1.215814304068908e-06,2.4600273623487205,-0.14827185192131,49.18752005660377,0.2890602026087471,49.217873,48.811806,50.022156,0.0835558007322099,3.629525804875736,0.6564148308297731,-9.15277837735849,0.6388537996593597,-9.222794,-10.379292,-8.208496,0.4081341773392013,2.2285484967970617,0.08313109360558,-1.0361374264150942,0.6415348831241878,-1.3877106,-1.9862366,-0.34510803,0.4115670062651653,1.2583914696299272,-0.0332151385330212,-0.001664287,0.0003181707026118,-0.0017446904,-0.0019044927,-0.0011054822,1.0123259600049347e-07,2.393150376746543,1.0908946826177903,0.0025929817547169,0.0005087194008859,0.0029095705,0.001737689,0.0032824434,2.587954288378087e-07,2.2441678280858848,-0.797002992072546,0.0004491181335849,7.130129064945725e-05,0.00048630452,0.00037977006,0.00053957244,5.083874048278379e-09,1.234957448186396,0.1680073743142197,9.795574159146543,0.0011065743073854,9.795711233325862,9.793091488490608,9.79715632831814,1.2245066977656165e-06,2.4378669705395923,-0.1449308765432957,0.0031191391082219,0.0005749292014853,0.0034981306775613,0.0021161630469815,0.0037562637299901,3.3054358672062485e-07,2.374256784167681,-1.031723315641771,50.0506320574198,0.2846684855488203,49.9241330502095,49.79268053364915,50.782298737932365,0.0810361466646589,3.098316944084116,1.1524998900643,256.0,89.86988,96.01860907547167,-55.57744492452831,3.323609075471694,43.530361075471696,1652.0,928.0,442.9543313207548,-203.0197926792452,-14.68816867924511,167.28953132075492,0.4554349275825954,0.7243240811197429,1.0321933604218338,0.1273380236732544,-0.010282886628029,-0.001653492744808,0.0052159021304174,-0.0401907477526353,714.8315170464201,1.0,0.007874016,742.8157354090006,-2.91603577817516,1.0391479917928177,871.0,0.8207020861612171,0.9276213351542252,-1.797658801873974,user
0.0165416063043478,0.0035494811433183,0.018801311,0.011855578,0.020717377,1.2598816386772389e-05,1.327416076108799,-0.1097276762640834,-0.0599292020869565,0.0039648560074625,-0.061553694,-0.064427786,-0.052931406,1.5720083159912064e-05,2.234001716180599,0.6153656298271626,9.796710869565215,0.0015546814265822,9.797429,9.794316,9.798388,2.4170343381597823e-06,1.91645577153579,-0.6415874425941195,49.42906673913044,0.5824577677009115,49.354332,48.712395,50.487377,0.339257051155129,2.605642973647018,0.5956233105791066,-9.400785695652177,0.3568300923748124,-9.433815,-9.78603,-8.657845,0.1273277148242171,1.9116236326161904,0.6074511724364221,-0.954181844347826,0.5009748163144585,-0.8909149,-1.5727692,-0.25480652,0.2509757665813055,1.5965639019238016,0.2728546381106577,-0.0015455169217391,0.0002425301516594,-0.001584888,-0.0018512262,-0.0010522148,5.882087446394665e-08,3.349428417731056,1.3141020542559834,0.0028632520347826,0.0007535328072699,0.0032824434,0.0012582829,0.0033357108,5.678116916320867e-07,3.799776246117085,-1.686103800429331,0.0004284052269565,8.084347569488745e-05,0.00048630452,0.00027323468,0.00048630452,6.535667562429858e-09,2.724624294681414,-1.202419667968973,9.796909550311526,0.0015421862472352,9.797611883995392,9.79454981391052,9.798599376700954,2.378338421161425e-06,1.8989151847395125,-0.6056502973876072,0.0032902359688259,0.0007593765293896,0.0036773355480456,0.0016628556858988,0.0038289174230097,5.766527133878746e-07,3.8833725860342048,-1.731960796319779,50.3272139847566,0.6325064138191038,50.2664295891954,49.52828212770135,51.4510954446793,0.4000643635223033,2.505848839134777,0.4825746474003613,217.0,100.49181,68.71669869565216,-35.335371304347845,-7.614606304347845,33.18088869565216,1650.0,962.0,459.44722065217366,-173.70897934782636,-54.54667934782629,156.3039206521737,0.3900814308426324,0.7214805377860518,1.2518850828944803,0.1097505882352938,-0.0105259471064285,-0.0020225389760645,0.003623724440221,-0.0216454680003268,676.2886671131354,1.0,0.007874016,697.7952123202596,-2.973840820627451,1.0318008363187998,753.0,0.8981257199377628,0.9276213351542252,-1.797658801873974,user
0.017250212095238,0.0017948400707392,0.01664574,0.015687708,0.019998852,3.22145087953112e-06,1.8414591719395712,0.8542541094083415,-0.0611202978095238,0.0012797043466374,-0.06083517,-0.06346976,-0.05963763,1.6376432148027e-06,2.7218988866188134,-0.8661505930173314,9.796882428571427,0.0012870358295259,9.796473,9.795274,9.798626,1.6564612264836576e-06,1.5087564475225168,0.0296260800635632,48.60953471428572,0.3093326983443408,48.518715,48.21708,49.007965,0.0956867182649909,1.606499510996494,0.0305375716697124,-9.923442904761904,0.8691789680816908,-10.488876,-10.954147,-8.816704,0.7554720785555529,1.3539469667005688,0.1565282428172867,-1.0973372735714286,1.06774189550983,-0.14595032,-2.3560028,-0.035476685,1.1400727554269248,1.047405759550471,-0.1166282144012238,-0.0017269349619047,8.207258514720873e-05,-0.0016914238,-0.0018512248,-0.0016381559,6.735909232745828e-09,1.869863013718813,-0.7623749862297343,0.0030871294190476,0.0009600159179338,0.0025899664,0.0025899664,0.0050402684,9.21630562686315e-07,3.472200744750088,1.6263257920437004,0.0004863048504761,0.0001256137762894,0.00037977006,0.00037977006,0.0006993748,1.577882079368438e-08,1.948759055317653,0.6796109388399283,9.797088512422878,0.0012882396534615,9.796682301254812,9.7954785453055,9.798844115633882,1.6595614047508334e-06,1.5200352950742293,0.0342856577114686,0.0035978768296945,0.0008624516503945,0.0031165791699887,0.0031165791699887,0.0053457446074067,7.438228492682538e-07,3.4286198298503057,1.5966022156925668,49.64217889134807,0.409414796610839,49.73992662181975,49.06126775538237,50.1180452001124,0.1676204756838947,1.7632252700117177,-0.3916827591446307,221.0,80.80753,84.76194464285715,-38.61488735714285,-8.505625357142854,37.88316664285716,1612.0,928.0,433.5358707142857,-172.21002728571423,-37.06772928571422,158.90933071428583,0.4944794436215186,0.7382524447075982,1.5512332270366462,0.1440901690362304,-0.0120854955681016,-0.0025135611335978,0.0034957926774453,-0.0122941315640603,672.2749538811813,1.0,0.007874016,698.2191122023952,-2.939432682322142,1.0385915884139858,687.0,0.9785661628547035,0.9276213351542252,-1.797658801873974,user
0.0170449200833333,0.0008943270416228,0.017124757,0.0152086895,0.01784328,7.998208573778074e-07,3.3575688091373337,-1.3124443066015867,-0.0597972988333333,0.0034769332075312,-0.0586795935,-0.064427786,-0.056284517,1.2089064529633858e-05,1.4848178189491097,-0.4644126914707474,9.799385333333332,0.0019407341762475,9.800543,9.795752,9.800783,3.7664491428551338e-06,2.364798693391166,-1.0584500636579937,48.794211,0.4341938831167498,48.620014,48.379585,49.383034,0.1885243281360017,1.4967610042878672,0.5637693024688885,-9.8375905,0.5376806130592766,-10.0505025,-10.547966,-9.129288,0.2891004416597996,1.6262751065684964,0.3562096707602691,-1.132929475,0.5333323647519581,-1.144882175,-1.6993103,-0.25746155,0.2844434112919156,1.7748931645935937,0.3872958218549504,-0.00161152215,2.7011552558250836e-05,-0.00161152215,-0.0016381559,-0.0015848884,7.29623971607147e-10,0.9999999999999994,0.0,0.0033623446499999,0.0011074722350291,0.0033623446499999,0.0022703623,0.004454327,1.226494751360424e-06,1.0000000000000004,0.0,0.0004863047599999,5.402284142837402e-05,0.00048630476,0.00043303752,0.000539572,2.918467395995244e-09,0.999999999999999,0.0,9.799583239534108,0.001945947535951,9.80077101135921,9.79593986352186,9.80095957634992,3.786711812673888e-06,2.3637275394068022,-1.0609522737419586,0.0037957639836656,0.0009764688242223,0.0037957639836656,0.0028329527386975,0.0047585752286338,9.534913646781828e-07,1.0000000000000004,0.0,49.79391858223549,0.500266785700387,49.70344310230475,49.240771610001,50.43754103440074,0.2502668568749969,1.4941252088469836,0.2789817116437856,218.0,85.52062,75.12438363888884,-41.32744636111116,-6.192876361111161,38.21346363888884,1605.0,941.0,434.3799758333332,-173.97549416666675,-71.3055741666667,169.85507583333333,0.4338875222239148,0.8156299284292692,1.5803091209510018,0.2085100601107565,-0.0116132949633435,-0.0015638028302365,0.0045306348077169,0.0334934176782004,656.970861795768,1.0,0.007874016,677.0869856415676,-2.9446614266752733,1.0306195069151378,589.0,1.115400444474988,0.9276213351542252,-1.797658801873974,user
0.0164588069268292,0.0007135416158373,0.016645739,0.015687708,0.017364265,5.091416375318171e-07,1.3929067077109152,0.0862462454342328,-0.0585802893658536,0.0014239898755737,-0.05963763,-0.059877135,-0.056524027,2.0277471657365324e-06,1.6067630492294775,0.6221766675655913,9.796634585365853,0.0017851372072703,9.795274,9.795034,9.798866,3.1867148487808915e-06,1.1372723933839637,0.3572136631822901,48.88128234146341,0.3956888447458845,49.078117,48.02585,49.106415,0.1565696618563327,3.9679662116041934,-1.7616989658245137,-9.770983902439024,0.5800480128244467,-10.216904,-10.269066,-8.930592,0.3364556971815894,1.6116259386541494,0.6401892054184917,-0.9523609385365852,0.7873258282439567,-1.2337494,-1.7065887,0.21972656,0.6198819598200325,1.7780157332109063,0.7395704390157565,-0.0014510708902439,6.203079531256143e-05,-0.001478354,-0.0015316219,-0.0013718195,3.847819567108892e-09,1.5649805802100625,0.0688987494269422,0.0025276052463414,0.0004221087746268,0.002909571,0.0019507583,0.0029095719,1.781758176169962e-07,1.1732366326601007,-0.2429702761746306,0.0005070918414634,9.813210862473928e-05,0.00053957244,0.0003797696,0.00064610643,9.629910743137632e-09,1.6436897418861312,0.2212202911904665,9.796823679519015,0.0017877888214347,9.79546969076087,9.795212480823643,9.799052823322135,3.1961888700472065e-06,1.1371807846028552,0.3555344320787702,0.0029647225285403,0.0003907172367259,0.0032922112703607,0.0024455172104455,0.0033509592365047,1.5265995907479494e-07,1.145955871920897,-0.2120468583631562,49.86657148385597,0.4170553062066858,50.14547669723467,49.01612210966015,50.16913384169344,0.1739351284351524,3.238021397894045,-1.3612192257845357,218.0,73.0,78.3229668292683,-46.20664317073171,4.130276829268297,39.065356829268296,1644.0,977.0,398.38616560975606,-206.3494343902439,-15.74973439024393,188.797765609756,0.5207135679077538,0.9117226408892352,1.3236701287962815,0.1479744370703846,-0.0126568111996405,-0.0023755380798156,0.0083758870757043,0.0063101264166696,664.6876416073128,1.0,0.007874016,682.5789331645095,-2.927531970025972,1.026916840990052,665.0,0.9995302881312974,0.9276213351542252,-1.797658801873974,user
0.0134014963636363,0.0006722799123125,0.013771646,0.012574104,0.014490168,4.5196028049890885e-07,1.6567649226998944,-0.2313779794192336,-0.0598335918181818,0.0013978053028455,-0.06107468,-0.06107468,-0.05796107,1.9538596646632038e-06,1.0875582802785362,0.2270708509608437,9.792138636363635,0.001650611677255,9.791442,9.791442,9.797189,2.7245189090908424e-06,8.763413997383761,2.952582315893536,49.24139963636364,0.6574487648315461,49.8199,48.46943,49.8199,0.4322388783785257,1.128997129058095,-0.2708872131851896,-9.59793190909091,0.3179054764100726,-9.314606,-9.946754,-9.314606,0.1010638919315152,1.0403315917385991,-0.2008343683216227,-1.5833712363636363,0.0240660731751358,-1.6048126,-1.6048126,-1.556839,0.0005791758780709,1.0432631264354597,0.2028321352394633,-0.0016429994545454,0.0003671787172125,-0.00137182,-0.0021175635,-0.00137182,1.3482021037387881e-07,1.3214285714285707,-0.6093028803476956,0.0025754402363636,0.0014949422682528,0.0014713522,0.0014713522,0.0045075943,2.234852385409069e-06,1.3214285714285705,0.6093028803476962,0.000539572,0.0,0.000539572,0.000539572,0.000539572,0.0,0.0,0.0,9.792330725761348,0.0016462758031921,9.791642161258482,9.791642161258482,9.797371165385398,2.710224020176025e-06,8.785997583609332,2.959680211679829,0.0031469781743247,0.0014409529753471,0.0020827638733252,0.0020827638733252,0.0050093532010738,2.0763454771616707e-06,1.321428571428572,0.6093028803476971,50.19487701424431,0.5850594009828052,50.70857663577587,49.50401304271541,50.70857663577587,0.3422945026783588,1.1405558520620247,-0.2814443621567266,212.0,136.0,41.36546545454547,-25.77565054545453,-0.2070195454545285,24.07582345454547,1619.0,1239.0,231.57942727272712,-116.36813272727296,-23.644672727272905,121.83166727272716,0.3954904715477088,1.0038694173802196,1.6510097193293902,0.1881417647058821,-0.0183655590161965,-0.002118454333291,0.0153044981733093,-0.0116912740091618,368.5187826259635,1.0,0.007874016,387.52548303305167,-2.944197093739912,1.051575933990804,343.0,1.0743987831660744,0.9276213351542252,-1.797658801873974,user
0.0119582264285714,0.0012572949838759,0.010897548,0.010897548,0.013532137,1.580790676479558e-06,1.1055452440285505,0.3234684320348395,-0.0573109738571428,0.0023856503343889,-0.058919095,-0.058919095,-0.053649925,5.691327517970218e-06,1.880169527100649,0.986631601993694,9.795513,0.0016064360631529,9.796231,9.7931185,9.79743,2.580636824998264e-06,1.8994756025724688,-0.7571575177215196,49.50329085714285,0.2283604063576447,49.662254,49.15483,49.662254,0.0521484751918286,1.856555893927304,-0.9512525300629092,-9.282135285714284,0.6921679494278925,-8.701134,-10.141846,-8.701134,0.4790964702152136,1.1541077006124,-0.3536213405685023,-0.5163269,0.7463245648368493,0.10694885,-1.4681854,0.10694885,0.5570003560789124,1.2011709079472157,-0.3832909623323866,-0.0014555249571428,0.0001232903480001,-0.001425086,-0.0017446917,-0.0013718195,1.5200509910006552e-08,4.835308193042718,-2.025272358292681,0.0037998985571428,0.0007772561187979,0.004454327,0.0028563042,0.004454327,6.041270742088436e-07,1.1237386350851604,-0.3350833259696277,0.0004406467685714,8.470302845722138e-05,0.00043303706,0.00027323514,0.000539572,7.1746030298248545e-09,2.9895092400544345,-0.7522858271997536,9.795688305014938,0.0016184482318081,9.79641424306205,9.793274476060288,9.797612210735783,2.619374679042881e-06,1.8986237471540248,-0.7617085702220089,0.0041080930524134,0.0007041316138307,0.0046967457058753,0.0032142651363417,0.0046967457058753,4.958013295959533e-07,1.1918443160476349,-0.3773253916931682,50.37880139000642,0.1178587322968371,50.41885206252705,50.21165124734884,50.55289898523909,0.0138906807786175,2.032658369885448,-0.3854462631974785,301.0,172.48776,77.87227904761903,-33.93338095238096,-11.435140952380948,37.48909904761905,1132.0,726.0,271.6806357142856,-103.07126428571428,-50.03906428571429,102.17423571428571,0.4792635404299689,0.9620802941739778,2.4838042137134964,0.2202129390437035,-0.0152760656892094,-0.0053728099428713,0.003843894233344,0.003843894233344,539.0576695519811,1.0,0.007874016,425.8537258611431,-2.8350381770569077,0.7899965994641658,347.0,1.5534803157117612,0.9276213351542252,-1.797658801873974,user
0.0166457404,0.0042133916957946,0.019998852,0.011616073,0.019998852,1.775266958219142e-05,1.1666666666666683,-0.4421235698634597,-0.064379886,0.0009630590634256,-0.06514631,-0.06514631,-0.06323025,9.274827596463016e-07,1.166666666666638,0.4421235698633988,9.789525800000002,0.0006021443785604,9.790005,9.788807,9.790005,3.6257785263199764e-07,1.1666666666597476,-0.4421235698496896,49.2859924,0.3145470545929434,49.536316,48.910507,49.536316,0.0989398495530961,1.1666666666667274,-0.4421235698635767,-9.2445694,0.1371315967837582,-9.135437,-9.408268,-9.135437,0.0188050748364632,1.166666666666689,-0.4421235698634998,-0.769229112,0.2022202224918218,-0.9301605,-0.9301605,-0.52783203,0.0408930183846419,1.1666666666666676,0.4421235698634584,-0.0013185518599999,0.0001338675017847,-0.0012120171,-0.001478354,-0.0012120171,1.7920508034090953e-08,1.166666666666665,-0.4421235698634541,0.0032291764,0.0005354702081888,0.0028030372,0.0028030372,0.0038683852,2.867283438578527e-07,1.1666666666666674,0.4421235698634591,0.000560878976,2.677353051443209e-05,0.000539572,0.000539572,0.00059283944,7.168219362072262e-10,1.1666666666666738,0.4421235698634701,9.789752548979465,0.000615248568244,9.790242177587483,9.78901810606743,9.790242177587483,3.785308007263083e-07,1.1666666666695686,-0.4421235698692306,0.0035340775899853,0.0005439982910625,0.0031011515503857,0.0031011515503857,0.0041834666493847,2.959341406790225e-07,1.1666666666666663,0.4421235698634548,50.15212336282908,0.2866355034234311,50.3802343244708,49.8099569203665,50.3802343244708,0.0821599118228037,1.1666666666666667,-0.4421235698634564,427.0,303.0636,79.91521900000004,-27.32928499999997,-20.912935999999945,32.355307000000025,1281.0,840.0,287.37400600000024,-115.64380399999982,-61.65965399999976,122.93138600000024,0.2586086246911518,0.9935252575687034,2.232935935553544,0.1615043673386106,-0.0256760576360987,-0.0066742536102485,0.0047538531399564,-0.0259352483339217,433.0214560271591,1.0,0.007874016,458.0843058269514,-2.8676245270073792,1.0578790021855646,339.0,1.277349427808729,0.9276213351542252,-1.797658801873974,user
0.5664562666666667,0.0726410671208878,0.6252355,0.48416534,0.6252355,0.0052767246324613,1.114285714285712,-0.3884033249820847,5.40308075,0.0023434402886273,5.404977,5.400426,5.404977,5.491712386361896e-06,1.1142857142862497,-0.388403324983454,8.163385,0.0451386455067249,8.19991,8.11225,8.19991,0.0020374973181817,1.1142857142857323,-0.3884033249821369,48.092274,0.0,48.092274,48.092274,48.092274,0.0,0.0,0.0,-23.78926,0.0,-23.78926,-23.78926,-23.78926,0.0,0.0,0.0,8.966995,0.0,8.966995,8.966995,8.966995,0.0,0.0,0.0,0.034530416,0.0,0.034530416,0.034530416,0.034530416,0.0,0.0,0.0,0.13304186,0.0,0.13304186,0.13304186,0.13304186,0.0,0.0,0.0,0.015347911,0.0,0.015347911,0.015347911,0.015347911,0.0,0.0,0.0,9.806121854318228,0.0429739931295082,9.840895274775017,9.757439065678724,9.840895274775017,0.001846764085495,1.1142857142856997,-0.3884033249820526,0.1383041738829909,0.0,0.1383041738829909,0.1383041738829909,0.1383041738829909,0.0,0.0,0.0,54.39855429300214,0.0,54.398554293002135,54.398554293002135,54.398554293002135,0.0,0.0,0.0,772.0,155.43863,315.1766341666667,-179.6064838333333,-13.179995833333294,175.60946216666673,888.0,845.0,31.43148833333328,-11.272791666666716,-7.175241666666693,10.880328333333326,2.362399440008135,3.0003532479218853,3.52057527867323,3.0064194117647056,-0.0388503122920525,0.001696149897954,0.0189621746257707,0.0118236393690059,589.2704151404416,1.0,0.007874016,618.05899635575,-1.6404252218164783,1.048854618313813,190.0,3.101423237581272,0.7787305191625321,-1.3537347183823432,user
0.3677165693333333,0.1309786318850937,0.48608145,0.23244242,0.48608145,0.0171554020104909,1.017857142857142,-0.148960897931053,5.401576033333333,0.0920187277203217,5.484733,5.3065395,5.484733,0.0084674462512667,1.0178571428571372,-0.1489608979310255,8.226335866666666,0.2139689035356931,8.032973,8.032973,8.447322,0.0457826916802667,1.017857142857144,0.1489608979310622,47.0428788,0.6858232433663942,46.423103,46.423103,47.751194,0.4703535211416003,1.0178571428571488,0.148960897931095,-23.7647304,0.4745551002174564,-24.193584,-24.193584,-23.274612,0.2252025431424001,1.0178571428571386,0.1489608979310285,8.71831172,0.8710274479500261,7.9311676,7.9311676,9.617905,0.7586888150823353,1.0178571428571412,0.148960897931045,-0.12063753,0.0,-0.12063753,-0.12063753,-0.12063753,0.0,0.0,0.0,0.15999515,0.0,0.15999515,0.15999515,0.15999515,0.0,0.0,0.0,0.027865754,0.0,0.027865754,0.027865754,0.027865754,0.0,0.0,0.0,9.85074632781855,0.1237055809096937,9.738954075056114,9.738954075056114,9.978508902404192,0.0153030707482047,1.017857142857152,0.1489608979311107,0.202307592329136,0.0,0.202307592329136,0.202307592329136,0.202307592329136,0.0,0.0,0.0,53.4311957379731,0.5362900878216658,52.94655246957024,52.94655246957024,53.98507375900495,0.28760705829577,1.0178571428571317,0.1489608979309811,737.0,212.33177,269.50513933333343,-145.20981666666657,-15.662710666666555,149.33633933333346,945.0,887.7548,26.679135333333534,-7.555904666666423,-0.3208646666664663,8.10322333333357,1.6394784467850485,2.026226641819506,2.569256834723773,1.810874521287748,-0.0233326327045703,0.0037392727399683,0.023234680414411,0.0231423374280353,507.1998482943391,1.0,0.007874016,527.7819289198645,-1.679473865113093,1.0405798240964403,233.0,2.176823383237507,0.7787305191625321,-1.3537347183823432,user
-0.4515548219607843,0.0512088278019134,-0.44201207,-0.5399708,-0.3864462,0.002622344044846,2.014830810992773,-0.4570044244015018,4.930440941176471,0.007277378262566,4.932188,4.920931,4.939373,5.2960234376469344e-05,1.4255705261746066,-0.1878979535276445,8.481886725490197,0.0334040453850001,8.493547,8.405887,8.506721,0.0011158302480831,4.429479943972372,-1.8654778763910416,48.77962411764706,0.4977401925887674,48.594,48.28877,49.867046,0.2477452993183032,3.87663816607824,1.547216325230366,-22.92998,0.6283540995926437,-23.012428,-23.784927,-21.928299,0.3948288744748819,1.956236925937418,0.1148985194760762,10.470876411764705,0.4867088632544997,10.705231,9.307327,10.8146515,0.2368855175704873,4.735101866771801,-1.870665482873692,-0.0186899949474509,0.050928191632962,0.0012382832,-0.13523282,0.012744041,0.0025936807030037,4.512941827736897,-1.917255634325204,0.0438836970784313,0.0611330484512468,0.0242698,0.0050402675,0.18188806,0.0037372496129424,4.303050707687481,1.806049148075776,0.0048249866490196,0.0049087504576011,0.005173836,-0.0030293441,0.011139786,2.409583105499917e-05,1.769237413063382,-0.2093197525845528,9.821326885687292,0.0286914607320719,9.83488695115077,9.756639117953355,9.840737843509473,0.00082319991894,4.277641465550618,-1.8006662013225023,0.0535942919826512,0.0759577108220027,0.0267665055673453,0.0088740518822333,0.2267111610721247,0.0057695738333189,4.4483427584326165,1.8840361195421331,54.9143898631036,0.387176132103251,54.94414214245323,54.38224869026368,55.53853851935581,0.149905357270434,1.8649446713290212,0.1509385592171269,815.0,930.0,43.72772254901952,-32.30957745098044,9.179562549019463,28.669322549019512,1815.0,1426.0,241.6912627450979,-90.08313725490189,-37.61393725490189,99.89076274509809,0.149700000000002,0.3741358183248772,0.7412927155381198,0.2056533333333315,-0.0066405167171035,-0.0007753906250002,0.003781086933637,-0.0046374694813951,384.6711448300238,1.0,0.007874016,405.642699921988,2.8541500052018463,1.0545181393869063,836.0,0.4601329483612725,0.7787305191625321,-1.3537347183823432,user
0.2328416233333333,0.082750015,0.2880083,0.12250827,0.2880083,0.0068475649825002,1.4999999999999996,-0.8571428571428571,5.229976400000001,0.0077838000000001,5.2351656,5.219598,5.2351656,6.058754244000253e-05,1.499999999999886,-0.8571428571427105,8.348086666666667,0.0088614999999997,8.342179,8.342179,8.359902,7.852618224999641e-05,1.4999999999997995,0.8571428571425995,45.871802,0.1298310000000003,45.785248,45.785248,46.04491,0.016856088561,1.4999999999998357,0.857142857142646,-26.983253666666663,0.1134910000000012,-26.907593,-27.134575,-26.907593,0.0128802070810002,1.499999999999906,-0.8571428571427363,11.666366666666669,0.9616240000000004,11.025284,11.025284,12.948532,0.9247207173760006,1.499999999999998,0.8571428571428548,-0.095015925,0.0568895925,-0.13294232,-0.13294232,-0.019163135,0.003236425734816,1.5000000000000009,0.8571428571428572,0.0129771103333333,0.010307243,0.006105615,0.006105615,0.026720101,0.000106239258261,1.5000000000000004,0.8571428571428578,-0.0099008408333333,0.0055131782499999,-0.013576293,-0.013576293,-0.0025499365,3.039513441627305e-05,1.5000000000000004,0.8571428571428577,9.854117276596911,0.0016569530431299,9.853012641234823,9.853012641234823,9.856326547321084,2.7454933871375404e-06,1.5000000000010718,0.8571428571442355,0.1001754881608694,0.0503964874449051,0.1337731464574728,0.0329801715676625,0.1337731464574728,0.0025398059467844,1.4999999999999998,-0.8571428571428564,54.48985969513189,0.3763550616892246,54.23895632067241,54.23895632067241,54.99166644405086,0.1416431324591,1.5,0.8571428571428571,603.0,957.0,150.83919666666668,-129.24946333333332,17.29164666666668,122.75132666666664,1279.0,1257.0,10.34558888888887,-8.727831111111163,-1.5362111111112426,10.34558888888887,1.5776235568702104,3.2287002125468387,3.586621068307036,1.8307023716332085,-0.0627767362985145,-0.016483783990397,0.0671894450130864,0.0246976241289537,664.4514222202718,1.0,0.007874016,354.682957019364,1.6328633956868233,0.5337981756953533,123.0,5.40204408309164,0.7787305191625321,-1.3537347183823432,user
0.0022752553,0.0,0.0022752553,0.0022752553,0.0022752553,0.0,0.0,0.0,5.270852,0.0,5.270852,5.270852,5.270852,0.0,0.0,0.0,8.375231,0.0,8.375231,8.375231,8.375231,0.0,0.0,0.0,46.71096,0.0,46.71096,46.71096,46.71096,0.0,0.0,0.0,-25.505608,0.0,-25.505608,-25.505608,-25.505608,0.0,0.0,0.0,10.618286,0.0,10.618286,10.618286,10.618286,0.0,0.0,0.0,-0.0101609419999999,0.0,-0.010160942,-0.010160942,-0.010160942,0.0,0.0,0.0,0.006105613,0.0,0.006105613,0.006105613,0.006105613,0.0,0.0,0.0,-0.03530939,0.0,-0.03530939,-0.03530939,-0.03530939,0.0,0.0,0.0,9.895775880953028,0.0,9.895775880953028,9.895775880953028,9.895775880953028,0.0,0.0,0.0,0.0372461578502432,0.0,0.0372461578502432,0.0372461578502432,0.0372461578502432,0.0,0.0,0.0,54.26967681080347,0.0,54.26967681080348,54.26967681080348,54.26967681080348,0.0,0.0,0.0,469.0,860.0,175.38198714285704,-123.60024685714296,1.3802871428570145,124.19693514285709,1385.0,1282.0,47.04752857142853,-36.86655142857139,5.190828571428483,35.885008571428635,2.990355148679173,4.095575658769964,4.696892087831742,3.907354889181743,-0.0796770013971698,0.0118236803991277,0.0690535132847277,0.0312745204903598,823.3910405248198,1.0,0.007874016,404.33896670986337,1.8283718040970205,0.4910655409271182,99.0,8.317081217422421,0.7787305191625321,-1.3537347183823432,user
-0.358184275,0.0371570988070595,-0.38548818,-0.38548818,-0.3045345,0.0013806499917575,1.6385432889240048,0.7777816947597778,5.00313065,0.0061872643221462,5.007394,4.9884725,5.007394,3.828223979210344e-05,3.680112910573916,-1.3970586397627105,8.4319934,0.0171596511999887,8.423131,8.423131,8.480135,0.0002944536293052,6.9117076625748926,2.48632984693682,48.1222941,0.6658500000199864,47.65841,47.65841,49.104485,0.4433562225266159,1.7308257336902573,0.8871781453835061,-24.0105862,0.0667788100929593,-23.958874,-24.129253,-23.958874,0.0044594094774315,1.6220946976734474,-0.6374086027118295,10.6156324,0.3274957989905568,10.811386,10.129623,10.899139,0.1072534983564632,1.7593312249610975,-0.921018173193901,0.0306472229,0.0151807335212413,0.033624873,-0.013090648,0.039271213,0.0002304546702429,7.670662346702271,-2.7276082832163926,0.0690197516,0.0334642454638674,0.09458278,0.005626211,0.09458278,0.0011198557244659,1.8678798525999132,-0.7349683873862027,0.0124821237499999,0.0065974573770136,0.016306723,0.0027235355,0.018810293,4.3526443841511886e-05,1.76004002043598,-0.8955699222948564,9.81119895244698,0.0115987994548794,9.806718699509878,9.806718699509878,9.84498820813853,0.0001345321487945,7.995541214886863,2.8483605097572475,0.0800077179181327,0.0286850752661546,0.101697805147374,0.0235975939032409,0.101697805147374,0.0008228335430249,2.0535875363082776,-0.8067720410187706,54.81968585366674,0.5471927838751729,54.42644352074617,54.42644352074617,55.61869373496989,0.2994199427250617,1.6885153229156336,0.8319138311253,787.0,928.0,82.25751449999984,-40.23717750000012,-3.864890500000115,36.88167449999982,1750.0,1296.0,217.85984499999967,-128.2074550000002,-0.2031050000002778,132.14268499999983,1.2838219724832998,1.4320046625528635,1.7947802864033124,1.8290181628825708,-0.0163133619857496,0.0005343070198157,0.0160783122427563,-0.0131464067280986,529.0082734993478,1.0,0.007874016,475.3914176760031,2.840464591037002,0.8986464701796185,309.0,1.7120008851111577,0.7787305191625321,-1.3537347183823432,user
-0.3147534983333333,0.0275956038809876,-0.32656923,-0.32656923,-0.25567484,0.0007615173535563,4.200000000000015,2.055237212586428,4.997693333333333,0.0008390661620174,4.9980526,4.995897,4.9980526,7.040320242426688e-07,4.199999999997364,-2.055237212585151,8.502848333333334,0.0252646262348739,8.513666,8.44876,8.513666,0.0006383013387878,4.19999999999965,-2.055237212586252,48.65553166666666,0.199657731714384,48.74102,48.22809,48.74102,0.0398632098333329,4.199999999999823,-2.055237212586335,-23.906882166666666,0.3158109419316998,-23.77166,-24.582993,-23.77166,0.0997365510437875,4.200000000000026,-2.0552372125864333,10.334904666666668,0.0067947387846415,10.337814,10.320358,10.337814,4.616847515151166e-05,4.199999999998046,-2.0552372125854794,0.0320268471666666,0.0171680102831518,0.03937775,-0.004727667,0.03937775,0.0002947405770824,4.2,-2.055237212586421,0.0354470784499999,0.0180595832017318,0.04317973,-0.0032161793,0.04317973,0.0003261485454202,4.199999999999998,-2.05523721258642,0.0054756832499999,0.0104086216953413,0.0010189777,0.0010189777,0.027759211,0.0001083394055967,4.199999999999998,2.0552372125864204,9.867889193009526,0.0229992587255551,9.877736887258417,9.818650721765083,9.877736887258417,0.000528965901925,4.199999999999424,-2.055237212586143,0.0534300886232016,0.0117186346213551,0.0584477081970584,0.0283419907539177,0.0584477081970584,0.0001373263973888,4.200000000000001,-2.055237212586421,55.18909939504658,0.0383462438848578,55.20551827575389,55.107004991510045,55.20551827575389,0.0014704344200769,4.200000000000231,-2.055237212586532,804.0,894.0,52.70339333333322,-30.19562866666679,-3.913881666666782,27.11073333333325,1769.0,1376.0,183.5066416666666,-127.75611833333336,5.682291666666515,121.73830166666664,1.823572222072198,2.110101246356825,2.5749282991943936,1.9444493942277896,-0.0242806231674811,-0.0052319260794536,0.0348289042399651,-0.0010206253616393,506.3312298299462,1.0,0.007874016,403.17365985391456,2.916466977426869,0.7962646506898703,188.0,2.693251222499714,0.7787305191625321,-1.3537347183823432,user
-0.3215027323076923,0.0322156772590794,-0.34213728,-0.34213728,-0.275075,0.0010378498612611,1.6944444444444526,0.9462118179391604,5.00492476923077,0.0178337927455802,4.993502,4.993502,5.030626,0.0003180441636923,1.6944444444443911,0.9462118179390968,8.487836923076923,0.0276139399955338,8.505524,8.448041,8.505524,0.0007625296820769,1.6944444444440498,-0.9462118179387472,46.71429292307692,1.2644136958931105,45.90442,45.90442,48.536507,1.598741994362075,1.69444444444446,0.946211817939168,-24.22935061538461,0.5411655857802871,-24.575974,-24.575974,-23.449448,0.2928601912329212,1.6944444444444209,0.9462118179391272,10.228127307692308,0.3252649561330444,10.019791,10.019791,10.696884,0.1057972916882313,1.694444444444444,0.9462118179391504,-0.0109763411538461,0.0106193659336653,-0.017778179,-0.017778179,0.004327794,0.000112770932833,1.6944444444444462,0.9462118179391524,-0.014484284,0.0054504219230701,-0.01099322,-0.022339178,-0.01099322,2.9707099139484005e-05,1.694444444444445,-0.946211817939152,0.0061285501384615,0.0092375680368184,0.012045329,-0.0071842023,0.012045329,8.533266323484916e-05,1.6944444444444449,-0.9462118179391514,9.858891401843842,0.0156948496994997,9.868944151070355,9.836272716084178,9.868944151070355,0.0002463283070898,1.6944444444439326,-0.9462118179386269,0.0240438293578916,0.0001263671679228,0.0241247691230959,0.0238617148861821,0.0241247691230959,1.5968661128838694e-08,1.694444444444422,-0.9462118179391288,53.61856672279119,0.9275911202464252,53.024432908506974,53.024432908506974,54.95536780493066,0.8604252863600178,1.6944444444444653,0.946211817939172,775.0,941.0,89.81950538461558,-48.3507746153844,-10.632294615384469,53.46966738461563,1732.0,1301.0,209.78086153846152,-129.33623846153844,-3.134938461538468,130.56068153846164,1.740753734850949,2.1287192248498545,2.7680290266323087,2.1287192248498545,-0.0280828681536479,0.004553249897315,0.0207267457000222,0.004553249897315,555.7954997558107,1.0,0.007874016,461.8625336612616,2.773952474398883,0.8309936547960199,208.0,2.672093748826013,0.7787305191625321,-1.3537347183823432,user
-0.274955255,0.0177986953440608,-0.274955255,-0.29184058,-0.25806993,0.0003167935559506,1.0000000000000002,0.0,4.967156149999999,0.020954463982712,4.967156149999999,4.947277,4.9870353,0.0004390895608027,0.9999999999999998,0.0,8.483488249999999,0.016157394181493,8.48348825,8.46816,8.4988165,0.0002610613867361,0.9999999999999996,0.0,47.95093,0.4966357065294475,47.95093,47.47978,48.42208,0.2466470250000035,1.0000000000000002,-5.372017774540148e-14,-23.3165605,0.4508453989639294,-23.3165605,-23.74427,-22.888851,0.2032615737669447,1.0000000000000002,0.0,10.0401305,0.2505435696912046,10.0401305,9.802444,10.277817,0.0627720803136114,1.0,0.0,-0.017138971,0.0,-0.017138971,-0.017138971,-0.017138971,0.0,0.0,0.0,0.022298906,0.0,0.022298906,0.022298906,0.022298906,0.0,0.0,0.0,0.011352856,0.0,0.011352856,0.011352856,0.011352856,0.0,0.0,0.0,9.834567677569092,0.0028565693126202,9.83456767756909,9.831857697972485,9.837277657165698,8.15998823780378e-06,1.0,0.0,0.0303294061117657,0.0,0.0303294061117657,0.0303294061117657,0.0303294061117657,0.0,0.0,0.0,54.25781005524051,0.5862901184614823,54.25781005524051,53.70160641204404,54.81401369843697,0.3437361030055789,1.0000000000000002,-2.2648097236771863e-14,769.0,912.0,80.50092299999994,-42.12603700000002,-10.94920200000007,46.15788299999991,1756.0,1313.0,204.07722999999987,-133.18008999999998,3.328830000000039,130.57146999999992,2.692062795132516,2.9548074032176723,3.458297395943568,3.457144691378516,-0.0148279778435596,0.0073792739738624,0.0168226287277958,0.0039840225356478,604.1032953482724,1.0,0.007874016,465.5083243079548,2.829352682000164,0.7705773629981342,148.0,4.081779022623462,0.7787305191625321,-1.3537347183823432,user
-0.2222501811111111,0.0041946854057372,-0.22477832,-0.22477832,-0.21567702,1.7595385653104662e-05,1.98461538461541,1.0848608560193895,5.0218571222222215,0.0005520523638364,5.0215244,5.0215244,5.0227222,3.0476181241745944e-07,1.9846153846117336,1.084860856016352,8.426457944444444,0.0293627517512995,8.408761,8.408761,8.47247,0.0008621711904084,1.9846153846154944,1.0848608560194593,47.0704655,0.1449600648114736,47.157833,46.84331,47.157833,0.0210134203901466,1.984615384615163,-1.084860856019185,-23.67338505555556,1.123000699343372,-22.996552,-25.433151,-22.996552,1.261130570725702,1.984615384615384,-1.084860856019368,9.817347,0.2714864292188468,9.980972,9.391922,9.980972,0.0737048812499999,1.984615384615392,-1.0848608560193735,0.0134779491166666,0.024108431975292,-0.0010522143,-0.0010522143,0.051256374,0.0005812164923072,1.984615384615385,1.084860856019368,0.0213992789444444,0.0111458547268149,0.014681667,0.014681667,0.03886507,0.0001242300775912,1.984615384615384,1.0848608560193678,0.0107373204444444,0.0066776926827108,0.014761969,0.0002732342,0.014761969,4.459157956473044e-05,1.9846153846153824,-1.0848608560193664,9.811924311555796,0.0254157006926985,9.796606256661455,9.796606256661455,9.851751254281083,0.0006459578417008,1.9846153846157164,1.0848608560196435,0.0329239903572293,0.0200390522248404,0.0208464440514197,0.0208464440514197,0.0643256107523343,0.0004015636140698,1.984615384615385,1.0848608560193689,53.60611688941864,0.3301451018379313,53.40713827953504,53.40713827953504,54.12346127511604,0.108995788267578,1.9846153846153745,1.0848608560193602,787.0,897.0,62.890266111111146,-29.8038878888889,-4.1026338888888745,27.98252611111115,1756.0,1379.0,172.83856111111095,-97.87171888888896,4.066561111111014,96.038421111111,1.071162483046451,1.31835341273816,1.6752023519249146,2.124886626098357,-0.0104167694360555,0.0016091078953203,0.0184003280103653,0.0035004399831734,496.1885313202733,1.0,0.007874016,392.7200020370748,2.857696690643785,0.7914733558877582,274.0,1.8109070486141363,0.7787305191625321,-1.3537347183823432,user
-0.2236491957142857,0.0035728357446813,-0.22621536,-0.22621536,-0.2190301,1.276515525847256e-05,1.3555555555555288,0.6703601390665566,4.999541642857143,0.0055974887447184,5.003562,4.992305,5.003562,3.133188024724979e-05,1.3555555555558638,-0.6703601390670297,8.452882642857144,0.0110751414063348,8.444928,8.444928,8.467201,0.0001226587571703,1.3555555555553285,0.6703601390662728,48.03527728571429,0.0799580159126098,47.977848,47.977848,48.13865,0.0063932843086811,1.35555555555554,0.6703601390665713,-23.875449214285712,0.4038371579048208,-23.585396,-24.397545,-23.585396,0.1630844501046432,1.355555555555588,-0.6703601390666398,9.888925785714289,0.5026546881738052,10.249954,9.239075,10.249954,0.2526617355431054,1.3555555555555685,-0.6703601390666121,0.0085587472142857,0.0139851160398455,0.018603459,-0.009521734,0.018603459,0.0001955834706479,1.3555555555555556,-0.6703601390665928,0.0254188548571428,0.0075222969059905,0.030821692,0.015693748,0.030821692,5.658495074187429e-05,1.355555555555555,-0.6703601390665933,0.0085639259357142,0.0099855828380855,0.0013918509,0.0013918509,0.021473661,9.971186461626808e-05,1.3555555555555556,0.6703601390665931,9.823277198986554,0.0066035305474384,9.818534259355006,9.818534259355006,9.83181449032334,4.360661569095338e-05,1.3555555555555558,0.6703601390665935,0.0332500972765681,0.0038673628789458,0.0360278036165872,0.0282502258645339,0.0360278036165872,1.495649563744812e-05,1.355555555555552,-0.6703601390665886,54.54891895419637,0.1581329127667461,54.435341095560666,54.435341095560666,54.75335909974063,0.0250060181000953,1.3555555555558894,0.6703601390670654,780.0,904.0,72.0748478571428,-31.572052142857206,-12.06216714285722,37.47628785714279,1785.0,1318.0,230.766142857143,-134.51273714285702,-5.390557142857006,136.04544285714303,1.916507716618244,2.1238056887073995,2.396261599922754,2.3766239001581115,-0.0142456810765424,0.0056116571288174,0.0216713989315764,0.0047734564806631,581.7261107346328,1.0,0.007874016,483.1821602667053,2.882056785901476,0.8306007781849755,224.0,2.5969915657796108,0.7787305191625321,-1.3537347183823432,user
-0.18901178,0.0085313477147182,-0.1948398,-0.1948398,-0.17735574,7.278389382942861e-05,1.4999999999999838,0.7882269819968732,4.984001466666666,0.00011705921375,4.9839215,4.9839215,4.9841614,1.3702859523781653e-08,1.4999999999851907,0.7882269819793827,8.496899666666668,0.0203353177700651,8.483008,8.483008,8.524683,0.0004135251488095,1.5000000000000857,0.7882269819969931,48.621043,0.3706570946566209,48.367836,48.367836,49.127457,0.1373866818192872,1.4999999999998694,0.7882269819967374,-22.85847066666667,0.3144486661050396,-23.07328,-23.07328,-22.428852,0.0988779636152386,1.5000000000000224,0.7882269819969183,9.382888666666666,0.5725537414983942,8.99176,8.99176,10.165146,0.3278177869038101,1.500000000000009,0.7882269819969027,0.0153008761,0.0142695141061612,0.02504881,-0.0041949917,0.02504881,0.0002036190328259,1.4999999999999991,-0.788226981996891,0.0339112,0.0336074367746559,0.05686945,-0.0120053,0.05686945,0.0011294598065625,1.4999999999999996,-0.788226981996892,0.0028833377666666,0.00116963253496,0.0036823489,0.0012853155,0.0036823489,1.368040266837038e-06,1.500000000000001,-0.7882269819968941,9.85258697357336,0.0174391037201898,9.84067379775848,9.84067379775848,9.876413325203128,0.0003041223385635,1.5000000000000988,0.7882269819970095,0.0457610351104793,0.0241382480613525,0.0622505977412259,0.0127819098489861,0.0622505977412259,0.0005826550194713,1.5000000000000009,-0.7882269819968938,54.54352875604374,0.3000912954833693,54.33852737403633,54.33852737403633,54.95353152005856,0.0900547856248868,1.500000000000115,0.7882269819970287,792.0,895.4358,57.41371000000004,-29.454043999999907,-4.360889999999927,29.946156000000077,1745.0,1378.2737,170.33148666666648,-116.9473733333336,4.573786666666365,112.44664666666657,1.376861382884347,1.536684727814711,1.7933470362426591,1.409981785202241,-0.0138089980931786,0.0021695981225827,0.0147047838462211,0.0134634582913023,470.75128659173095,1.0,0.007874016,381.03430794789335,2.866682365221388,0.8094174541860646,234.0,2.011757635007397,0.7787305191625321,-1.3537347183823432,user
-0.162793644,0.0246404380134405,-0.17448163,-0.17448163,-0.1160417,0.0006071511854942,3.250000000000003,1.778781183844716,5.0238716,0.0044432109310466,5.021764,5.021764,5.032302,1.9742123377772264e-05,3.2500000000005067,1.7787811838450134,8.4434906,0.0095935071469079,8.43894,8.43894,8.461693,9.20353793777736e-05,3.25,1.7787811838447132,48.1449116,0.2615802349529583,48.26899,47.648598,48.26899,0.0684242193180449,3.2499999999999662,-1.7787811838446934,-22.9483522,0.6056398391124705,-22.661072,-24.097473,-22.661072,0.3667996147201792,3.250000000000022,-1.7787811838447265,10.478982599999998,0.1401766008459024,10.412491,10.412491,10.744949,0.0196494794247114,3.249999999999967,1.778781183844694,0.0368209156,0.0232455961281462,0.04784727,-0.007284502,0.04784727,0.0005403577393528,3.25,-1.778781183844713,0.0431690708,0.0330379363317632,0.05884034,-0.019516006,0.05884034,0.0010915052370616,3.249999999999999,-1.7787811838447132,0.0143038698,0.0185964741197126,0.023124952,-0.020980459,0.023124952,0.0003458288496851,3.25,-1.7787811838447134,9.826437575582457,0.0101513601905049,9.821622362649842,9.821622362649842,9.84569842731291,0.0001030501137173,3.2499999999993348,1.7787811838443195,0.0693421018866909,0.0209641159030948,0.0792862551945216,0.0295654886553684,0.0792862551945216,0.0004394941555983,3.25,-1.778781183844713,54.35784144374121,0.056936195955597,54.33083423466241,54.33083423466241,54.46587028005643,0.0032417304098941,3.2500000000007887,1.7787811838451808,783.0,874.0,47.71170800000005,-22.417425999999978,-5.87719199999998,24.5281,1753.0,1370.0,173.85861,-117.55497000000004,0.8963600000000724,119.5823499999999,2.3810401517758764,2.563476899349179,2.8162877910426083,2.5172715946115938,-0.0228787293711455,0.0036602565714548,0.0270078003812455,0.0092237897162366,473.6395332920383,1.0,0.007874016,393.6622918187618,2.9083201716741267,0.8311432305546932,147.0,3.222037641442437,0.7787305191625321,-1.3537347183823432,user
-0.0535301014545454,0.0132921525385218,-0.06311042,-0.06311042,-0.036764544,0.0001766813191073,1.3214285714285718,0.6606874726434108,4.9818098,0.0113587240221776,4.973623,4.973623,4.9961367,0.0001290206114119,1.3214285714282503,0.6606874726429146,8.458666181818181,0.0360099658589621,8.432712,8.432712,8.504086,0.0012967176411636,1.321428571428625,0.660687472643492,47.3515710909091,0.2264514961484941,47.514786,47.065945,47.514786,0.0512802801078914,1.3214285714286325,-0.660687472643504,-24.08514336363636,0.5326724276940314,-24.469067,-24.469067,-23.413277,0.2837399152254531,1.3214285714285663,0.6606874726434029,9.641752454545456,0.6555913619294201,9.169235,9.169235,10.468658,0.4298000338364719,1.321428571428574,0.6606874726434137,0.006550497090909,0.0105886468610388,0.014182264,-0.006805095,0.014182264,0.0001121194423477,1.3214285714285714,-0.6606874726434099,0.0239356719090909,0.041924587363285,0.054152817,-0.028944332,0.054152817,0.0017576710255817,1.3214285714285718,-0.6606874726434099,0.005193206,0.0112067656391948,0.013270482,-0.008942027,0.013270482,0.0001255915960918,1.3214285714285718,-0.6606874726434099,9.816850739905094,0.0367266751634628,9.79037998987708,9.79037998987708,9.863174552454112,0.0013488486685625,1.3214285714286138,0.6606874726434745,0.0479009452997944,0.0133606031610011,0.0575305996293581,0.0310490502230579,0.0575305996293581,0.0001785057168257,1.3214285714285718,-0.6606874726434107,53.99845781694352,0.3157777400219249,54.22605461364039,53.60016342272399,54.22605461364039,0.0997155810933543,1.3214285714285174,-0.6606874726433273,755.0,872.8128,68.34765454545447,-34.339845454545525,-8.950645454545565,35.9729545454544,1755.0,1376.697,177.9139909090909,-109.99510909090918,-3.491509090909176,112.3753909090908,2.071578416199507,2.326315774493284,2.4579511894576718,2.071578416199507,-0.0144244348744179,-7.837289996945329e-05,0.0173188751129461,0.002945286325264,490.7417634481278,1.0,0.007874016,396.2234415741201,2.83968795446656,0.8073970285107016,169.0,2.9037974168528278,0.7787305191625321,-1.3537347183823432,user
-0.0255076699999999,0.0,-0.02550767,-0.02550767,-0.02550767,0.0,0.0,0.0,4.9800897,0.0,4.9800897,4.9800897,4.9800897,0.0,0.0,0.0,8.575459,0.0,8.575459,8.575459,8.575459,0.0,0.0,0.0,47.430702,0.0,47.430702,47.430702,47.430702,0.0,0.0,0.0,-23.581863,0.0,-23.581863,-23.581863,-23.581863,0.0,0.0,0.0,9.945694,0.0,9.945694,9.945694,9.945694,0.0,0.0,0.0,0.009388199,0.0,0.009388199,0.009388199,0.009388199,0.0,0.0,0.0,0.043978743,0.0,0.043978743,0.043978743,0.043978743,0.0,0.0,0.0,0.009541764,0.0,0.009541764,0.009541764,0.009541764,0.0,0.0,0.0,9.916674902504164,0.0,9.916674902504164,9.916674902504164,9.916674902504164,0.0,0.0,0.0,0.0459707882959966,0.0,0.0459707882959966,0.0459707882959966,0.0459707882959966,0.0,0.0,0.0,53.89520000802676,0.0,53.89520000802676,53.89520000802676,53.89520000802676,0.0,0.0,0.0,768.0,906.0,79.74029636363639,-34.90290363636359,-20.27110363636359,46.59689636363635,1727.0,1304.0,208.19219090909087,-130.05180909090905,-0.7545090909090959,119.8795909090909,2.3144939695758064,2.889340925619941,3.266660727465498,3.1344578610455054,-0.0339939782793259,-0.0193191345966953,0.0465219744281946,-0.0193191345966953,520.3883567116989,1.0,0.007874016,444.94156919757455,2.826238600439761,0.8550183021179263,155.0,3.35734423684967,0.7787305191625321,-1.3537347183823432,user
-0.13735789,0.0485385478616678,-0.13735789,-0.18478046,-0.08993532,0.0023559906285194,0.9999999999999988,0.0,5.0118247,0.012624967949002,5.0118247,4.99949,5.0241594,0.0001593898157133,0.9999999999999996,0.0,8.473788,0.006251737312824,8.473787999999999,8.46768,8.479896,3.908421942855682e-05,0.9999999999999996,0.0,48.4142175,0.702867534503427,48.4142175,47.72751,49.100925,0.4940227710589261,0.9999999999999992,-6.679105736433608e-14,-23.6815605,0.0623193195640665,-23.6815605,-23.742447,-23.620674,0.0038836975909282,1.0000000000000009,0.0,9.26384,0.2314411986208328,9.26384,9.03772,9.48996,0.0535650284190477,1.0000000000000002,0.0,0.010932948,0.0177192976327949,0.010932948,-0.006378955,0.028244851,0.0003139735085995,1.0,0.0,0.0427003235,0.0219174124209402,0.0427003235,0.021286827,0.06411382,0.0004803729672295,1.0000000000000004,0.0,0.00408185437,0.0035711206324304,0.00408185437,0.00059283944,0.0075708693,1.2752902571370662e-05,1.0000000000000002,0.0,9.846053793537408,0.0003687850118582,9.846053793537408,9.845693487475314,9.8464140995995,1.3600238497126713e-07,1.0000000000000004,0.0,0.0467692410880921,0.0238410532215701,0.0467692410880921,0.0234763313270544,0.0700621508491298,0.0005683958187137,0.9999999999999992,0.0,54.68768317142729,0.6100197385891678,54.687683171427295,54.09168874989924,55.28367759295535,0.3721240814683966,1.0000000000000002,-3.8363549970844614e-14,791.0,919.0,63.81077000000005,-33.686789999999974,-3.286004999999932,33.112452000000054,1715.0,1314.0,197.8514818181818,-109.66591818181828,-9.04921818181822,108.22502181818167,0.9705906704448036,1.1078360397367373,1.2618234984043006,1.1759726916126456,-0.0098938359979905,0.0013904876063618,0.008370492138835,0.0084614590372609,500.8091994058213,1.0,0.007874016,420.9334864322391,2.8326137563459173,0.8405066978235429,350.0,1.4308834268737751,0.7787305191625321,-1.3537347183823432,user
-0.1290230186666666,0.0194048380454293,-0.11771824,-0.16011116,-0.11771824,0.0003765477395693,2.11363636363636,-1.1763539004879051,5.000176533333333,0.0238998589591373,5.0141,4.961887,5.0141,0.0005712032582666,2.113636363636429,-1.1763539004879593,8.4514422,0.0276276748548573,8.435347,8.435347,8.495704,0.0007632884178857,2.113636363635989,1.1763539004876111,47.88037966666666,0.0434370198212588,47.905685,47.81079,47.905685,0.0018867746909524,2.113636363636173,-1.176353900487757,-23.337873666666667,0.2525865334597993,-23.190723,-23.742538,-23.190723,0.0637999568852383,2.113636363636277,-1.1763539004878394,9.576335533333332,0.3324214826253536,9.382675,9.382675,10.108902,0.1105040421108382,2.1136363636363726,1.1763539004879149,0.0029002221333333,0.023846082559963,0.01679236,-0.035303157,0.01679236,0.0005686356534565,2.113636363636364,-1.1763539004879078,0.0215531605333333,0.0486430872867468,0.04989142,-0.056377053,0.04989142,0.002366149940786,2.113636363636364,-1.1763539004879078,0.0087036879333333,0.0113134790688833,0.015294641,-0.009421433,0.015294641,0.000127994808642,2.113636363636364,-1.1763539004879078,9.8207306957157,0.0119434440813052,9.81377274061498,9.81377274061498,9.839865072242686,0.0001426458565232,2.1136363636367967,1.1763539004882508,0.058115455660024,0.0056593529248374,0.0548184566300883,0.0548184566300883,0.0671822029923472,3.20282755278658e-05,2.113636363636365,1.1763539004879089,54.12062250890187,0.1308100728236894,54.04441579606147,54.04441579606147,54.33019096921294,0.0171112751521389,2.1136363636364908,1.1763539004880084,793.0,874.0,41.66522066666664,-22.074799333333385,-4.862919333333366,23.85776866666666,1741.0,1395.0,174.02321333333293,-92.389126666667,-11.159186666666985,89.57365333333304,1.155653446792406,1.3016802585931542,1.7641631698259512,0.9056814622883812,-0.0114510263550056,-0.0062346776149199,0.0053116191207579,-0.0044898212711025,436.76819531019,1.0,0.007874016,355.3547523250533,2.9116299266181014,0.8136003402735921,235.0,1.8585880651497448,0.7787305191625321,-1.3537347183823432,user
-0.155273104,0.0075300759342801,-0.1493333,-0.16418281,-0.1493333,5.670204357602573e-05,1.1666666666666692,-0.4550830602384371,4.9726646,0.0218612670453605,4.989909,4.946798,4.989909,0.0004779149968285,1.166666666666653,-0.4550830602384039,8.473189,0.0133593533044933,8.483727,8.457382,8.483727,0.0001784723207142,1.1666666666663517,-0.4550830602377874,48.031574,0.4319490428949455,48.3723,47.520485,48.3723,0.1865799756578595,1.166666666666656,-0.4550830602384094,-23.0957206,0.0532756506936185,-23.137745,-23.137745,-23.032684,0.0028382949568284,1.1666666666666892,0.455083060238478,9.223007,0.1963031335915381,9.377853,8.990738,9.377853,0.0385349202578572,1.1666666666666423,-0.4550830602383819,0.0090579352,0.0238511550170593,0.02787198,-0.019163132,0.02787198,0.0005688775956477,1.166666666666667,-0.4550830602384319,0.013541744,0.0444609318406095,0.048613,-0.03906514,0.048613,0.0019767744601353,1.1666666666666663,-0.4550830602384318,-0.00496827816,0.0001080460073959,-0.005053506,-0.005053506,-0.0048404364,1.1673939714212536e-08,1.166666666666662,0.4550830602384209,9.825814444088842,0.0224607048636181,9.84353168701655,9.799238579697278,9.84353168701655,0.0005044832629705,1.1666666666666667,-0.4550830602384319,0.0512704853201782,0.0063301115397614,0.0562637446408647,0.0437805963391485,0.0562637446408647,4.00703121058216e-05,1.166666666666665,-0.4550830602384288,54.08826673283206,0.4396758817790044,54.43508774553996,53.56803521377021,54.43508774553996,0.1933148810181451,1.1666666666667276,-0.4550830602385552,763.0,891.0,69.1495726666667,-45.02736733333334,1.1101726666666991,42.43989266666673,1756.0,1327.0,218.02567333333357,-119.08380666666648,-19.16122666666638,131.24143333333353,1.4009791511501066,1.8484095137961305,2.448288293941922,1.8484095137961305,-0.0246480263491303,0.000563598635079,0.0197693053347431,0.0417857420132089,538.7231579585158,1.0,0.007874016,447.6885077819175,2.8516335045476278,0.8310177521947026,231.0,2.332134882937298,0.7787305191625321,-1.3537347183823432,user
-0.1956339842105263,0.0553470302797562,-0.18549901,-0.26741076,-0.07700189,0.0030632937607882,3.305680536911975,0.5503321386143192,4.9619753736842105,0.0065157912833906,4.9628453,4.9539833,4.976736,4.245553604870975e-05,3.75268187019057,0.8725664184044423,8.434842842105263,0.0374862785077758,8.431275,8.403254,8.535222,0.0014052210763625,6.177994170177706,2.19796497896819,48.71955294736842,1.0156147055965916,49.42181,47.13746,49.42181,1.0314732302240517,1.887950274335461,-0.9292905633331552,-23.84928889473684,0.3800648650815189,-23.568527,-24.373737,-23.568527,0.1444493016694331,1.3819524097455864,-0.633154920557768,9.186726789473685,0.1167438386875675,9.100937,9.100937,9.378525,0.0136291238715087,1.4991618530509505,0.6755749359593375,0.0172942014421052,0.0126968047797969,0.026646836,-0.0030763773,0.026646836,0.0001612088516162,1.4558094623996294,-0.6583998112963163,0.0582656147894736,0.0310818143098555,0.07402155,-0.026387502,0.07402155,0.0009660791807923,6.499889345658341,-2.4124157417635184,0.0067690545526315,0.0067367414465961,0.010127705,-0.011658665,0.010127705,4.5383685318286375e-05,6.609879626716818,-2.44971754260184,9.788216659978112,0.0346008003349731,9.78522567343585,9.758490500059867,9.880477979027308,0.0011972153838206,6.088650118714169,2.1569624447768563,0.0675549762223542,0.0174073827099901,0.0793209565107508,0.0290118739255875,0.0793209565107508,0.000303016972812,3.052145140535776,-1.2419918603805853,55.02194248003917,0.7207640573632292,55.50511528592476,53.87768776870605,55.50511528592476,0.5195008263867045,2.004614663108649,-1.0177557967637252,768.0,849.0,31.51800947368417,-24.692170526315817,5.384649473684135,20.51800947368417,1747.0,1438.0,175.9441157894737,-73.84772421052635,-34.641484210526414,78.15575578947374,0.3648928055956708,0.8516795527316547,1.5204887530970137,0.4034982225797265,-0.0145544521442845,-0.003618964382474,0.0131074782698765,0.0099769697787742,389.0423509097664,1.0,0.007874016,319.4401352366355,2.8852249612719936,0.8210934734730866,292.0,1.3323368181841315,0.7787305191625321,-1.3537347183823432,user
0.0162864779791666,0.0019615351215149,0.01640623,0.012095088,0.019280327,3.847620032936802e-06,3.3693451626069946,-0.7688676646819819,-0.0588916581666666,0.0016030465104285,-0.058679592,-0.061074674,-0.05628451,2.569758114597024e-06,1.7633595812876506,0.3416190967800412,9.798030625,0.0017109718152633,9.797429,9.795992,9.800543,2.927424552625503e-06,1.509672239058692,0.2880553625786449,49.24501228124999,0.2167641910981032,49.39189,48.829235,49.457092,0.046986714542415,2.124716711451952,-0.6869497584128973,-9.237014447916666,0.6455291715429292,-8.944714,-10.451736,-8.388588,0.4167079113129004,2.338638234109217,-0.7344433411045718,-1.0923943415,0.526322709877999,-1.1769104,-1.7876434,-0.039108276,0.2770155949333203,2.4400506658268624,0.6957028894527055,-0.001692533184375,0.0001675534753104,-0.0017180569,-0.0019044927,-0.0013718195,2.807416708861209e-08,2.1902646614842656,0.6309869551110956,0.0028951448229166,0.0004414571644545,0.0029628389,0.0018442231,0.0037618498,1.9488442804828162e-07,4.060549855623521,-0.4784675982881912,0.0005589924995833,0.0001551786698229,0.00053957198,0.00037977006,0.0008059093,2.4080419568022405e-08,1.5838772068235007,0.2819915545862253,9.798221469226512,0.0017097084860341,9.797613005209934,9.79617227570346,9.800736311667892,2.9231031072172758e-06,1.5122461411101975,0.2861794948331609,0.0034154679020135,0.0003735004610945,0.0034655273243973,0.0024368319026155,0.0040478217920209,1.39502594437838e-07,4.498872670033822,-1.0236684427180969,50.12273380528304,0.1785450330029648,50.14701756530131,49.81539915769923,50.42282101105847,0.0318783288100298,2.1080081063366056,0.0783785185647877,167.0,18.0,76.42851296875003,-40.12505703124998,7.37494296875002,39.87494296875002,1525.0,530.0,514.7285001041669,-330.0392998958332,20.64515010416676,315.0541001041668,0.4185845264337899,0.5640346252729966,0.8788631680605102,0.685320327478847,-0.0051001349030925,4.8920092881824464e-05,0.0062632007484566,0.0103689019549367,989.328273540908,1.0,0.007874016,1006.0944289677784,-2.9929484424475565,1.0169470092741435,1645.0,0.6014153638546553,0.956121631765004,-1.72870450545778,user
0.0155703029411764,0.0016924741834192,0.016406232,0.012813613,0.017364265,2.864468861540813e-06,2.075578760830895,-0.7196697459127466,-0.0572284574313725,0.0015926214989945,-0.05820058,-0.061793197,-0.05556599,2.536443239059773e-06,2.546241922020785,-0.5099737868186716,9.796259921568629,0.0017383588679336,9.796232,9.793597,9.799106,3.0218915537236787e-06,2.0468564792668245,-0.3472647072266142,49.48940992156863,0.6420347815293467,49.77188,48.533577,50.29373,0.4122086606934358,1.8348808320700585,-0.3196756410353865,-9.650992960784317,0.2819499369505854,-9.446266,-10.073845,-9.308414,0.079495766946439,1.6109502445197392,-0.4708535417254371,-0.9577253808627452,0.6314453167875137,-1.1131134,-1.8343353,0.009857178,0.3987231880928835,1.982151657598548,0.3788383211615411,-0.0017843798372549,0.0003009187824376,-0.0017446904,-0.0020642942,-0.0012120171,9.055211362375673e-08,1.5814539796439622,0.4562958115135465,0.0026599456274509,0.0005312327796738,0.0024301647,0.0018442245,0.005732744,2.822082662000259e-07,23.166772885724345,3.9512016253485007,0.0006669963215686,8.257515990000453e-05,0.00064610736,0.000539572,0.0008059088,6.818657032511318e-09,2.353217614345598,0.8468902098897672,9.796439725668591,0.0017318805758504,9.796420275949544,9.79378354311924,9.79931300884479,2.9994103290081698e-06,2.0549959047070807,-0.3505579411513981,0.0033017706946296,0.0004220733169463,0.0032533775885878,0.0023923161020735,0.0058949804020772,1.7814588487810713e-07,29.95479603854625,4.416862948127291,50.435361578592456,0.6450003634135207,50.78660158488479,49.44431347406538,51.17121427853186,0.4160254688035739,1.829910832926631,-0.5012729147609996,134.0,31.0,55.64028064705883,-23.89721435294117,2.6402806470588303,14.100920647058828,1418.0,658.0,433.4171664705884,-204.88283352941156,-8.79059352941158,185.1809664705884,0.5191492231356587,0.8002588698154649,1.0410476547139729,0.7529449543472567,-0.0091040749266501,-0.0020250598555436,0.0086073968108245,-0.0003445899276856,742.8962038692356,1.0,0.007874016,766.9478469883073,-3.0068870663789613,1.032375509517754,843.0,0.8812529108769106,0.956121631765004,-1.72870450545778,user
0.017463191847826,0.0019689417653916,0.01784328,0.008981483,0.019759344,3.876731675503528e-06,8.502494443448938,-1.813635934357865,-0.058658769,0.0010732800925013,-0.059398115,-0.059637625,-0.057003044,1.1519301569595992e-06,1.8070726544449056,0.7363700813790979,9.800209739130434,0.0009929393723194,9.800064,9.798866,9.801741,9.85928597102186e-07,2.0742034929596262,0.0855790743827068,49.20511593478261,0.7180650646294294,49.843987,48.245033,49.869835,0.5156174370412666,1.3061758461117778,-0.3179347694116013,-9.9055695,0.4878364908315424,-10.1021805,-10.254898,-9.1018715,0.2379844417868335,2.133997249286461,1.0565267139331291,-0.8132732291304348,0.3786536610509082,-0.7822113,-1.2313538,-0.24082947,0.1433785950272561,1.8030344652549903,0.5741022975881791,-0.0017238471804347,0.0001770168148167,-0.0016914234,-0.0020642956,-0.001478354,3.1334952727854955e-08,1.951196167829372,0.0771409977272613,0.0025760712195652,0.0006825651784922,0.0025899666,0.0015778868,0.003548781,4.658952228901749e-07,1.8890444435590432,-0.3325886719687747,0.0006044193326086,2.221408560383865e-05,0.00059283944,0.00059283944,0.00064610736,4.934655992146716e-10,2.87777777791371,1.416950222829216,9.800401097003164,0.0009941736872238,9.800246463146498,9.799059657904442,9.801936561629669,9.883813203682109e-07,2.070634723749671,0.0953875749499255,0.0031763394827929,0.0006157334800296,0.0032081208891302,0.0022420338767622,0.0041560338822952,3.79127718429395e-07,1.948109923595661,-0.5318144267651108,50.20325172488754,0.6677155287429204,50.679840167509866,49.297556882096266,50.91386230439849,0.4458440273244378,1.4096319042513867,-0.3220404214413582,163.0,49.0,66.46139476086955,-28.48502523913045,-7.577265239130448,26.03883476086955,1476.0,680.0,483.7033836956524,-208.1479763043477,-56.787841304347694,201.78098369565225,0.5637735294117661,0.9323800577060212,1.3641768395742562,0.341814248676301,-0.0158157648382897,0.0008052242867564,0.0063053445193744,-0.0009179481651194,785.1715042012233,1.0,0.007874016,804.1218813090463,-2.9993438578815983,1.024135334772626,755.0,1.0399622572201634,0.956121631765004,-1.72870450545778,user
0.0149212828222222,0.0015195938579382,0.014969183,0.012334596,0.017124757,2.3091654930836025e-06,2.0877050176238563,0.2881384935116453,-0.0587328208666666,0.001879581456179,-0.05891911,-0.06346976,-0.05652402,3.53282645041226e-06,4.287814068044812,-1.0699100131641757,9.79825942222222,0.001060750816615,9.798147,9.796711,9.799346,1.1251922949493967e-06,1.7017665176357264,-0.4504047712816119,48.43536848888889,0.3406826762842623,48.52556,47.91102,48.86143,0.1160646859202074,1.943380511234884,-0.677940994871492,-9.221105977777778,0.4130302981547979,-9.049797,-10.101273,-8.758446,0.1705940271938413,2.881925037489156,-0.7885958430362189,-1.111538028888889,0.5179909297276619,-1.4681549,-1.641861,-0.3747406,0.2683146032801276,1.517826457269028,0.4373142560272148,-0.0017707326044444,0.000152627822648,-0.0018512248,-0.0019577597,-0.0015316219,2.3295252246291785e-08,1.4354596260073496,0.0637792439189721,0.0024147766111111,0.0009374995315003,0.002803037,0.0013115495,0.0041347216,8.789053715633628e-07,1.8664508301721363,0.0241524446920898,0.0005372047057777,0.0001333889225907,0.00048630452,0.00043303752,0.0007526418,1.7792604669932445e-08,2.052824435421428,0.988762926279206,9.798447101469405,0.0010636250892299,9.79832147231788,9.796898192360713,9.79953998018399,1.1312983304394222e-06,1.6912853060224171,-0.4424845981417837,0.0030893805200694,0.0007901778306649,0.0034424583312817,0.002142718200339,0.0044360207889772,6.243810040744139e-07,1.6698813933439125,-0.1082390549320644,49.32218665671337,0.341119791165289,49.38404882009172,48.82271830620382,49.9020501225984,0.1163627119246504,2.2745573671721915,-0.2676468742990185,178.0,33.0,81.07029980000002,-39.7867102,-1.4106902000000048,32.03539580000001,1402.0,579.0,474.0304000000001,-215.96816,-20.995149999999967,199.6097800000001,0.7547199398413432,0.9485024706307206,1.3678460471219374,0.8524296017894486,-0.0097721338638965,-0.0011718500100114,0.0071261309864121,0.0027063404039202,815.5592082013977,1.0,0.007874016,835.67577444844,-2.967197731712948,1.024665978931691,732.0,1.1141519237724014,0.956121631765004,-1.72870450545778,user
0.0163953451363636,0.0032582569244606,0.018561803,0.009220991,0.018801313,1.0616238185795853e-05,3.5362450049689618,-1.3998390633254258,-0.0606827547727272,0.0014156216473373,-0.06083517,-0.06203271,-0.057482056,2.00398464841005e-06,3.9854872909056094,1.4122336198694518,9.796612772727274,0.0014800648298769,9.796232,9.794795,9.799345,2.190591900638578e-06,2.3354964830832854,0.4220436226752659,48.81419372727273,0.6497009751714398,48.84385,47.835106,49.605225,0.4221113571387197,1.7981711939689295,-0.6482631562288662,-9.47987118181818,0.5296318189437261,-9.144287,-10.364311,-9.080719,0.2805098636376399,1.6383835847496853,-0.8078294737579413,-1.0462687963636363,0.3916321421347606,-0.77537537,-1.5357208,-0.6285095,0.1533757347530613,1.2162387124281837,-0.2179348245568735,-0.0017834303181818,0.0001079888705108,-0.0017979578,-0.0019577616,-0.001531621,1.1661596154216434e-08,4.5890102650600575,1.574619562367734,0.0027497694590909,0.0003503350152476,0.0029628389,0.0021638284,0.0035487805,1.2273462290858485e-07,2.578496536533139,-0.102764946135062,0.000638843160909,7.136499109411482e-05,0.00069937436,0.000539572,0.00069937436,5.092961953863088e-09,1.3894333051175551,-0.469221373466276,9.796815063369875,0.001469783450183,9.796445987982812,9.79500196525271,9.799517929085184,2.160263390432061e-06,2.3221607483446243,0.4053644833163843,0.0033429672864611,0.0003368134696359,0.0035355609305115,0.0027165188815664,0.0041041597977956,1.1344331332820098e-07,3.045929755536519,-0.3289091315729536,49.74254185296604,0.557935998425412,49.698499721070775,48.93961064061876,50.69723392221701,0.3112925783389613,1.8336651746555277,-0.3805073348967214,145.0,53.0,50.85049306818184,-26.74401893181817,-4.432846931818169,25.55684106818183,1373.0,683.0,418.52199386363645,-220.45606613636352,-16.021436136363548,189.43223386363644,0.4222096386737435,0.954838784770468,1.2890089416822292,0.1906454705882351,-0.0079336597753311,-0.0006087199133343,0.0047125681835892,0.0095473237723168,677.4804131148686,1.0,0.007874016,696.1063137193916,-3.009041121293119,1.0274928990476435,733.0,0.9242570438129176,0.956121631765004,-1.72870450545778,user
0.0131413597368421,0.0013647300218318,0.013292628,0.0094604995,0.01425066,1.8624880324892887e-06,6.334630561457053,-2.2687767006184485,-0.0579988841578947,0.0004873474928235,-0.058200575,-0.058679592,-0.057242543,2.375075787613624e-07,2.168007766863984,0.7692708884567192,9.793937789473684,0.0027204859365553,9.791921,9.791921,9.797908,7.401043730995498e-06,1.343371868988259,0.6128050055115581,48.677105000000005,0.5206641838929301,48.850105,47.908165,49.561455,0.2710911923888909,2.379518194969734,-0.3641809216066718,-8.833334315789473,0.965159482918012,-8.174995,-10.351112,-8.174995,0.9315328274665644,1.945554724410202,-0.971395517112002,-0.1424937968421052,0.7753628879391266,0.37657166,-1.3742218,0.37657166,0.6011876079933025,2.008654272573407,-1.021071740540255,-0.0016633879368421,8.3976495358372e-05,-0.0016914234,-0.0016914234,-0.0014250865,7.052051772674674e-09,7.617647058823511,2.798439564022535,0.0022731670526315,0.0004870635721819,0.0021105614,0.0021105614,0.0036553151,2.3723092334668267e-07,7.617647058823526,2.7984395640225395,0.0005199467552631,0.0001007722421585,0.00048630405,0.00048630405,0.00080590975,1.0155044789662752e-08,7.61764705882353,2.798439564022541,9.794118438552475,0.0027187502230283,9.792102985116657,9.792102985116657,9.798088281498186,7.391602775216873e-06,1.3437881925566326,0.6129777632510782,0.0028803979386969,0.0003963786454976,0.0027480673518463,0.0027480673518463,0.0040052079269265,1.571160306065497e-07,7.617647058823528,2.7984395640225403,49.48817955375127,0.3811225462570206,49.530850063129,49.0329101610272,50.37032997929513,0.1452543952654348,3.963420314301906,1.0117662839740331,277.0,171.86789,69.95594842105265,-28.221837578947344,-20.710421578947347,36.77210242105266,1208.0,740.0,318.40342578947366,-111.04238421052636,-78.59567421052634,127.44741778947368,0.1484966052617575,0.7709800607316007,2.783946972492126,0.0805511764705884,-0.020400473273493,-0.0065124626734508,0.0023295177782061,0.0151964015802322,449.9344712158656,1.0,0.007874016,479.6631740638968,-2.920619690709243,1.066073405684376,340.0,1.3233366800466635,0.956121631765004,-1.72870450545778,user
-0.0412034280333333,0.0320803703063713,-0.020957017,-0.12250841,-0.0123347305,0.0010291501589939,2.1318519658562374,-0.6140332505774796,5.158850076666667,0.0306008975489024,5.1594806,5.0962515,5.1839104,0.0009364149307984,3.3158776872367186,-1.3377023224283018,8.3883147,0.0322044483082373,8.396067,8.317987,8.445646,0.0010371264908379,2.7799115070691487,0.4362247920330805,46.60286513333333,0.1666620224457414,46.53685,46.51772,47.218544,0.0277762297257048,7.445696701703785,2.325149287989167,-25.385628933333336,0.4484227068883787,-25.244347,-25.866695,-24.667805,0.2010829240531008,1.7925202361374597,0.2719269323050244,11.118699033333334,0.458761833016534,10.787308,10.720657,11.6684265,0.2104624194326902,1.1742916938688346,0.4019513421186568,-0.0262459243333333,0.0085512612269878,-0.021240562,-0.03594237,-0.014528869,7.312406857218519e-05,1.3868191654636572,-0.0829618248567265,-0.0117957853,0.0394267060357115,0.004081454,-0.13404094,0.009834334,0.0015544651488264,4.711139187775164,-1.848770268879314,0.0076347895366666,0.0059963490206491,0.0076774033,-0.023111153,0.010447308,3.5956201577440184e-05,24.677107288145173,-4.93499241478853,9.847926654239336,0.0227100955482039,9.864134777319792,9.791128308886448,9.867725861925758,0.0005157484398085,2.054029694781581,-0.6102453133170298,0.0426294300529534,0.0264660753169775,0.0380461641676438,0.0240201162627665,0.138980314812528,0.0007004531426839,7.00863064015937,2.106483597360422,54.22448929550466,0.1118866399773507,54.19711714141916,54.02858257667959,54.49302534577153,0.0125186202054213,3.0153714227316724,-0.2816045487315314,799.0,986.0,113.74727599999994,-43.63506400000008,-10.075824000000068,40.91204399999992,1860.0,1309.0,229.43982666666648,-139.92843333333352,16.347076666666567,133.72168666666653,0.8414227195548818,0.9372029245117808,1.3969753329998853,1.8036150301614369,-0.0075576968292452,0.0002297932115977,0.0129846330892678,0.0107467638031837,545.6884861617178,1.0,0.007874016,581.8676825533448,2.814407370092315,1.066300091185917,482.0,1.132133788717257,0.7196736108856627,-1.3535855712949472,user
0.07507239,0.0114137479779003,0.0662239,0.0662239,0.08897716,0.000130273642903,1.2077922077922076,0.4983739794337409,5.120401666666666,0.0191031241454804,5.105592,5.105592,5.143674,0.0003649293521176,1.207792207792241,0.4983739794338024,8.402867111111112,0.0842218930604911,8.46816,8.300264,8.46816,0.0070933272706928,1.2077922077922738,-0.4983739794338602,47.03938683333334,0.1783765880012573,47.177673,46.82208,47.177673,0.0318182071469702,1.2077922077922745,-0.4983739794338612,-24.520315,0.1297248706151511,-24.419746,-24.678352,-24.419746,0.0168285420561177,1.2077922077922594,-0.4983739794338339,10.7467065,0.7176583544878885,11.30307,9.872421,11.30307,0.5150335137662638,1.2077922077922087,-0.4983739794337437,-0.042867128,0.0,-0.042867128,-0.042867128,-0.042867128,0.0,0.0,0.0,0.03108803,0.0,0.03108803,0.03108803,0.03108803,0.0,0.0,0.0,0.0294105059999999,0.0,0.029410506,0.029410506,0.029410506,0.0,0.0,0.0,9.840522548403865,0.061805468135942,9.888437139457135,9.765228191034437,9.888437139457135,0.0038199158915029,1.207792207792127,-0.498373979433596,0.0605725526573325,0.0,0.0605725526573325,0.0605725526573325,0.0605725526573325,0.0,0.0,0.0,54.12874404992472,0.2366551240931714,54.3122105591767,53.8404395353859,54.3122105591767,0.0560056477595543,1.207792207792261,-0.4983739794338372,807.0,992.0,106.21138777777776,-50.49551222222223,-5.170362222222252,45.15768777777778,1819.0,1275.0,269.7517944444444,-143.11878555555552,-13.442205555555574,156.9910144444444,1.6207806110065044,1.9668984856234768,2.289205098825881,2.4169063709892438,-0.0196277487461008,-0.0003954065537648,0.0241539200556081,0.029195158198717,734.3439491989848,1.0,0.007874016,574.5963800790952,2.813788238092905,0.7824621973202874,293.0,2.506293341976057,0.7196736108856627,-1.3535855712949472,user
0.0384661761052631,0.0201825500302444,0.029579168,0.02359147,0.07628323,0.0004073353257233,2.9698079846811347,1.495721242046372,5.084804894736842,0.0208405155616937,5.0730186,5.0730186,5.123794,0.0004343270888771,2.945978391960071,1.489172798152444,8.40673194736842,0.011022224354425,8.410438,8.386727,8.418581,0.0001214894297192,2.789263885744249,-1.2251573682959511,47.08149421052632,0.4024222652929481,47.35244,46.30113,47.35244,0.1619436796035079,2.656254723273401,-1.175810633046097,-24.417212842105265,0.6456435772608125,-23.991554,-25.561203,-23.991554,0.4168556288581386,2.445936040260762,-1.1719418989689514,10.797073157894737,0.3451108631528998,11.043304,10.240387,11.043304,0.1191015078661395,1.8134631627848836,-0.8365753898610225,-0.0231750125263157,0.026936698042591,-0.040896237,-0.040896237,0.02462267,0.0007255857014377,2.458209033673853,1.17898041199964,0.0057159219473684,0.0255910140717839,0.024003463,-0.038692273,0.024003463,0.0006549000012222,1.8968682964964765,-0.8499145923632333,0.0046888214473684,0.0141908279191042,0.015188107,-0.015227581,0.015188107,0.0002013795970296,1.3676095139145017,-0.6248447090436743,9.82500676597276,0.0042370077514081,9.822008959218552,9.822008959218552,9.83255322631263,1.795223468549261e-05,2.0366065791266843,0.90951641889123,0.0452226316401995,0.0069119697268092,0.0497930419937965,0.0330011860960857,0.0497930419937965,4.777532550432736e-05,2.428448033438517,-1.1619563814836054,54.12969242402278,0.2937295019881252,54.21994836335546,53.47972292338553,54.34640173150268,0.086277020338192,4.29382165526859,-1.8969582252354324,815.0,973.0,85.9954331578947,-46.04309284210528,-7.424766842105328,51.45415315789472,1788.0,1310.0,224.1357157894736,-135.0476042105263,-4.497084210526282,141.01143578947372,1.412947981756679,1.6560752997823958,1.7815326339358832,1.7577920015144723,-0.0142768757286932,0.0028258501949912,0.0120630533241673,0.0095353465291973,646.6119324303008,1.0,0.007874016,503.4361925805494,2.822354656719995,0.7785754752288235,293.0,2.2068666635846443,0.7196736108856627,-1.3535855712949472,user
-0.009907713,0.0255442221700052,-0.024789145,-0.024789145,0.031016225,0.0006525072862705,2.1136363636363646,1.1763539004879082,5.06993742,0.0140327275994979,5.0617623,5.0617623,5.092419,0.0001969174438817,2.113636363636418,1.1763539004879515,8.393784133333334,0.0014249374856802,8.392954,8.392954,8.396067,2.030446838096807e-06,2.113636363634184,1.1763539004861805,46.77061286666667,0.0714931371710086,46.812263,46.656075,46.812263,0.0051112686625526,2.1136363636367395,-1.1763539004882049,-24.8395592,0.038798763623894,-24.816956,-24.901718,-24.816956,0.0015053440587428,2.1136363636364166,-1.1763539004879504,9.848398933333332,0.0727784646556802,9.806,9.806,9.964996,0.005296704917638,2.113636363636292,1.1763539004878507,0.0047255233333333,0.0186038474071973,-0.006112618,-0.006112618,0.034530412,0.0003461031383502,2.1136363636363638,1.1763539004879078,0.0005942145666666,0.0260161252582096,-0.0145621365,-0.0145621365,0.04227418,0.0006768387734508,2.113636363636366,1.176353900487909,0.0015445503333333,0.0122643975738024,0.008689485,-0.01810402,0.008689485,0.0001504154478482,2.113636363636362,-1.1763539004879078,9.806156388021078,0.0084895521997727,9.801210584898536,9.801210584898536,9.819757346608077,7.207249655266578e-05,2.113636363634474,1.176353900486411,0.028554433237877,0.0180726858504882,0.0180257334892031,0.0180257334892031,0.05750835754673,0.0003266219738504,2.113636363636365,1.176353900487909,53.86552817786684,0.0307746397460275,53.88345672177227,53.81622468212691,53.88345672177227,0.0009470784514977,2.113636363637775,-1.1763539004890269,795.0,947.0,83.73014533333333,-46.239722666666665,-11.104024666666646,50.21328733333337,1788.0,1345.0,213.32757999999967,-135.8140400000002,-4.563520000000153,133.15061999999975,1.8638140011079456,2.010898527332532,2.1944684327619384,1.9064427537925728,-0.0335489002615263,-0.002013249314843,0.0068205063321715,0.0040240053893672,611.1921283022825,1.0,0.007874016,468.3513638284829,2.811064471827136,0.7662915507917772,217.0,2.8165535866464637,0.7196736108856627,-1.3535855712949472,user
-0.0137349296923076,0.0037282369302831,-0.010418666,-0.017603904,-0.010418666,1.3899750608327232e-05,1.0238095238095248,-0.1752043839380806,5.050283592307692,0.0369094126741513,5.0174527,5.0174527,5.0885863,0.0013623047439508,1.0238095238095124,0.1752043839380129,8.410530384615384,0.0060895113862336,8.415947,8.404211,8.415947,3.708214892306969e-05,1.02380952380974,-0.1752043839392717,46.75137661538462,0.3273174635043503,46.460228,46.460228,47.09105,0.1071367219149216,1.0238095238095002,0.1752043839379481,-25.526971692307693,0.1342437351191133,-25.407562,-25.666283,-25.407562,0.0180213804187306,1.0238095238095486,-0.1752043839382155,10.073828,0.6819095662399088,9.46727,9.46727,10.781479,0.4650006565295006,1.0238095238095233,0.1752043839380709,-0.0171430694615384,0.012520511218034,-0.006006085,-0.030136218,-0.006006085,0.0001567632011609,1.0238095238095242,-0.1752043839380789,-0.0055681416461538,0.0080153388718128,-0.012697779,-0.012697779,0.0027497686,6.424565722999462e-05,1.0238095238095235,0.1752043839380781,0.0161674098461538,0.0002763894103286,0.016413258,0.015880587,0.016413258,7.639110614180762e-08,1.0238095238095124,-0.1752043839380168,9.810387519593686,0.013794444131641,9.798117372850127,9.798117372850127,9.824702690794505,0.0001902866889009,1.0238095238094924,0.175204383937903,0.0274057152449898,0.0065232614474992,0.0216032795365571,0.0216032795365571,0.0341752235714945,4.255293991243025e-05,1.023809523809524,0.1752043839380799,54.21381769008998,0.47268394930757,53.7933657047849,53.7933657047849,54.70434500627925,0.2234301159330014,1.0238095238095082,0.1752043839379922,797.0,972.9466,98.8294530769232,-50.50251092307683,-7.172546923076766,49.1591670769232,1739.0,1295.6641,225.2176307692307,-115.35340923076912,-18.696469230769253,121.47017076923082,1.8641019202973608,2.2057033591425683,2.762955524940567,2.028899289661246,-0.015229341760342,-0.0022197795321218,0.0121659353784416,0.0018116018370903,596.6804087197855,1.0,0.007874016,476.97371655089137,2.7637876923731195,0.7993788795148609,201.0,2.968559247362117,0.7196736108856627,-1.3535855712949472,user
0.0552065282941176,0.0321291295802452,0.0753252,0.006586405,0.0753252,0.0010322809675841,1.81810526237031,-0.9940971316997754,5.0291464823529415,0.0121810297604634,5.0346975,5.0083513,5.045715,0.0001483774860252,2.517904049192932,-1.151027974806796,8.458988176470587,0.0338663404397271,8.454987,8.349603,8.498338,0.0011469290147794,7.71148572446967,-1.9437109361731184,46.05043276470588,0.2579152763441734,45.966766,45.461945,46.448555,0.0665202897716913,3.316820211232991,0.1716671405342277,-25.056009882352942,0.2535477652356371,-25.109245,-25.78286,-24.714592,0.0642864692559857,5.359735432419979,-0.9848292400890144,10.75834,0.1121060960206897,10.820663,10.562607,10.820663,0.0125677767650001,2.545107860924976,-1.359795383682791,-0.0197020744117647,0.0142738003145369,-0.028112058,-0.028112058,0.0048072,0.0002037413754192,2.405186136714196,1.2611288304827133,-0.0042533280988235,0.0105503770100731,0.00040600286,-0.022126108,0.01132582,0.0001113104550546,2.533626591062397,-1.0761508033785516,0.0094195608505882,0.005905111436513,0.013057411,-0.00025943946,0.013057411,3.487034107763755e-05,2.0645034688334114,-1.090376961849657,9.841314866050734,0.0242933073315499,9.84076511112984,9.755776667972595,9.864348680332956,0.0005901647811051,10.421786709591483,-2.850631831420108,0.0284312775918853,0.0041220272352044,0.0309991713653867,0.0207665105968474,0.0309991713653867,1.6991108527767485e-05,1.946165850738992,-1.0341228148648434,53.51930127622164,0.0874657449916722,53.483684509655376,53.36704704380261,53.664215134025184,0.0076502565469482,2.6331410628718004,0.8575703501796963,801.0,978.0,104.05741647058824,-48.17278552941177,-9.210983529411806,43.78260447058823,1727.0,1284.0,211.72406470588248,-119.83223529411752,-10.010635294117492,126.45020470588248,1.495177308046067,1.7222530388385389,1.870565499743588,1.7498289521218862,-0.0155258177789375,-0.0022494150295396,0.0212287373430241,-0.0022494150295396,624.4530495006408,1.0,0.007874016,477.0513599184054,2.7614755329778147,0.7639507250383215,267.0,2.3387754662945346,0.7196736108856627,-1.3535855712949472,user
0.0958749784,0.0598761849040526,0.14310595,0.025028521,0.14310595,0.0035851575186642,1.1666666666666667,-0.4550830602384322,5.02463808,0.0315780224150589,4.999729,4.999729,5.0620017,0.0009971714996459,1.16666666666663,0.4550830602383544,8.3921398,0.033884938565681,8.365411,8.365411,8.432233,0.0011481890615999,1.1666666666668088,0.4550830602387224,46.2831892,0.3027459171724684,46.04438,46.04438,46.641403,0.0916550903645991,1.166666666666594,0.4550830602382855,-24.5975282,0.2144073519129268,-24.766655,-24.766655,-24.343838,0.0459705125543136,1.1666666666667116,0.4550830602385234,10.4478178,0.7192737684430832,9.880447,9.880447,11.298874,0.517354753970314,1.1666666666666647,0.455083060238427,-0.0009776427999999,0.0229867883777506,-0.019109866,-0.019109866,0.026220692,0.0005283924399234,1.1666666666666663,0.4550830602384318,-0.0048355062,0.0184758674675499,-0.019409467,-0.019409467,0.017025435,0.0003413576786784,1.166666666666666,0.455083060238432,-0.0147375204,0.0041057488895583,-0.011498862,-0.019595508,-0.011498862,1.6857173944109836e-05,1.1666666666666667,-0.4550830602384322,9.78200732285613,0.0447790808578524,9.74668510752694,9.74668510752694,9.834990645849915,0.002005166082474,1.1666666666666796,0.4550830602384595,0.0324982182369348,0.003717482490487,0.0295658285028018,0.0295658285028018,0.0368968028381342,1.381967606707789e-05,1.1666666666666692,0.4550830602384356,53.44953439890878,0.3061519133040831,53.20803851292804,53.20803851292804,53.8117782278799,0.0937289940197508,1.1666666666666436,0.4550830602383839,710.0,703.0,1.6622333333332335,-1.5377666666667662,0.6622333333332335,1.6622333333332335,1703.0,1840.0,37.083386666666456,-33.25315333333351,12.824386666666442,32.487446666666486,0.242656451156021,0.4417004393976237,0.909541617647053,0.1262647058823431,-0.0107084861591695,-0.0037178739644445,0.0036666261947541,0.0035387408088248,383.4955529228741,1.0,0.007874016,137.17871555019022,-0.0510504957610098,0.3577061441903568,247.0,1.5526135745865348,0.7196736108856627,-1.3535855712949472,user
0.3313488195652174,0.1607962389585334,0.4743455,0.09735993,0.4743455,0.0258554304632098,1.4513613797861742,-0.4010168308136019,5.169852765217391,0.0750898814291889,5.099604,5.099604,5.2514524,0.0056384902930496,1.0159015582317283,0.0991078763971949,8.381489391304347,0.1106777509101161,8.484447,8.252842,8.484447,0.0122495645465217,1.0645377366924744,-0.1345431400731206,46.54290582608696,0.4750179803341144,46.49382,45.986954,47.327854,0.2256420816407011,2.3066937395502194,0.6436481253630069,-24.65157834782608,0.8492147222884315,-23.890015,-25.797817,-23.890015,0.7211656445514179,1.3343133798616502,-0.3412734609462581,10.090115913043478,0.3636279664729664,10.351242,9.443726,10.351242,0.1322252980012648,2.524123862033432,-1.1769365292034248,0.0568795619130434,0.0338124712451893,0.052960932,0.009175124,0.10447052,0.0011432832117067,2.060499334170282,0.1329057709667263,0.0820116692173913,0.1060537265414515,0.123826586,-0.112627424,0.16058108,0.0112473929133289,2.795355743062357,-1.3806775142985368,0.0501847946086956,0.0224889362827418,0.029357238,0.029357238,0.07719137,0.0005057522551292,1.1011746026967728,0.1616239556807299,9.855197587605211,0.0601105111294992,9.910439218621708,9.780051491998332,9.910439218621708,0.0036132735482496,1.1619928180170167,-0.2072959087229222,0.1544400217403888,0.0317413084176002,0.1378395122659416,0.1317609544870283,0.2065402634004171,0.0010075106600612,2.174219317431342,1.1446834436096256,53.63388966202465,0.4466648706635252,53.28748751663179,53.28748751663179,54.39956533452017,0.1995095066848637,2.258001787752424,0.975745391279198,150.0,83.91348,34.73430869565219,-16.16716730434781,-5.463111304347805,16.987594695652184,1310.0,849.0,294.5017904347826,-135.4177255652174,-52.85440956521745,143.43189043478264,0.3998422525762933,1.2073939373370806,2.32661550339835,0.3199547058823526,-0.0116912925726757,-0.0070016620524079,0.0043119728713212,0.0070510564530922,1235.3540397081476,1.0,0.007874016,465.7128172229216,-2.999208019973353,0.3769873269147574,369.0,3.3478429260383407,0.7196736108856627,-1.3535855712949472,user
0.01375667375,0.001104402007824,0.012813611,0.012813611,0.014969183,1.2197037948858e-06,1.063492063492064,0.2788285922710112,-0.0573323670625,0.0007362685175635,-0.057961076,-0.057961076,-0.056524027,5.420913299552663e-07,1.0634920634920653,0.2788285922710155,9.79746,0.0002459268183828,9.79767,9.79719,9.79767,6.047999999991328e-08,1.0634920634948832,-0.2788285922802963,49.20143875,0.1620760202651816,49.06304,49.06304,49.37938,0.0262686363449995,1.063492063492052,0.2788285922709719,-9.8732818125,0.4070555080499008,-9.525692,-10.320183,-9.525692,0.1656941866337629,1.0634920634920626,-0.2788285922710059,-0.7338609656249999,0.5187503198667127,-0.29089355,-1.3033905,-0.29089355,0.2691018943618168,1.063492063492064,-0.2788285922710097,-0.00170807035,8.187436625410916e-05,-0.0016381568,-0.0017979592,-0.0016381568,6.703411849512009e-09,1.0634920634920613,-0.2788285922710021,0.00282967060625,0.000654993649164,0.0022703633,0.0022703633,0.00354878,4.290166804452085e-07,1.0634920634920637,0.2788285922710095,0.000539572,0.0,0.000539572,0.000539572,0.000539572,0.0,0.0,0.0,9.797637488109167,0.0002486581622945,9.79784982043805,9.797364489400604,9.79784982043805,6.183088167570056e-08,1.063492063490669,-0.2788285922664171,0.0033602118699371,0.0005961134382143,0.002851183115578,0.002851183115578,0.0040146774112559,3.553512312197048e-07,1.0634920634920637,0.27882859227101,50.191400031582646,0.2475087135237682,49.9800492314473,49.9800492314473,50.463136774613794,0.0612605632701907,1.0634920634920524,0.2788285922709725,186.0,144.0,22.190073749999986,-13.839136250000024,-1.085756250000017,13.609583749999985,1382.0,1101.0,156.3703687499999,-63.82933125,-36.92308125,73.16766875000008,0.1724362831784582,0.7421964649586288,1.6510004466878012,0.1724362831784582,-0.015840789674105,-0.0035820950523579,0.0012965218167367,-0.0047580878582761,234.8420096826208,1.0,0.007874016,284.1214529035075,-2.993224808264913,1.2098408342165266,244.0,0.962467252797626,0.9213561666917228,-1.820235528788807,user
0.0148305207894736,0.0028877195243796,0.016885247,0.008023451,0.016885247,8.338924051483179e-06,2.387333921827324,-0.9522137390178038,-0.0575828997368421,0.0017496949595218,-0.05676353,-0.059877135,-0.053649925,3.0614324513763263e-06,2.570987654320987,-0.0581540209805557,9.788932736842105,0.0014747711627429,9.790004,9.786891,9.790004,2.1749499824581207e-06,1.4901654015037114,-0.7072741208724328,48.80606121052632,0.3179441073488252,48.640785,48.640785,49.982155,0.1010884553978413,11.04193004718234,3.066283676261,-9.532339,0.197553388516455,-9.520321,-10.326313,-9.424046,0.0390273413143334,15.331933366931157,-3.9693244201008766,-2.189495721052632,0.3307866869395417,-1.969101,-2.6633606,-1.969101,0.1094198322564383,1.628060609456525,-0.8614357173232433,-0.0016858156894736,2.4440537560756904e-05,-0.0016914224,-0.0016914234,-0.0015848889,5.97339876258769e-10,17.05555554298946,4.3588989408220895,0.0026712705894736,0.0009122003115952,0.0020040264,0.0020040264,0.0039216527,8.321094084744391e-07,1.4490812528928825,0.6783971582914905,0.0004078053957894,5.136426526067522e-05,0.00037977006,0.00037977006,0.00059283944,2.638287745769007e-09,9.958710164912953,2.825715579468984,9.789113886047522,0.0014702684953915,9.790183120346642,9.78708134593526,9.790183120346642,2.16168944854107e-06,1.4839580587687566,-0.7027005068815381,0.003218543247672,0.0007799636401862,0.0026497654321828,0.0026497654321828,0.0042927606633515,6.083432800126239e-07,1.4683022095699936,0.6915132056254639,49.77764249933088,0.3464320729582585,49.602820848289134,49.602820848289134,51.07653875551917,0.1200151811741561,11.641998478521876,3.198068823955833,239.0,131.22139,70.28670105263154,-31.666982947368457,-15.490778947368456,36.78016305263154,1228.0,766.0,312.55980789473665,-105.36235210526328,-67.00183210526325,112.10954789473674,0.1422753777253388,1.3665350148692357,3.08078196648362,0.0900216205191791,-0.0258641566438526,-0.0055507959866635,0.0027229855041488,0.0028716572297388,566.9202515356884,1.0,0.007874016,474.4051314789208,-2.9124046289092718,0.8368110509261923,303.0,1.8710239324610176,0.9213561666917228,-1.820235528788807,user
0.0133771602352941,0.0041630159138375,0.015687708,0.006107388,0.015687708,1.7330701498864946e-05,2.546486956648324,-1.3610607609360434,-0.056256342,0.0007278549423717,-0.055805504,-0.057721566,-0.055805504,5.297728171350048e-07,2.103138855306557,-1.08065728119755,9.787213823529411,0.0011448769440039,9.7878475,9.785214,9.7878475,1.3107432169118728e-06,2.5485944658411985,-1.3630272398396324,49.35965023529412,0.5235804682025396,49.088524,48.956978,50.273697,0.2741365066831905,2.547755765437675,1.3572348745212874,-8.874093235294117,0.3867435382109719,-8.644554,-9.535316,-8.644554,0.1495705643479414,2.3690088466692014,-1.2399257719967474,-1.424157555882353,0.4824606957524758,-1.5745392,-1.5745392,0.43385315,0.232768322945963,14.614287190994563,4.019979757801906,-0.0016005568882352,0.0002078149649983,-0.0014783554,-0.0019577616,-0.0014783554,4.318705967727236e-08,2.413972671601792,-1.2664506773806543,0.0025962336705882,0.0004359647948432,0.0023236298,0.0023236298,0.0033357108,1.900653023427546e-07,1.8515913732423024,1.0048929406754117,0.0004706380529411,2.5018076241992456e-05,0.00048630498,0.00043303706,0.00048630498,6.259041388501473e-10,1.8166666668486693,-0.9936092085829604,9.787385501712649,0.00114610112745,9.78801915822171,9.785383336155752,9.78801915822171,1.31354779434217e-06,2.5493631933160987,-1.3637554514656975,0.0030885550680773,0.0004663168143344,0.0027966556222978,0.0027966556222978,0.0038010432272125,2.1745137133101455e-07,1.8250726775220285,0.9964976660484376,50.17422285520582,0.5813130359975565,49.86873445406278,49.776302635081066,51.19016811366612,0.3379248458206964,2.553404612327599,1.3663619617388696,180.0,110.5,39.58629794117647,-21.13557005882353,-3.4780020588235345,19.502699941176463,993.0,656.0,218.7832347058824,-75.86049529411767,-39.87753529411759,68.32259470588235,0.3312995306515799,0.8277320291278654,2.510847320854701,0.139992386366634,-0.0260780382050097,-0.0087409358461338,0.0016278917102808,-0.0155234738918916,358.8498073313603,1.0,0.007874016,344.091920858366,-2.938212554185508,0.9588744756957136,266.0,1.3490594260577455,0.9213561666917228,-1.820235528788807,user
0.0135847112195121,0.0011629242854989,0.013053121,0.012334596,0.015687708,1.3523928938032745e-06,1.9072493011454463,0.5040897402621433,-0.0593163375609756,0.0014972735649846,-0.05987714,-0.06107468,-0.057003032,2.241828128401899e-06,1.527394242002064,0.1911688648775085,9.794087853658535,0.0028153431323816,9.7957535,9.790005,9.79671,7.926156953048702e-06,1.629298854919529,-0.6424957159019825,49.05944453658537,0.3506982795396992,49.180378,48.56447,49.482635,0.1229892832721049,1.429749472176962,-0.084422301383382,-9.509332853658536,0.4759659978105362,-9.376404,-10.128662,-8.93153,0.2265436310717793,1.5569834176119872,-0.1365984664972522,-1.0253388975609756,0.8326685278930153,-0.4104004,-2.2084198,-0.3245697,0.6933368773435211,1.5016505224771466,-0.5969333064784063,-0.0019421703292682,6.330099894616297e-05,-0.0019577607,-0.0020110286,-0.0018512257,4.007016467582125e-09,1.742276600603783,0.5226471989518389,0.0033149232682926,0.0008190787188145,0.0029095712,0.0026432343,0.004560861,6.708899476148105e-07,1.8115659883253887,0.8819944646200435,0.0003953605360975,2.4537464618072184e-05,0.00037977006,0.00037977006,0.00043303752,6.020871698831442e-10,1.8304597701149357,0.9462733657359148,9.794277071858804,0.002816013003951,9.795932740717255,9.790196808843396,9.796911090012289,7.92992923842115e-06,1.6276356544834951,-0.637947360418966,0.0038779876378013,0.0007421046697076,0.0035274150343851,0.0032492998408133,0.0050033199562956,5.507193408019155e-07,1.8060357177828352,0.8608740345743205,49.992304540153846,0.3116390147277746,50.21359098514351,49.54756005760937,50.28391217051877,0.0971188755004981,1.2208000589492125,-0.3769543221332642,200.0,68.0,60.82681275609755,-32.85626724390245,1.9941127560975644,34.03531275609754,1519.0,706.0,395.06712829268304,-216.0313717073169,8.070928292682993,210.52662829268297,0.928009557153396,1.151906545402913,1.457835507613331,1.523462978685874,-0.0128416575242925,0.0013627217829529,0.0121207122147018,0.0132074712115128,889.2267180593346,1.0,0.007874016,823.6461618923505,-2.980635568393477,0.9262499036127608,665.0,1.3371830346756912,0.9213561666917228,-1.820235528788807,user
0.0155352958181818,0.0001170006664386,0.015448202,0.015448202,0.01568771,1.3689155947091053e-08,1.321428571428562,0.5943092698673975,-0.0587594316666666,0.0004586195524541,-0.05844009,-0.059398115,-0.05844009,2.1033189389322813e-07,1.5000000000000002,-0.7412338898758747,9.794823545454545,0.001816718342763,9.794315,9.7931185,9.797429,3.3004655369315515e-06,1.6655424542561368,0.6432357181925513,49.49332112121212,0.4325768533938295,49.243317,49.18502,50.138287,0.1871227340921067,1.7319335001357918,0.8874554887114758,-9.09863196969697,0.5468260206003874,-9.124748,-9.726879,-8.376221,0.2990186968056553,1.599282181103101,0.2120476607356977,-1.829872363636364,1.1291392474110256,-2.1083527,-2.9141235,-0.22244263,1.2749554400439371,1.653691620992093,0.6008030429922823,-0.0016881955939393,0.0002130443509664,-0.0017979592,-0.0018512257,-0.0013718195,4.5387895478711866e-08,1.7248782197131936,0.8605085177142469,0.0031710659939393,0.0008282569599066,0.00354878,0.0019507585,0.0038683848,6.860095916338234e-07,1.71338472513966,-0.8077041790013062,0.0006138237515151,0.0001089538842801,0.0005928399,0.00048630452,0.0007526418,1.1870948899738332e-08,1.5393965451407736,0.2206528329551485,9.795012124678056,0.0018159970333297,9.794507292469364,9.793305432968303,9.79761547015932,3.297845225062415e-06,1.6648736054330262,0.6408354093945965,0.0036528123284584,0.0008250942086046,0.004046274240307,0.002433893907317,0.0043316888074794,6.807804530729254e-07,1.7174263443439235,-0.8254311699999994,50.37196139031695,0.3139999075540895,50.23904453063102,50.10907437018924,50.83363436012471,0.0985959419439767,1.707412047333559,0.795328183062431,198.0,64.0,50.52277533333333,-29.180982666666665,9.290235333333328,31.947447333333333,1391.0,655.0,353.45770151515137,-157.4531384848487,3.7640015151513353,148.38070151515134,0.8536274048694737,1.1277511028898273,1.918626743901204,2.885165507669967,-0.0131100973555539,0.000319074017255,0.0106342362600346,-0.014480427126046,722.9772895508981,1.0,0.007874016,748.0989239398757,-2.9615000337636133,1.034747473747872,531.0,1.3615391516966069,0.9213561666917228,-1.820235528788807,user
0.0158872978055555,0.0028987970521983,0.015687706,0.012334596,0.019759346,8.403024349833931e-06,1.6235372854495165,0.2663191140673411,-0.0609815377777777,0.0034481905851695,-0.06059567,-0.06538582,-0.05724255,1.1890018311652052e-05,1.4668107580647824,-0.2545945826234549,9.79513423611111,0.0021728741515272,9.7957535,9.792639,9.798387,4.72138207837508e-06,1.7968148458707751,0.2669932745363907,48.491602888888885,0.4734734975511329,48.738342,47.862694,49.137,0.2241771528833027,1.4627092367721355,0.0957557618634733,-9.538869805555557,0.2893990994758245,-9.568047,-9.848785,-8.976608,0.0837518387774181,2.5761190790723587,0.699295437537508,-0.8779419805555555,0.3205889193972415,-0.8976135,-1.1814423,-0.17466736,0.102777255240291,3.68618717824906,1.2893002303170291,-0.0017624465916666,0.0001922688993492,-0.0019044927,-0.0019044927,-0.001478354,3.696732965698139e-08,1.3901213222027076,0.6261412177243262,0.0026313970805555,0.0007607160828468,0.0022703623,0.0020572932,0.004028187,5.786889587018867e-07,2.754290258083532,1.3588057349231966,0.0003620137191666,0.0001207991823206,0.00027323468,0.00027323468,0.000539572,1.4592442449325954e-08,1.4592615621138183,0.6571157127059936,9.795337955752592,0.0021537503680077,9.79596084617223,9.792869854843248,9.798561968654278,4.638640647693732e-06,1.7918278036897242,0.2701825830577919,0.0032247379090622,0.0006213320076253,0.0029759527227375,0.0025796273934676,0.004343189391992,3.860534636998022e-07,2.656613416799273,1.197679175706348,49.43063511383788,0.4625173410518154,49.67674721938379,48.69750996519175,50.03224976879701,0.2139222907736414,1.7085040013406505,-0.1412273638589435,183.0,21.0,87.97463349999998,-27.380226500000006,-8.714426500000009,31.9901785,1278.0,593.0,390.6246547222223,-133.01814527777776,-48.37359527777773,150.17271472222228,0.5557634519120979,1.050492064426343,1.802410607235436,0.6081136958912895,-0.0178700934978612,-0.0032737697557899,0.0094874843743107,0.0199364535766673,684.4325585012701,1.0,0.007874016,703.8955888482325,-2.9093631273727185,1.028436739464267,594.0,1.1522433644802528,0.9213561666917228,-1.820235528788807,user
0.0151288556666666,0.0011092424305043,0.014490168,0.01401115,0.01664574,1.2304187696311902e-06,1.516172578970679,0.6676018605583478,-0.0600767231666666,0.0039687504918652,-0.060236396,-0.063948765,-0.05556599,1.5750980466680514e-05,1.029147002810039,0.02216522784762,9.794315666666666,0.0017127281737329,9.7943155,9.792639,9.795993,2.9334377970985683e-06,1.0000001581285642,1.2663764794049762e-07,48.65908933333333,0.4381842180436139,48.774265,48.130707,49.072296,0.1920054089424933,1.203391519340606,-0.2018186056221807,-9.238580666666666,0.3805118173743571,-9.14206125,-9.943237,-8.920002,0.1447892431615361,2.406089693684128,-0.8844877057970373,-1.3151296,0.2610122890524973,-1.4033966,-1.5549164,-0.9870758,0.0681274150364243,1.2941087429078977,0.3147599524253723,-0.0018334700999999,5.1301420051334606e-05,-0.0017979583,-0.0019044937,-0.0017979583,2.631835699283476e-09,1.5000000000000078,-0.7551476239016522,0.0029095710666666,0.0005386616841981,0.0025366994,0.0025366994,0.0036553144,2.901564100231884e-07,1.5000000000000002,0.7551476239016433,0.00046854916,5.130118891049672e-05,0.00043303752,0.00043303752,0.00053957244,2.6318119836304713e-09,1.5,0.7551476239016431,9.794512434157426,0.0016894887559566,9.794509566321969,9.792858520056066,9.79616921609424,2.854372256503819e-06,1.0000120056834072,9.627149742478336e-06,0.0034784699381901,0.0004900177380892,0.0031392705184846,0.0031392705184846,0.004156868777601,2.4011738364213964e-07,1.499999999999997,0.7551476239016403,49.54824363826365,0.3923388414315311,49.70098150060965,49.04310377304147,49.900645641139846,0.1539297664958361,1.351745881936816,-0.3977175389357927,251.0,86.96453,93.69601370833334,-54.380596291666656,-10.188271291666652,59.13158170833336,1358.0,707.0,393.5035950000001,-210.57737499999988,-43.85450499999985,212.86613500000027,0.5679591560649134,1.9249168778051664,2.364901235911862,0.3061608841537647,-0.0184432072856894,-0.0058586037548404,0.0054591253456896,-0.0119239206153299,651.4973631894552,1.0,0.007874016,671.3483711294166,-2.89475640079637,1.0304698208489735,387.0,1.6834557188358017,0.9213561666917228,-1.820235528788807,user
0.0154881170833333,0.0010323794775828,0.0154482,0.012334595,0.016166722,1.0658073857341629e-06,7.98441643674751,-2.569035785342841,-0.0573024231666666,0.0023932608221704,-0.0573623,-0.05963763,-0.054368448,5.727697362935967e-06,1.031595786515682,0.0222838463938893,9.793317583333334,0.0009471579876786,9.793118,9.792399,9.794316,8.971082536233911e-07,1.0500065729746073,0.0520073571167472,48.88172025,0.5051328225249528,48.7425465,48.39512,49.42399,0.2551591683920254,1.0739910799393522,0.0846530564026889,-10.381702416666668,0.9782691145141268,-10.4415855,-11.320465,-8.844109,0.9570104604122538,1.2382895705861714,0.1436835710719326,-1.2215970366666666,0.1297617022591239,-1.1537323,-1.3573761,-0.94989014,0.0168380993731855,2.328831455235661,0.408890363707089,-0.0019178104166666,0.0002414338307788,-0.002117563,-0.002117563,-0.0016381568,5.8290294644531856e-08,1.1142857142857137,0.3610296177432517,0.0038861410749999,0.0017168643802234,0.0053066052,0.0018974913,0.0053066052,2.947623300080162e-06,1.1142857142857143,-0.3610296177432529,0.0004064035333333,0.0001609559811931,0.000539572,0.00021996768,0.000539572,2.5906827881834672e-08,1.1142857142857137,-0.3610296177432521,9.793497805790828,0.0009337936272044,9.793294229672927,9.792592785825226,9.79448425620359,8.719705382076182e-07,1.052697050669714,0.0553745879065303,0.0043962189702681,0.0016228819512168,0.0057389258359748,0.0025164293582786,0.0057389258359748,2.633745827585295e-06,1.114285714285714,-0.3610296177432523,49.997770877485614,0.3153885268744791,49.802120721469606,49.71490386041884,50.35889795695879,0.099469922884054,1.133395421852712,0.2975524058207649,276.0,49.998104,121.57229058333334,-65.90799341666666,-13.43372441666665,78.40285058333336,1440.0,617.99146,482.7919554166669,-216.8742445833332,-49.80853958333319,214.0827354166669,1.2495053780477063,1.6972990624404347,3.004133368815605,1.2227180843178176,-0.0198172330469405,-0.007080782083543,0.0080461443944217,0.0063001849609323,820.079507941832,1.0,0.007874016,852.51093648617,-2.8732835053801224,1.039546688132388,391.0,2.0973900458870385,0.9213561666917228,-1.820235528788807,user
0.01378122392,0.0009592293168167,0.014011154,0.012813611,0.014729676,9.201208822406578e-07,1.037242894836243,-0.0318644317690426,-0.05798023424,0.0014891917792171,-0.059158612,-0.061314188,-0.056524027,2.217692155287952e-06,1.7707078124388416,-0.2693001362668607,9.79094284,0.0002584136993282,9.790722,9.790483,9.791202,6.677764000049724e-08,1.2398794271687552,-0.0462059492080012,48.99874596,0.2670476761479874,49.05712,48.842552,50.172585,0.0713144613360404,16.265183102547425,3.7433823262755848,-9.24555706,0.1229253275614511,-9.261673,-9.278496,-8.6568985,0.01511063615609,22.827581353939795,4.961876942277982,-0.90281982,0.4342879816292064,-1.301651,-1.4234619,-0.4606018,0.1886060509875699,1.0200443268012138,0.0748264650903918,-0.001891708584,6.39205800000001e-05,-0.0019044927,-0.0019044927,-0.0015848898,4.085840547536413e-09,23.041666666666732,5.00000000000001,0.002004026,0.0,0.002004026,0.002004026,0.002004026,0.0,0.0,0.0,0.0004309059384,1.065330799999998e-05,0.0004330366,0.00037977006,0.0004330366,1.1349297134286355e-10,23.04166666666672,-5.00000000000001,9.791124365190448,0.0002654075066601,9.790893546328606,9.790685017677545,9.791391796345032,7.044114459156976e-08,1.1607520760753858,-0.0069194339573908,0.0027897335337922,4.30560900766561e-05,0.0027983447518075,0.0025830643014242,0.0027983447518075,1.8538268926891243e-09,23.04166666666676,-5.000000000000014,49.87361851766512,0.247319982235318,49.940703887501726,49.71818105997929,50.933843571855824,0.061167173612878,14.742021329626663,3.4438675740180096,199.0,46.0,85.495341,-37.177709000000014,-8.608269000000007,42.718323000000005,1324.0,659.0,385.9036707999999,-179.83362920000005,-40.08622920000005,172.57105080000002,1.0433696790325089,1.3532388515308802,2.1075814308792435,0.8947547579881276,-0.0215856692791143,-0.0033710429168951,0.0076420821879046,-0.0117129120273064,655.7431186983466,1.0,0.007874016,682.3737978556915,-2.915452856407096,1.0406114504262078,401.0,1.6352696226891437,0.9213561666917228,-1.820235528788807,user
0.0161667243666666,0.0012277173865527,0.016166724,0.013771644,0.018322296,1.507289981243824e-06,2.696076539899424,0.7323878486447989,-0.0599968942333333,0.0012669665137431,-0.06083517,-0.06107468,-0.056045007,1.605204146946587e-06,3.847298557006957,1.0797368591912355,9.793269833333332,0.0021290005763322,9.792639,9.788806,9.795753,4.532643454022926e-06,1.8571462866241504,-0.0867158019090757,49.52845113333333,0.7408663413561115,50.08661,48.685616,50.29797,0.5488829357543903,1.1127412397298249,-0.2547105676633818,-9.65486438,1.016070007262886,-9.83633,-10.463242,-7.7555084,1.0323982596592007,2.7855835825937465,1.223363997983984,-1.50873566,0.5785111763909829,-1.7167816,-2.1024323,-0.8338165,0.334675181209279,1.235151467536748,0.2481670479039949,-0.00168609645,0.0003144657173939,-0.0017979578,-0.0019044927,-0.0011054822,9.888868741607233e-08,2.6597701987277813,1.287458989444416,0.0034653281466666,0.0008555652055552,0.0038683857,0.002483432,0.0043477914,7.319918209567622e-07,1.1981741127165215,-0.2034128643286928,0.0005413479186666,0.0001669781705805,0.0005928399,0.00032650214,0.0008059093,2.7881709450431532e-08,1.825417504711313,0.4132007093040884,9.793467109051033,0.0021317807834955,9.79282959153324,9.788976126573406,9.795955198850638,4.544489308880831e-06,1.8641600870842128,-0.0852103822781996,0.003933940804234,0.0007182770557375,0.0041031681196738,0.0031525786653864,0.0047420883011102,5.15921928798961e-07,1.2393689924750937,-0.0037220746437825,50.49792972224984,0.6197992603743314,50.92132201470686,49.80425572584829,51.08661381161491,0.3841511231605683,1.092922167733342,-0.2540181768230249,220.0,91.0,77.68886663333333,-35.99720536666667,-11.157530366666665,39.04083663333334,1368.0,783.0,354.853429,-172.417551,-30.26473599999997,165.98302900000013,0.6307353650252248,1.139503688698278,1.7652676247053931,0.2943413955229967,-0.0140392209754131,-0.0062214366530506,0.0081840839104418,-0.005283933618613,581.6288574912637,1.0,0.007874016,599.0542546380921,-2.924553255431535,1.029959650251862,485.0,1.1992347577139455,0.9213561666917228,-1.820235528788807,user
0.01627150965625,0.0020683371338719,0.017603774,0.012813613,0.01784328,4.278018499353526e-06,1.4695501955237245,-0.6962118156509474,-0.05661383896875,0.0006373195425364,-0.05700304,-0.05700304,-0.054128937,4.061761992988641e-07,8.004033647251887,2.11958367382618,9.7936489375,0.0030405404860952,9.795034,9.788328,9.79671,9.244886447584336e-06,1.524852095810799,-0.5471263039856347,49.63689584375,0.2897557145187359,49.51628,49.005203,50.04014,0.0839583740962632,2.088747655779948,0.4266636004114775,-9.00581346875,0.7893976750754023,-9.279312,-10.423527,-8.052193,0.6231486894144503,1.4824689089863996,0.2129853863093012,-1.106532090625,0.2539932429097384,-1.0833282,-1.4540253,-0.4558258,0.0645125674438053,2.671238299642335,0.008944339704286,-0.00173803205625,0.0001505114282493,-0.0016381554,-0.0019577607,-0.0016381554,2.2653690033649e-08,1.654545454545456,-0.8493848041109215,0.0029661676,0.000229186621679,0.0028030362,0.0028030362,0.0032824427,5.2526507556639265e-08,1.444856899081261,0.6956884096134267,0.0004530128037499,2.948779716381869e-05,0.00043303752,0.00043303752,0.000539572,8.695301815745138e-10,3.1606344720400457,1.140890715933753,9.7938263156125,0.0030468509511863,9.795216117593649,9.78848605076816,9.796891653148371,9.283300718745326e-06,1.5256366256451603,-0.54821655586269,0.0034678559188024,0.0002721949214472,0.0032753757871101,0.0032753757871101,0.0038527586961579,7.409007526165695e-08,1.5146842883783735,0.7296953479246506,50.46541538282507,0.3799833764755025,50.39922425796635,50.10356886840381,50.99120654666995,0.1443873663977234,1.5645023791561992,0.5339141968601069,231.0,108.635994,73.74658515625,-29.97378684374999,-9.084634843749996,28.281171156250007,1430.0,926.0,308.38917718749985,-113.25427281250012,-33.13752281250021,91.82893718749985,0.2499067138326386,0.6493408978773103,1.4308694792185466,0.0588235294117647,-0.0158397735263193,-0.0038386265287805,0.0057624972185043,-0.0080592393365863,460.79358883354325,1.0,0.007874016,518.6414464390289,-2.903415335649553,1.1255396320767443,553.0,0.8332614626284688,0.9213561666917228,-1.820235528788807,user
0.5064300188,0.0785790532865503,0.50045186,0.43219215,0.6305047,0.0061746676154105,1.856474339262665,0.6613162223350368,5.108053784,0.0537909416293404,5.089305,5.073737,5.220795,0.0028934654013711,3.676138042333508,1.6537075841919355,8.37219872,0.0783076161681639,8.35607,8.205659,8.476065,0.0061320827499404,2.941138283339162,-0.4802408797492429,46.04607582,0.4920418902026437,46.232025,45.069633,46.47945,0.2421052217141905,3.070044160111604,-1.298096070145972,-25.13563758,0.3636722662333052,-25.267227,-25.431412,-24.462128,0.132257517227268,2.4266096895129143,0.9535341127264796,9.77543276,0.3957174820796666,9.840164,9.209091,10.395096,0.1565923256234712,2.181184735268626,-0.000207101637315,-0.02337338796,0.0295465040589616,-0.028218595,-0.047980797,0.048646275,0.0008729959021062,3.919834570488318,1.3370600814193625,0.0002675078699999,0.0123776085052819,0.0017376869,-0.01243144,0.033058923,0.00015320519231,5.407731974939436,1.6956963354345005,0.0183031865,0.0105746655951166,0.02014198,-0.0016976614,0.032500014,0.0001118235524485,2.2806438616324645,-0.2611164435121021,9.821050264754962,0.0659633475532442,9.81668242728677,9.671881842127377,9.906676508495272,0.00435116322043,3.44525190970646,-0.695016126026884,0.0411946724338952,0.0174863380559419,0.0520660714365702,0.0112114075771377,0.0588407555655483,0.0003057720186066,2.333894063193047,-1.0672915606882762,53.3654290037251,0.5068750109875684,53.57236263393248,52.32327919666627,53.693975266437725,0.2569222767636476,3.4248073502935275,-1.531982494164543,141.0,57.0,46.76040406,-21.10227194000001,-4.452962940000006,24.88138806,1203.0,580.0,426.8623590000001,-145.308531,-42.04839099999998,125.97790700000012,0.3197428214909479,0.5734098904360615,1.1950951346387195,0.7249121176470585,-0.0081193220674545,-0.0001438331546446,0.0058006972655745,0.0019818539426562,635.0375880547675,1.0,0.007874016,628.6374153675551,-3.00756945200973,0.989921584473736,813.0,0.7811040443478076,0.9176710825949624,-1.6711276198917286,user
0.2209331248648648,0.0276384890474324,0.20394099,0.20034838,0.2602254,0.000763886076825,1.562569685893844,0.7728908236830322,5.097998851351352,0.0272239940195386,5.0885873,5.0665517,5.1340933,0.0007411458503758,1.57219688910813,0.3528956397759117,8.400249432432432,0.0374114814406694,8.410438,8.354873,8.483966,0.0013996189435855,2.325580408576058,0.1111563001323442,46.76784881081082,0.6577639858081843,46.40865,46.065063,47.63974,0.4326534610262693,1.4026767210637454,0.577055261125319,-25.431255162162163,0.3108046720811534,-25.336102,-25.845459,-24.555676,0.0965995441874733,4.503258381044053,0.639408028795345,10.144713054054051,0.3197794052826747,10.222549,9.651596,10.454285,0.1022588680429411,1.9171384691325557,-0.7496612593816505,0.0121552213783783,0.0153087131348477,0.013329985,-0.010587081,0.027925251,0.000234356697845,1.7942350802535856,-0.5527737772197758,0.0143980529459459,0.0451040809215018,0.006318684,-0.040396836,0.07322255,0.0020343781157733,1.3777199804596725,-0.0504116334213398,0.0049362915027027,0.0113676900582431,0.004694429,-0.02529512,0.01737207,0.0001292243772602,3.4818480641877265,-0.7386785460004648,9.82872584754819,0.0401521416451494,9.82074362805684,9.784567595413654,9.90089236590355,0.0016121944786921,1.5677365152209732,0.2476610146847546,0.0470562630072301,0.0226300454460832,0.0492197675410594,0.0131927902745574,0.0809866963081428,0.0005121189568917,1.8980319054411663,-0.5656947422980652,54.19599085141567,0.5595591269880661,53.89780082933003,53.19747070037667,54.91735998393975,0.3131064165956466,1.6926460344672345,0.3387107823639343,114.0,60.0,21.45750356756757,-6.395279632432428,-0.5424964324324293,11.803071567567574,1598.0,948.0,265.80055135135103,-168.4724486486488,18.97315135135113,176.21299135135106,0.8016730877979824,0.9165560709852278,1.484534765131801,1.8034432824700712,-0.0049148808843789,4.421791844253262e-05,0.0093166702341026,4.421791844253262e-05,689.2890717805471,1.0,0.007874016,652.2392199185817,-3.058706069009318,0.9462491813974948,617.0,1.1171621908922968,0.9176710825949624,-1.6711276198917286,user
0.1809216044444444,0.0305534465818372,0.15771595,0.1414294,0.21400031,0.0009335130980291,1.152442354321341,0.1450554805574308,5.070809911111111,0.0312195120373501,5.0521812,5.041404,5.104873,0.0009746579318502,1.0716935467595636,0.2044329021858907,8.430637333333333,0.0365155371567526,8.452352,8.390799,8.465047,0.0013333844538461,1.0719477566363236,-0.2039890792297122,46.28992133333333,0.6495416753550782,46.076332,45.645317,46.987923,0.4219043880230818,1.1054234802136198,0.1269455745054387,-24.48509444444445,0.3371429952969419,-24.61663,-24.816078,-24.121227,0.1136653992777938,1.098289990838419,0.147602910917273,9.334196444444444,0.6428753751343276,9.427002,8.840439,10.938004,0.4132887479541025,4.808294615438359,1.7105174286894116,-0.0166595643333333,0.003393391430097,-0.017884715,-0.024116999,-0.013570055,1.1515105397855996e-05,3.1323271773319226,-0.969905490048802,-0.0453329382222222,0.0448532429789756,-0.013763127,-0.093238086,0.020008408,0.002011813405731,1.2809472462444398,-0.0482238409560821,0.0001430254888888,0.0030935101363468,-0.000898649,-0.0029228094,0.003469279,9.569804963680531e-06,1.1045471001724454,0.1296844706796262,9.839937903838212,0.0156275211102141,9.8481872182002,9.822937978294194,9.854875500791731,0.0002442194160501,1.080556423501671,-0.1880116174438298,0.055501084200457,0.035445815198326,0.0313492201096879,0.0227558676002055,0.0942842668234009,0.0012564058150738,1.061840977283209,0.2205206323306412,53.1995227397212,0.3651357069891093,53.372715638565175,52.80341899953617,53.552328255195214,0.1333240845184367,1.0875898635897945,-0.1734006614784104,108.0,61.924297,17.752213777777783,-4.911330222222219,-1.2477862222222171,9.919625777777789,1437.0,935.7192,211.26396814814825,-114.45291185185182,1.619768148148296,123.39424814814824,0.862370956863566,0.9559292296198112,1.2592525679040978,2.2837161069521894,-0.0062195573400497,0.002131250107054,0.0177388313683365,0.002131250107054,527.5736713371683,1.0,0.007874016,503.3938923502988,-3.0499342471632525,0.9541679573857724,436.0,1.210031356277909,0.9176710825949624,-1.6711276198917286,user
0.1658677842857143,0.0344372184566688,0.1593925,0.0274236,0.19268414,0.0011859220150323,10.328743411991802,-2.4966985887772517,5.105215310714286,0.0076801459950597,5.1094236,5.097688,5.1302614,5.898464250543221e-05,4.830594099089876,1.043070235558592,8.403354928571428,0.0241434251304939,8.398462,8.351519,8.424808,0.0005829049770317,3.1307003754013327,-1.0811403784990383,46.325208,0.5940107166410756,46.35546,45.85875,47.701534,0.3528487314844443,3.9569596507707314,1.5138088104810423,-24.991734964285715,0.395135691849765,-25.267223,-25.40136,-23.581863,0.1561322149735924,6.554278782443832,1.653324735009346,9.844047571428572,0.0584375788287383,9.840149,9.692978,9.945694,0.003414950619365,5.545834673423735,-1.7697724440386868,-0.0019901024142857,0.0050193636147327,-0.0018512271,-0.0070181643,0.0034222458,2.5194011096902968e-05,1.125887614312121,0.0788694951991378,-0.0353078897928571,0.0492127999251644,0.0050935354,-0.08679274,0.026187427,0.0024218996764742,1.0884001987742715,-0.095405847067517,-0.0005371904614285,0.0047439428712846,0.00016669976,-0.005745982,0.0041084886,2.250499396601237e-05,1.1291549399826135,-0.1462190549192022,9.834051525830612,0.0177165451937208,9.832471747606933,9.79175662748287,9.848310451608654,0.0003138759736011,4.094998423285532,-1.4945392296317992,0.0468888458424735,0.0385594628615412,0.0262533076671509,0.0084066746297804,0.0871728973100339,0.0014868321761705,1.0614880698915283,0.0971495756971046,53.55160355508814,0.4955904154707616,53.460520804249086,53.27556702688794,54.9055485202656,0.2456098599064821,6.472712817933452,2.36754091307976,87.0,40.0,10.722736857142865,-7.339665142857133,7.722736857142863,9.511760857142864,1422.0,959.0,221.9833157142857,-124.7910642857143,-4.508634285714379,136.01637571428566,0.8488388951791822,0.9917870196519802,1.1614864448125772,1.3230434831557656,-0.0043743353107576,0.001166054538496,0.0076365670513133,-0.0029115885416662,470.28520398982073,1.0,0.007874016,465.3794151012698,-3.040427316306418,0.98956848132382,438.0,1.073710511392285,0.9176710825949624,-1.6711276198917286,user
0.110556825,0.0046454653914809,0.10646124,0.10646124,0.11556254,2.1580348703447468e-05,1.0404040404040418,0.2176865976463952,5.087832414999999,0.0284837113963918,5.0627203,5.0627203,5.118525,0.0008113218149129,1.0404040404040524,0.2176865976464389,8.4308565,0.0323962168478441,8.402295,8.402295,8.465765,0.0010495148660525,1.0404040404040171,0.2176865976463005,46.80767475,0.5073272058426291,47.25495,46.261005,47.25495,0.2573808937880894,1.0404040404040489,-0.2176865976464224,-24.50279485,0.916111622756702,-25.310467,-25.310467,-23.51564,0.8392605053499181,1.040404040404043,0.2176865976464076,9.78748465,0.4924730274480198,10.221664,9.256821,10.221664,0.242529682763818,1.0404040404040389,-0.2176865976463866,-0.013303718775,0.0027188630901244,-0.015700752,-0.015700752,-0.0103740115,7.392216502841271e-06,1.0404040404040398,0.2176865976463897,-0.0237480965,0.0533168994781099,0.02325772,-0.08119965,0.02325772,0.0028426917699588,1.04040404040404,-0.2176865976463923,0.005322983992,0.0047851985077846,0.009541762,0.00016669976,0.009541762,2.2898124758903973e-05,1.04040404040404,-0.2176865976463915,9.847724348359334,0.0425041568241449,9.810251377955584,9.810251377955584,9.893524645519474,0.0018066033473315,1.0404040404040542,0.2176865976464478,0.0531384648489101,0.0266543516415024,0.0296391696076079,0.0296391696076079,0.0818598256993906,0.0007104544614288,1.0404040404040398,0.2176865976463913,53.73599989486801,0.948547123659058,54.57226817889728,52.71389421438778,54.57226817889728,0.8997416458018723,1.040404040404043,-0.2176865976464033,116.0,29.0,36.46466035,-22.96745764999999,4.296104350000007,24.661662350000007,1400.0,955.0,223.87410350000005,-105.40684450000003,-7.017046499999992,100.17120349999996,1.0255594051805763,1.1941589770253471,1.882380073167464,1.4734012540540629,-0.0144545690716691,-0.0004308732998028,0.009424045072814,0.0039152123321321,491.1411017813024,1.0,0.007874016,453.4247456855437,-2.9485223262836557,0.9232066793860938,310.0,1.5843261347783948,0.9176710825949624,-1.6711276198917286,user
0.1058813747368421,0.0024298384286645,0.10789828,0.10310813,0.10789828,5.904114789415186e-06,1.102272727272732,-0.347891686238537,5.063816605263159,0.0139714378097867,5.0754137,5.0478706,5.0754137,0.0001952010744727,1.102272727272692,-0.3478916862384361,8.425097421052632,0.0080182157222436,8.431753,8.415946,8.431753,6.429178336843484e-05,1.102272727272451,-0.3478916862378221,46.35850263157895,0.1390787847341715,46.473946,46.199768,46.473946,0.019342908363134,1.1022727272726387,-0.3478916862383006,-24.38768247368421,0.0241398663886773,-24.367645,-24.415234,-24.367645,0.0005827331492631,1.1022727272726858,-0.3478916862384218,9.997362684210527,0.9269507819371504,10.766785,8.939407,10.766785,0.8592377521338945,1.1022727272727262,-0.3478916862385228,-0.0121710847368421,0.0024858652481514,-0.010107674,-0.0150082745,-0.010107674,6.179526031967313e-06,1.1022727272727273,-0.3478916862385263,-0.0154732925263157,0.0281010911922085,-0.03879881,-0.03879881,0.016599294,0.0007896713261928,1.1022727272727273,0.347891686238526,0.0003853762105263,0.0039719806867592,0.003682348,-0.00414796,0.003682348,1.5776630575988397e-05,1.102272727272727,-0.3478916862385258,9.830349905851415,0.0140940998173911,9.84204881709005,9.814263902898295,9.84204881709005,0.0001986436496625,1.10227272727257,-0.3478916862381255,0.0328928003060229,0.0088785952493975,0.0402625436094079,0.0227594032638684,0.0402625436094079,7.88294536026244e-05,1.102272727272728,-0.3478916862385268,53.33455753008834,0.2812682064143579,53.56802627401131,53.01353800719424,53.56802627401131,0.0791118039395498,1.102272727272755,-0.3478916862385971,123.0,58.0,26.487958526315797,-11.984210473684207,2.291633526315792,15.570176526315793,1419.0,990.0,181.99433157894737,-101.83014842105264,5.031131578947225,107.63127157894738,1.0910178818339895,1.2825233694119835,1.572498643690779,2.155015935910608,-0.0053119889841193,0.0040339507503467,0.0133919834514458,0.0040339507503467,502.7666456904911,1.0,0.007874016,433.89630097524457,-2.9912212255826587,0.8630172758961343,303.0,1.659295860364657,0.9176710825949624,-1.6711276198917286,user
0.1715275714285714,0.0249487993237924,0.18166675,0.121550225,0.18717542,0.0006224425876988,3.4393377568923844,-1.6642274223358045,5.093194257142858,0.006713923759812,5.087868,5.087868,5.1041546,4.507677225256892e-05,1.77454818443853,0.6896835109842305,8.406228404761904,0.0222437893431055,8.38936,8.38936,8.4418125,0.0004947861643404,1.9287276399796744,0.8466260485066249,46.62484066666667,0.5571788371140189,46.24373,46.24373,47.678436,0.3104482565277305,2.822923026495965,1.28299983594342,-23.953265904761903,0.2723239536908035,-23.724861,-24.313683,-23.724861,0.0741603357537909,1.1736418420090893,-0.3612091787117361,9.272613333333332,0.3711839381367864,9.042831,9.042831,9.915924,0.1377775159307336,2.4628470983132598,1.2746050266951443,-0.0176513514761904,0.002185291998782,-0.018843526,-0.018843526,-0.013836393,4.775501119940757e-06,2.5124999999999984,1.326535069592479,-0.0015116188571428,0.0248983946136648,0.012071569,-0.04497782,0.012071569,0.0006199300543377,2.5125,-1.3265350695924798,0.0069113675238095,0.0061141724360038,0.003575813,0.003575813,0.017585142,3.738310457718877e-05,2.512500000000002,1.326535069592481,9.830330171804915,0.0215213465963552,9.81329530805425,9.81329530805425,9.86310156658084,0.0004631683593204,1.6689851752540292,0.6698761034922823,0.0292276734353527,0.012034210921422,0.0226624731405335,0.0226624731405335,0.0502363143787739,0.0001448222325012,2.512500000000001,1.32653506959248,53.23294655846413,0.6207521318390906,52.75532566743174,52.75532566743174,54.29782817216789,0.3853332091827757,2.0527394051671704,0.8433486671412797,102.0,35.0,22.90042957142857,-4.15959042857142,3.900429571428575,13.892079571428582,1424.0,979.0,202.96449761904773,-117.45570238095227,10.82489761904776,111.89769761904768,1.028989478360102,1.2564130116947083,1.6573915827902606,1.8941194810844968,-0.0157469939446363,0.0013870261620987,0.0130512382692274,-0.0052688280434062,475.5340452634341,1.0,0.007874016,450.0155552867034,-2.9921533158586664,0.9463371966089325,323.0,1.4722416262025824,0.9176710825949624,-1.6711276198917286,user
0.0994077288999999,0.0096576771910594,0.090893224,0.090893224,0.109814346,9.327072872670929e-05,1.040404040404038,0.2176865976463832,5.1168725,0.0124695065005964,5.127866,5.103436,5.127866,0.0001554885923684,1.0404040404040555,-0.2176865976464516,8.377111099999999,0.0358200993532076,8.345531,8.345531,8.415709,0.0012830795176736,1.0404040404040586,0.2176865976464664,46.8176383,0.3350515052869691,47.11303,46.456604,47.11303,0.1122595111950638,1.040404040404036,-0.2176865976463744,-24.5956161,0.8228863663178412,-25.321098,-25.321098,-23.708916,0.6771419718717804,1.040404040404035,0.2176865976463713,9.6147371,1.382028633658961,10.833176,8.125534,10.833176,1.910003144253254,1.040404040404038,-0.2176865976463818,-0.01036602095,0.0012778661449116,-0.011492627,-0.011492627,-0.008989058,1.6329418843114203e-06,1.04040404040404,0.2176865976463899,-0.0238839303,0.0261010842360252,-0.046895448,-0.046895448,0.004241258,0.000681266598296,1.04040404040404,0.2176865976463915,0.004201706788,0.0053017839776719,-0.00047250884,-0.00047250884,0.009914637,2.810891334589869e-05,1.0404040404040404,0.2176865976463918,9.816779335133866,0.0241746224059681,9.795466245365052,9.795466245365052,9.842828667073526,0.0005844123684711,1.040404040404083,0.2176865976465636,0.0328745264365815,0.0174800457443671,0.0482854717599995,0.0140389265968483,0.0482854717599995,0.0003055519992251,1.040404040404041,-0.2176865976463907,53.7685152993614,0.9118827998423354,54.57245918916867,52.785917211819175,54.57245918916867,0.8315302406482968,1.0404040404040404,-0.2176865976463933,113.0,72.0,12.468776700000006,-8.097859299999989,5.059831700000004,9.952297500000006,1408.0,968.0,174.54710250000016,-111.3361374999999,19.840202500000142,110.37610250000024,1.0066896502429832,1.0827750741534057,1.759256887617999,2.300608404370072,-0.0125155557329316,0.0027393063993872,0.0171036527120646,-3.7518422146486254e-05,498.2791031685357,1.0,0.007874016,441.906098622773,-3.048679133654464,0.8868646022133195,317.0,1.5718583696168318,0.9176710825949624,-1.6711276198917286,user
0.1613756392,0.0427315072720845,0.16585922,0.1287355,0.249208,0.0018259817137442,3.276216149951261,1.3314455874242996,5.070364532,0.0307563282403898,5.0986457,5.039008,5.1008015,0.0009459517268305,1.0084684105140935,-0.083439132477705,8.42619752,0.0284279056608109,8.448998,8.397505,8.460974,0.0008081458202599,1.090953638037763,-0.0168432959236039,47.5857292,0.359873814937958,47.562866,46.8748,47.932182,0.1295091626779997,2.979666278547239,-1.0331100585667388,-24.58160424,0.5133966940796763,-24.276646,-25.076473,-23.783154,0.2635761654919407,1.5139310847006815,0.2801611472735568,9.76311956,0.2566682804503505,9.80864,9.517563,10.070297,0.0658786061893398,1.237864361280603,0.2238121482922244,-0.01712618772,0.0002192394212521,-0.017032437,-0.017618379,-0.017032437,4.8065923830959856e-08,4.440476190476163,-1.9754091793526891,-0.01976955792,0.0037071357332263,-0.01818432,-0.028092057,-0.01818432,1.3742855344563655e-05,4.440476190476191,-1.9754091793527015,-0.0007345843399999,0.0032487271397343,-0.0021237985,-0.0021237985,0.00655879,1.0554228028446515e-05,4.440476190476192,1.9754091793527024,9.835511442983284,0.0407579412023067,9.86961318689803,9.794195458436045,9.882730472816824,0.0016612097710506,1.054131685734108,-0.0456698575128332,0.026413121256504,0.0032913569168084,0.0250056778370427,0.0250056778370427,0.0338021992086756,1.0833030353823102e-05,4.440476190476185,1.9754091793527,54.44478340482302,0.4348843589897203,54.604392915887765,53.47050315713624,54.6649841668197,0.1891244056938998,4.408514366321065,-1.957217966506423,102.0,39.0,19.705634680000003,-0.2943653199999971,0.7056346800000028,7.418719680000003,1371.0,949.0,182.48490199999992,-101.99691799999992,5.742001999999957,104.372842,0.774695294117646,0.9261076800943484,1.1700631412327929,1.6107472828580771,-0.0071654653114494,-0.0005896193771625,0.0078022928372254,0.0063987660230229,432.3503877400856,1.0,0.007874016,426.6766925905375,-2.993398035570403,0.9868770901786286,399.0,1.0835849316794124,0.9176710825949624,-1.6711276198917286,user
0.1971663214285714,0.0268356463482014,0.21352129,0.1562789,0.21352129,0.0007201519149257,1.900000000000003,-1.0665364503850807,5.128448257142857,0.0123509140219673,5.120921,5.120921,5.1472664,0.000152545077178,1.899999999999839,1.066536450384933,8.393570142857143,0.0304288709385251,8.412115,8.347208,8.412115,0.0009259161865934,1.900000000000067,-1.0665364503851351,47.34994714285715,0.4917600329652459,47.64965,46.60069,47.64965,0.2418279300219798,1.8999999999998545,-1.0665364503849477,-24.316551142857147,0.2508085869014786,-24.163696,-24.698689,-24.163696,0.0629049472635165,1.8999999999999049,-1.066536450384992,10.815715428571428,0.267252000526647,10.978592,10.408524,10.978592,0.0714236317854949,1.899999999999986,-1.066536450385064,-0.012504708,0.0,-0.012504708,-0.012504708,-0.012504708,0.0,0.0,0.0,-0.007743912,0.0,-0.007743912,-0.007743912,-0.007743912,0.0,0.0,0.0,0.010979984,0.0,0.010979984,0.010979984,0.010979984,0.0,0.0,0.0,9.83835223635806,0.019994968679446,9.850538158027168,9.807887432185291,9.850538158027168,0.000399798772492,1.8999999999998989,-1.0665364503849877,0.0183547253825619,0.0,0.0183547253825619,0.0183547253825619,0.0183547253825619,0.0,0.0,0.0,54.31864946338068,0.3675782814192354,54.54266982652555,53.75859855551851,54.54266982652555,0.1351137929711186,1.899999999999936,-1.0665364503850192,92.0,66.16706,8.231780999999984,-4.723271400000016,2.824440999999986,5.651684999999986,1171.0,1016.0,92.61995142857133,-37.59448457142874,-8.974798571428664,27.38059142857129,0.3913801662216402,0.4851977890535103,1.059960797425518,0.2718452972741345,-0.0139229619225693,-0.0044712159437101,0.0050690660805795,-0.0190424940982423,198.41340494632087,1.0,0.007874016,157.1379673695813,-2.976446445225877,0.7919725353843591,228.0,0.8702342322207058,0.9176710825949624,-1.6711276198917286,user
-0.1165686091428571,0.0229534563745793,-0.11508366,-0.1464592,-0.09065385,0.0005268611595397,1.5480687613466926,-0.2189423281648393,5.1065839,0.0148383948438222,5.10152,5.0909815,5.12595,0.0002201779615411,1.4662209960077377,0.4183952861621808,8.435244142857142,0.0401327881099597,8.411635,8.405409,8.493547,0.0016106406814789,1.6379055540892573,0.82205434001723,47.09146668571429,0.4707084486260949,46.85437,46.659634,47.72441,0.221566443607985,1.447101792083186,0.5973270576831534,-24.24544357142857,0.7971856011371307,-24.289955,-25.233719,-23.295013,0.6355048826603683,1.5207117403584849,-0.0194678554328891,11.116456342857145,0.07342389386935,11.071182,11.0569,11.216324,0.0053910681909375,1.440176941895286,0.671047857763233,0.0238160540571428,0.0138918178563107,0.021266827,0.009121859,0.04262706,0.0001929826033529,1.5749641789433029,0.4066484092861687,0.0032383079999999,0.0210622249008026,0.001684423,-0.022658784,0.028531194,0.0004436173177719,1.5167535858147223,0.0102595204281236,0.0211342727714285,0.0046227981197863,0.018011281,0.017691677,0.027439611,2.1370262456300664e-05,1.4386032177192802,0.6894841337248382,9.861315708354349,0.0299939937151498,9.851102020815944,9.832834021186406,9.90352884439763,0.0008996396589844,1.6069304296998637,0.6212527269421217,0.0397499661285793,0.0092690065756727,0.0397404378031482,0.0289651142633708,0.0515256536092771,8.591448289986505e-05,1.533501201741271,0.1139451395577451,54.1257888222784,0.5175204334099927,54.185948890786406,53.4842097225358,54.71222119255533,0.2678273989968667,1.4572848720888631,-0.1680198559171873,795.0,916.0,74.5097077142857,-29.5016042857143,-3.2183922857143443,25.56397971428573,1962.0,1440.0,238.36663428571435,-124.02700571428576,5.284334285714294,118.43047428571444,0.6550116565927788,0.7623751529591505,1.0447946161769066,1.4022171330727715,-0.0069880779317335,0.0,0.007630394586037,0.0,498.7277397376548,1.0,0.007874016,535.8404613315422,2.9138146479246445,1.0744147931563015,562.0,0.8874159070065032,0.8955015394761578,-1.3325735696649867,user
-0.0974689354545454,0.0108818727980401,-0.10694039,-0.10694039,-0.08610319,0.0001184151555927,1.0333333333333332,0.2127615795014078,5.075980163636364,0.026516744506529,5.0529003,5.0529003,5.103676,0.0007031377392245,1.0333333333333663,0.2127615795015648,8.432602545454545,0.0014998530837143,8.433908,8.431036,8.433908,2.249559272727353e-06,1.0333333333335804,-0.2127615795025927,47.07988181818182,0.355452647249061,46.7705,46.7705,47.45114,0.1263465844363654,1.0333333333333348,0.212761579501415,-24.13617545454545,0.5408155835627096,-24.606895,-24.606895,-23.571312,0.2924814954242741,1.0333333333333337,0.2127615795014107,10.859964181818183,0.000589601020723,10.859451,10.859451,10.86058,3.476293636376541e-07,1.0333333333316552,0.2127615794933743,-0.027017655090909,0.0055357812172463,-0.022199376,-0.03279959,-0.022199376,3.0644873685217096e-05,1.0333333333333337,-0.2127615795014096,0.0167348829090909,0.0287359865593045,-0.008276583,-0.008276583,0.046748642,0.0008257569235365,1.0333333333333334,0.2127615795014088,0.0149072454545454,0.0197507777321179,-0.0022836,-0.0022836,0.03553626,0.0003900932210235,1.0333333333333334,0.2127615795014084,9.842991016568048,0.0122878015664608,9.832295858100355,9.832295858100355,9.855825206729277,0.0001509900673367,1.033333333333444,0.2127615795019385,0.043556128344286,0.0226959165019785,0.0238018686221326,0.0238018686221326,0.06726124001087,0.0005151046258647,1.033333333333334,0.2127615795014094,54.01282710152375,0.0689445945647426,53.95281853446051,53.95281853446051,54.08483738199962,0.0047533571196967,1.0333333333332828,0.2127615795011679,779.0,843.05817,39.707769090909096,-15.978800909090978,-4.057900909090904,14.83593909090905,1897.0,1509.1781,176.3367545454546,-103.22724545454548,-4.957545454545425,107.86365454545466,2.013160349050278,2.1786068189978813,2.5794494741884484,2.1786068189978813,-0.0216721877552642,-0.0021893976700835,0.0118911657717566,-0.0049824517183319,495.3178887241687,1.0,0.007874016,393.07667860528034,2.977896461623582,0.7935846605858724,164.0,3.020231028805907,0.8955015394761578,-1.3325735696649867,user
-0.10155146575,0.0054067258032279,-0.099036634,-0.11244907,-0.099036634,2.923268391129059e-05,3.5641025641025625,-1.7719247798458344,5.0395768125,0.0028963660960763,5.040924,5.033739,5.040924,8.38893656250066e-06,3.5641025641019315,-1.771924779845507,8.400393124999999,0.0458605407496472,8.379062,8.379062,8.492828,0.00210318919785,3.564102564102356,1.7719247798457274,47.955088875,0.4872207789225019,48.18171,46.973064,48.18171,0.2373840874138495,3.5641025641025514,-1.771924779845829,-24.19140425,0.4658807888885312,-23.974709,-25.130417,-23.974709,0.2170449094554002,3.5641025641026043,-1.7719247798458568,10.221579625,0.3725851484509951,10.048279,10.048279,10.972549,0.13881969284625,3.5641025641025714,1.7719247798458395,0.0476674855,0.0289023587777475,0.061110847,-0.010587081,0.061110847,0.0008353463429176,3.5641025641025634,-1.771924779845835,0.0364813554375,0.0224175797143352,0.04690845,-0.008702721,0.04690845,0.0005025478802485,3.564102564102565,-1.7719247798458355,0.01681276275,0.0156321808275848,0.024083763,-0.014694905,0.024083763,0.0002443650774263,3.564102564102565,-1.7719247798458353,9.796678463889355,0.0379457737945191,9.77902873645916,9.77902873645916,9.873160616086867,0.0014398817488648,3.564102564102352,1.7719247798457252,0.0693488147313997,0.0244372927991777,0.0807153389554927,0.020093876426997,0.0807153389554927,0.0005971812793527,3.564102564102563,-1.7719247798458349,54.68027218787533,0.1434163459125527,54.74697946937915,54.3912073013588,54.74697946937915,0.0205682482749089,3.564102564102524,-1.7719247798458144,778.0,874.0,55.540108749999945,-31.24539125000001,-3.090661250000039,27.727408749999995,1906.0,1465.0,218.1329249999999,-125.290475,-13.096175000000017,131.45562500000003,1.4466610818754886,1.8622755705937015,2.002194759058946,1.829059151689916,-0.0136536907782436,0.0024856933250224,0.0152035773961898,0.004893449039991,493.3114334570219,1.0,0.007874016,451.32804034316325,2.927249563933508,0.9148947495101666,251.0,1.965384197039928,0.8955015394761578,-1.3325735696649867,user
-0.169930994375,0.0495312802744828,-0.13759741,-0.24106488,-0.13759741,0.0024533477256293,1.6545454545454543,-0.8952565163435888,5.080188687500001,0.0040130557221607,5.077569,5.077569,5.085952,1.6104616229166914e-05,1.6545454545458709,0.8952565163440157,8.4251821875,0.0170838505972488,8.41403,8.41403,8.449717,0.0002918579512291,1.6545454545456717,0.8952565163438116,46.2840554375,0.6398499722542269,45.866367,45.866367,47.20297,0.4094079869937349,1.6545454545454756,0.8952565163436105,-25.3976515625,0.2033015082016416,-25.530365,-25.530365,-25.105682,0.0413315032370621,1.6545454545454803,0.8952565163436151,10.892925875,0.0524105173056886,10.927139,10.817657,10.927139,0.0027468623242498,1.6545454545453977,-0.8952565163435308,0.02016153225,0.0176458813728995,0.008642456,0.008642456,0.0455035,0.0003113771294264,1.6545454545454543,0.8952565163435887,0.028424655625,0.0101999315013671,0.02176623,0.02176623,0.043073192,0.0001040386026325,1.6545454545454537,0.8952565163435884,0.0208144756875,0.0268768176534808,0.038359426,-0.017784415,0.038359426,0.0007223633271784,1.654545454545455,-0.8952565163435888,9.839877292462976,0.0176524579069034,9.828353923109388,9.828353923109388,9.865228705040872,0.0003116092701549,1.6545454545455802,0.8952565163437183,0.0512522592046145,0.0096644846827302,0.0449433685561542,0.0449433685561542,0.0651318186312273,9.340226418272714e-05,1.654545454545453,0.8952565163435873,53.90871874180356,0.4448386345507659,53.61833199137432,53.61833199137432,54.54756959274789,0.1978814107889898,1.654545454545485,0.89525651634362,794.0,914.0,71.98576812499994,-37.25849187500012,-10.009556875000044,40.65446812499988,1871.0,1381.0,236.37688125,-132.9605187499999,0.3851812499999596,132.57538124999996,1.488960514884899,2.066873495428606,2.6608557492346803,2.6608557492346803,-0.0146817195787724,-0.0012041555393711,0.0196029771920633,0.0113869580799272,561.8359542467126,1.0,0.007874016,504.4799302251776,2.90142164572962,0.897913218995684,242.0,2.3216361745731926,0.8955015394761578,-1.3325735696649867,user
-0.1042145561904761,0.0126953878685136,-0.10358727,-0.11173055,-0.05161404,0.000161172873132,15.523206403884016,3.839023430969587,5.078139771428572,0.0108318356773518,5.0871496,5.0651155,5.0871496,0.0001173286641411,1.1804008233032892,-0.3895448120176826,8.442372952380952,0.0080794446373257,8.445167,8.407564,8.445167,6.527742564761133e-05,18.09728246594293,-4.391977144093292,47.11702723809523,0.3842396251377396,47.265263,46.739197,48.36084,0.1476400895259906,6.171245995683683,1.492267325825342,-24.449057904761904,0.209348145150108,-24.272316,-24.68982,-24.272316,0.0438266458777907,1.0941424367280812,-0.3179625996573318,10.622168333333336,0.8839454879232836,11.368698,9.485031,11.368698,0.781359625619932,1.092753485730464,-0.3163235130396998,0.0129089173466666,0.0169696440510326,0.025901092,-0.034717213,0.025901092,0.0002879688192187,3.643675434497237,-1.1483879007212443,0.0286605555238095,0.0163994456049661,0.036681104,-0.038425934,0.036681104,0.0002689418161502,14.739289170478454,-3.710424429481746,0.014693482095238,0.0066011870420503,0.01390969,-0.011818468,0.019183164,4.357567036413299e-05,13.74959266747373,-3.4421121851570886,9.852525505934365,0.0099264570955586,9.85954699938974,9.82025786005017,9.85954699938974,9.853455046996738e-05,6.096954346644115,-1.7876127896388,0.0414032941383822,0.0080440169276149,0.0470090356564286,0.031530353578015,0.0531179204047631,6.470620833175563e-05,1.3378443276345144,-0.422295930870998,54.14239053918707,0.368315218433656,54.335970633441605,53.732266253262246,55.100423695531205,0.1356561001298317,3.097047392683882,0.4584471077089972,772.0,886.0,62.40413571428576,-29.21360428571427,-2.220864285714242,28.283335714285727,1883.0,1452.0,211.9456,-120.57799999999996,-8.440499999999929,124.14820000000007,1.0986403905381363,1.2993180849537511,1.502879009770176,1.0489065364203412,-0.0165384458300309,3.105827233864902e-06,0.0082264273102655,-0.0024716231794155,567.4750097868291,1.0,0.007874016,445.8217132442071,2.883013088154373,0.7856235174332683,335.0,1.6939552530950122,0.8955015394761578,-1.3325735696649867,user
-0.0963149354545454,0.0103754862018985,-0.08706122,-0.107419394,-0.08706122,0.0001076507139257,1.0333333333333337,-0.1962141687034874,5.0666388181818185,0.0017091018564861,5.0651145,5.0651145,5.068468,2.921029155844372e-06,1.0333333333343933,0.196214168708163,8.461757636363636,0.0155024482691503,8.475584,8.445166,8.475584,0.0002403259023376,1.0333333333333172,-0.1962141687034168,46.512834090909095,0.7276452100447287,45.86386,45.86386,47.291603,0.5294675517010374,1.0333333333333232,0.1962141687034447,-25.155445181818184,0.1223724064304714,-25.264587,-25.264587,-25.024475,0.0149750058555844,1.033333333333354,0.1962141687035729,10.545264363636363,0.5341357389862027,10.068878,10.068878,11.116928,0.2853009876623369,1.0333333333333286,0.1962141687034648,-0.017937982,0.0,-0.017937982,-0.017937982,-0.017937982,0.0,0.0,0.0,0.02245871,0.0,0.02245871,0.02245871,0.02245871,0.0,0.0,0.0,0.034950316,0.0,0.034950316,0.034950316,0.034950316,0.0,0.0,0.0,9.863145434978769,0.0123187357634065,9.874132300875562,9.849961195902615,9.874132300875562,0.0001517512508086,1.033333333333539,-0.1962141687043944,0.0452514026478327,0.0,0.0452514026478327,0.0452514026478327,0.0452514026478327,0.0,0.0,0.0,53.92401195695488,0.6756248567750179,53.32143391319342,53.32143391319342,54.64710560946863,0.4564689470922635,1.0333333333333246,0.196214168703451,759.0,895.0,75.44931090909097,-40.54347709090903,-3.645939090908996,35.24841090909099,1873.0,1424.0,224.6030545454546,-117.2638254545454,-16.367395454545317,127.93813454545464,0.9636173207125628,1.338971279151438,1.5406301111490803,1.3118661162422185,-0.0115187520866825,0.0020240435403936,0.0118974682835126,0.0039851030580998,552.2414110046149,1.0,0.007874016,469.1449669345287,2.8474817207954635,0.8495287705445331,339.0,1.6290307109280675,0.8955015394761578,-1.3325735696649867,user
-0.1004896321333333,0.022015290120856,-0.0805945,-0.123226926,-0.0805945,0.0004846729991054,1.0178571428571452,-0.1489608979310621,5.11308032,0.0045760072832107,5.108945,5.108945,5.1178064,2.0939842655998222e-05,1.0178571428570715,0.1489608979306065,8.379237666666667,0.0138523704349358,8.391756,8.364931,8.391756,0.0001918881666666,1.0178571428571137,-0.1489608979308767,46.658154,0.0224787953413884,46.63784,46.63784,46.68137,0.00050529624,1.0178571428573873,0.1489608979325861,-24.514495066666665,0.5562290894200586,-24.011833,-25.088966,-24.011833,0.3093907999170674,1.0178571428571366,-0.1489608979310146,10.883641733333333,0.7487989853712858,10.206955,10.206955,11.656998,0.5606999204930669,1.0178571428571457,0.1489608979310752,0.0175771708933333,0.0237386885461387,-0.0038753897,-0.0038753897,0.042094383,0.0005635253338905,1.0178571428571426,0.1489608979310555,0.0146532613333333,0.0396378337516813,-0.021167295,-0.021167295,0.05559104,0.0015711578645259,1.0178571428571432,0.1489608979310542,-0.0026671257333333,0.0126257904124179,0.008742752,-0.015706986,0.008742752,0.0001594105835383,1.017857142857142,-0.148960897931054,9.816612664777413,0.0092112176921791,9.824936806412104,9.807099360052051,9.824936806412104,8.484653137271328e-05,1.0178571428569791,-0.1489608979300308,0.045744000190758,0.0249161997009024,0.0232273273425376,0.0232273273425376,0.0714773405887242,0.0006208170075352,1.017857142857143,0.1489608979310525,53.82417099262427,0.4250634572546539,53.44004279805092,53.44004279805092,54.26317464356523,0.1806789426932789,1.0178571428571184,0.1489608979309001,739.0,793.0,17.85218199999997,-12.401486000000022,2.4266420000000157,12.799349999999937,1884.0,1646.0,131.16007999999988,-62.479260000000025,-12.839519999999991,53.23627999999992,0.49386437901742,0.7968812121905045,1.5056104253691072,0.2717063523019862,-0.0156255149797679,-0.0070585695380867,0.0009195144427211,-0.0153281625803283,356.5561817630332,1.0,0.007874016,244.0491753725056,2.9184792925348915,0.6844620507370712,243.0,1.46730938997133,0.8955015394761578,-1.3325735696649867,user
-0.0741371843372549,0.0311309140726742,-0.09089335,-0.09520449,-0.0061075212,0.0009691338110002,2.302548809039126,1.1314329682509987,4.996155474509804,0.0116245927059292,4.9973345,4.9542227,5.0045195,0.0001351311555787,7.256530428770456,-1.9947553346344724,8.46372605882353,0.0132408381296836,8.465285,8.44349,8.503607,0.0001753197943764,3.281835362861865,-0.0552063122130215,46.85755064705882,0.8898362490196798,46.643906,45.881138,48.349228,0.7918085500694138,2.290782870433884,0.8365082940062673,-24.92135249019608,0.3936356296432201,-25.055367,-25.317535,-24.064835,0.1549490089246143,2.1607247530604408,0.84656456188033,10.160452647058824,0.5038546169068537,10.282867,9.469101,10.830185,0.2538694749783524,1.7627638631385498,0.0194838029306981,0.0010732594549019,0.0126460551053699,0.007523838,-0.019855607,0.028564466,0.000159922709728,2.79337150752752,-0.6194603424922889,-0.004085168745098,0.0257954391220199,0.014734936,-0.04481802,0.023310987,0.0006654046794978,1.8359499131743828,-0.6337266876652339,0.0109674487843137,0.0122750634288555,0.009595029,-0.046229206,0.027279807,0.0001506771821824,10.425250493733737,-1.553323048661395,9.828674833749115,0.0115220114636485,9.823981834333756,9.808712054614594,9.864879498138285,0.0001327567481684,3.103751726362372,0.3863022061353653,0.0313399059071848,0.0107265561066495,0.0352163907309316,0.0195227629053225,0.0486267875051915,0.0001150590059091,1.3776250396730003,0.1951069254203995,54.03957678278843,0.9255726771820912,53.66053076579573,53.27839706128012,55.64097711045731,0.8566847807460235,2.3532437041012844,1.0786109966976634,801.0,964.0,103.83621764705867,-43.64998235294138,-12.399132352941365,42.14171764705873,1882.0,1354.0,257.29950588235306,-153.08459411764693,16.689705882352882,142.97760588235292,0.4929891520160712,0.5980797269242457,0.7773310513042617,0.4219327458205942,-0.0086289150815583,0.0017732354810037,0.0041183949323999,-0.0086289150815583,543.8310600169099,1.0,0.007874016,552.5875496244917,2.842162375812016,1.0161014885896908,832.0,0.6536431009818628,0.8955015394761578,-1.3325735696649867,user
-0.0606240978571428,0.029545664795121,-0.083947614,-0.083947614,0.014969185,0.0008729463081856,2.728674237982358,0.8847694886853945,5.086009519047619,0.0166480776558625,5.0797253,5.0315843,5.102239,0.0002771584896356,6.388696114003077,-1.5569096431560634,8.428856857142858,0.0341200979662803,8.411635,8.33643,8.466243,0.0011641810852285,3.473205382102395,-0.6021710032546073,47.36218423809524,0.2235820608071888,47.311882,46.520565,47.54284,0.0499889379147895,10.721449916483149,-2.7219517449851374,-24.70051433333333,0.0266161541161259,-24.680168,-24.775505,-24.680168,0.0007084196599333,3.6907694328112415,-1.1614652873934583,11.093723,0.1435052124593387,11.092392,10.490463,11.171127,0.0205937460029999,16.43037187628941,-4.035936809635634,0.0316260725047619,0.0411905735355201,0.06627779,-0.016659565,0.06627779,0.001696663348185,1.122517526396827,-0.3377291982493194,0.0354711766666666,0.0393374277237691,0.06869482,-0.01493501,0.06869482,0.0015474332199227,1.0921335103263277,-0.3160068601191961,0.0088847983428571,0.0145119538706357,0.017478606,-0.046229206,0.017478606,0.0002105968051434,11.011799339124549,-2.9207692430500583,9.844676289422004,0.0376338790513112,9.826813303333964,9.737203386466057,9.884904881423552,0.0014163088524487,4.07206493700488,-0.8179671067840096,0.0649042252044508,0.0385451307309846,0.0970423897573618,0.0187316580874915,0.0970423897573618,0.0014857271030686,1.1709244922216375,-0.3796945612517055,54.55625129143992,0.2196183555003932,54.50289929143047,53.740472921985145,54.73825158763594,0.048232222072697,10.195070553702664,-2.590238985068236,778.0,936.0,90.97183285714276,-47.75722714285723,-4.089667142857252,42.65298285714277,1846.0,1357.0,261.0405476190474,-121.6623523809526,-18.128652380952644,127.1438476190474,1.2317289837683478,1.4341448292585646,1.828422028487349,1.4341448292585646,-0.0155875585689576,0.0008610029183029,0.0110318311162247,-0.0111069962358729,685.1568200208548,1.0,0.007874016,513.8920120025218,2.829072606261629,0.7500356078873739,339.0,2.0211115634833474,0.8955015394761578,-1.3325735696649867,user
-0.0509518701764705,0.0266634272072069,-0.070056155,-0.070056155,-0.015927348,0.000710938350434,1.3787878787878782,0.6766922918967354,5.048278617647059,0.0017698344545582,5.0495467,5.0459538,5.0495467,3.132313996541648e-06,1.378787878789077,-0.6766922918983423,8.449026529411766,0.0207642382930298,8.434149,8.434149,8.476302,0.0004311535918897,1.3787878787877257,0.676692291896531,46.87052352941176,0.6199691327315304,47.31473,46.056145,47.31473,0.384361725539886,1.3787878787878771,-0.6766922918967343,-24.28735358823529,0.1061142080773464,-24.211323,-24.426743,-24.211323,0.0112602251558823,1.378787878787939,-0.6766922918968167,9.759220529411763,0.2165986940029061,9.914413,9.474701,9.914413,0.0469149942437645,1.3787878787878871,-0.6766922918967478,0.0125654383529411,0.0151924414140789,0.023450788,-0.007391036,0.023450788,0.0002308102761202,1.378787878787878,-0.6766922918967357,0.0217035628470588,0.0185248086170204,0.034976546,-0.0026302396,0.034976546,0.0003431685342972,1.3787878787878791,-0.6766922918967369,0.0048636318823529,0.0055626905735579,0.008849287,-0.0024434025,0.008849287,3.094352641715102e-05,1.3787878787878785,-0.6766922918967359,9.84248822476862,0.0168048987512753,9.83044755311452,9.83044755311452,9.8645627894678,0.0002824046220406,1.3787878787879422,0.676692291896821,0.0307431925273166,0.0171488663111039,0.0430303161540724,0.0082167992115975,0.0430303161540724,0.0002940836157561,1.378787878787879,-0.6766922918967366,53.68532653895044,0.5317501136046839,54.06632428340027,52.98683067412576,54.06632428340027,0.2827581833185943,1.378787878787867,-0.6766922918967202,763.0,923.0,84.1509494117646,-45.65261058823537,-6.575000588235412,48.178899411764576,1836.0,1396.0,214.9893647058825,-129.5114752941175,-5.633435294117589,122.32940470588262,1.4059348722004932,1.7116932560411695,1.940196984237259,1.1928070336460823,-0.0164208416792547,-0.0038173480197281,0.0100509029616165,-0.0037094177271431,597.6551234190865,1.0,0.007874016,468.187996428785,2.792821650005886,0.7833748563056878,259.0,2.307548739069832,0.8955015394761578,-1.3325735696649867,user
0.00091805,0.03532743,-0.02263357,-0.02263357,0.04802129,0.0012480273104048,1.5,0.8571428571428572,5.044357733333333,0.0209569999999999,5.0303864,5.0303864,5.0723004,0.0004391958489999,1.5000000000001277,0.8571428571430209,8.473189666666666,0.0258664999999999,8.490434,8.438701,8.490434,0.0006690758222499,1.5000000000001368,-0.8571428571430336,46.906027666666674,0.2509839999999962,46.738705,46.738705,47.240673,0.0629929682559981,1.5000000000000286,0.8571428571428936,-25.188657,0.1469610000000012,-25.090683,-25.384605,-25.090683,0.0215975355210003,1.5000000000000726,-0.8571428571429505,10.417251666666663,0.4860994999999991,10.741318,9.769119,10.741318,0.2362927239002491,1.5000000000000036,-0.8571428571428616,-0.0110664833333333,0.029883016,-0.030988494,-0.030988494,0.028777538,0.0008929946452562,1.5000000000000009,0.8571428571428578,-0.018503925,0.0496185825,-0.05158298,-0.05158298,0.047654185,0.0024620037293093,1.5000000000000009,0.8571428571428575,0.012453714,0.0007457445,0.012950877,0.011459388,0.012950877,5.561348592802512e-07,1.5,-0.8571428571428572,9.861159532907234,0.0114269335888367,9.868777488633125,9.845923621455452,9.868777488633125,0.0001305748112436,1.5,-0.8571428571428572,0.0599810653575962,0.0023584379895897,0.061553357350656,0.0568364813714766,0.061553357350656,5.5622297507399125e-06,1.4999999999999971,-0.8571428571428532,54.25324790299129,0.1936299816398014,54.124161248564754,54.124161248564754,54.51142121184436,0.0374925697898298,1.5000000000000735,0.8571428571429519,755.0,909.61414,98.44786333333344,-40.4309966666666,-16.693926666666584,39.08009333333341,1853.0,1407.5787,201.1787333333334,-126.45644666666652,12.300333333333356,122.86925333333336,2.773530055566464,3.0837599602864785,4.295293934328705,3.9117037677526594,-0.033759602503753,0.0249675444369101,0.0592552002983472,0.0249675444369101,623.0389217142543,1.0,0.007874016,471.49301880476406,2.8074868413158858,0.7567633455506748,146.0,4.267389874755167,0.8955015394761578,-1.3325735696649867,user
0.0109712434153846,0.0306410747243202,0.0075444356,-0.023591604,0.08562405,0.0009388754602613,3.4309088078783723,0.8087801878500647,5.076445553846154,0.0227480578697663,5.090982,5.0428405,5.092898,0.0005174741368462,1.6898970730864633,-0.8522182635795408,8.409461846153846,0.021385809975109,8.416666,8.337388,8.419299,0.0004573528682914,10.471340284809036,-3.140193317963455,46.649782615384616,1.0937153287977122,47.294853,45.086258,47.60924,1.1962132204470877,1.584767679206037,-0.679715304846822,-24.93609930769231,0.5768268750205796,-24.688957,-25.684761,-24.320011,0.3327292437460074,1.3846505714879802,-0.3377396998627255,10.319643538461538,0.3981023813415099,10.329971,9.789658,10.766495,0.1584855060297809,1.5556833677196007,-0.2820530739402024,-0.0116155513846153,0.0134824543603678,-0.020388283,-0.020388283,0.026114164,0.0001817765755794,5.127776743892158,1.712793951935754,0.0143989413692307,0.0145237887152278,0.0036020481,0.0036020481,0.03518962,0.0002109404386445,1.5590802486311486,0.7038045756432094,0.0062883536923076,0.0100070030285479,0.010340774,-0.027425818,0.010340774,0.0001001401096133,10.45627919726941,-3.1379672992273,9.822982276596797,0.0190122716013962,9.831283662921352,9.767088897074013,9.837621386514298,0.0003614664714452,6.19408973756333,-1.969628214381252,0.0285240178081656,0.0070475270570325,0.0231427837807355,0.0231427837807355,0.0417646442979363,4.966763761960563e-05,1.6350611060279032,0.6490502870413543,53.89797223629879,1.0906697292928091,54.34202810808868,52.34645174286133,54.97439481032679,1.1895604583956496,1.6436110815672365,-0.6156219076104833,771.0,961.0,102.978768974359,-49.33146102564098,-0.6743310256409814,46.98946897435901,1861.0,1350.0,286.7080794871795,-143.86396051282057,-28.506120512820416,151.61137948717953,0.6038584361004731,0.8311620166773309,1.0855977267332206,0.7402039639098819,-0.0072282156597931,0.0007415748601479,0.0059829556151752,-0.0075620823961332,674.6051931840769,1.0,0.007874016,545.1797868593442,2.7856128734539043,0.8081464423452535,635.0,1.0623703829670503,0.8955015394761578,-1.3325735696649867,user
-0.024412778,0.0209413508414583,-0.030776847,-0.03652504,0.025268022,0.000438540175065,5.029656212415996,2.130877971082015,5.056458628571429,0.0076485895993408,5.0605645,5.044757,5.0634384,5.850092285914522e-05,1.8872607904100465,-0.9587820099907712,8.420463285714286,0.0186633563759109,8.40469,8.40469,8.441574,0.0003483208712142,1.0834286617122408,0.3114261572874606,47.61847085714286,0.3640243118021499,47.922768,47.15619,47.922768,0.1325136995830289,1.19262808149559,-0.3778251092586964,-24.40870757142857,0.2133023645107045,-24.548576,-24.548576,-23.938515,0.0454978987058574,3.835864168222759,1.5918750619979436,10.222111,0.2562385136128065,10.394897,9.666077,10.394897,0.0656581758585004,3.624051758157103,-1.4967984744075111,-0.0149397887571428,0.0085945126195958,-0.014262531,-0.024862746,0.0021970947,7.386564716839187e-05,3.049330859519031,0.8042823381798506,-0.0140827284285714,0.0285136107897628,0.002057293,-0.057921797,0.009035323,0.00081302600027,1.8928733013684107,-0.996441599653493,0.0004406464857142,0.0109123356823658,0.005173836,-0.025614724,0.005173836,0.0001190790700446,5.145032321386062,-2.191171396625588,9.822076908986936,0.0138274173559094,9.810661255444074,9.810661255444074,9.843535111216667,0.0001911974707345,1.390974550741368,0.4687516379894044,0.0306874665552015,0.0214467833491482,0.0153108074238005,0.0153108074238005,0.0631593724777468,0.0004599645160253,1.8219375146073693,0.905772425540612,54.47799840724901,0.4287603481317852,54.838655709729146,53.90937817567078,54.838655709729146,0.1838354361300897,1.1425388987199023,-0.3430898803193354,758.0,938.0,104.05244238095236,-46.30755761904766,-3.41599761904763,39.23294238095241,1816.0,1300.0,263.72199523809513,-117.46250476190494,-19.169404761904843,124.1012952380952,1.1183457449701013,1.456943833846276,1.9595475674799507,1.758491704222815,-0.0130832752940012,0.0038381220068358,0.0146030817499014,0.0097058131686686,708.529754608493,1.0,0.007874016,546.4942817633136,2.805954103262184,0.7713074549216156,333.0,2.127716980806285,0.8955015394761578,-1.3325735696649867,user
-0.025239986,0.0034871691039258,-0.027423736,-0.027423736,-0.019998986,1.2160348359375016e-05,1.816666666666665,0.993609208521769,5.076118411764706,0.0026996529188683,5.077809,5.072061,5.077809,7.28812588235461e-06,1.8166666666667384,-0.9936092085218364,8.435712588235294,0.0062987204758071,8.439657,8.426246,8.439657,3.96738796323527e-05,1.8166666666672844,-0.9936092085223344,46.64237376470588,0.3568661236485439,46.865852,46.106026,46.865852,0.1273534302079378,1.8166666666666669,-0.9936092085217704,-25.09779988235294,0.7301762709567007,-25.555054,-25.555054,-24.00039,0.5331573866682331,1.8166666666666549,0.9936092085217596,10.719598,0.0869736303355783,10.774063,10.588882,10.774063,0.0075644123737498,1.8166666666667248,-0.9936092085218236,0.0126437752470588,0.0177878059117706,0.0015046191,0.0015046191,0.03937775,0.0003164060391548,1.8166666666666664,0.9936092085217704,0.0430606629411764,0.007930708101753,0.048027065,0.031141298,0.048027065,6.289613099521086e-05,1.8166666666666649,-0.9936092085217694,0.0024164654117647,0.0146105169002318,0.011565926,-0.01954224,0.011565926,0.0002134672040919,1.8166666666666669,-0.9936092085217704,9.8452462751627,0.0067972201084653,9.849502859506474,9.835030472737644,9.849502859506474,4.620220120292631e-05,1.8166666666668383,-0.9936092085219274,0.0507317911359968,0.0020899626932822,0.0494230057300017,0.0494230057300017,0.0538728761103851,4.367944059311764e-06,1.816666666666666,0.993609208521769,54.04198423648356,0.6624990838306101,54.45685725559995,53.04628899060423,54.45685725559995,0.4389050360763977,1.8166666666666809,-0.9936092085217832,749.0,819.0,22.486551176470584,-16.634968823529448,9.046251176470603,16.34039117647062,1801.0,1569.0,146.36171764705887,-62.63068235294113,-25.87718235294119,60.83179764705889,0.2216516218154813,1.0055473645325292,1.5315475326849877,0.194138125000002,-0.0204155836392319,-0.0090888639147411,0.0039696997808085,-0.0225447310014291,410.176852025942,1.0,0.007874016,242.33035303073365,2.8485548327612777,0.5907948043235928,257.0,1.5960188794783734,0.8955015394761578,-1.3325735696649867,user
0.3384247265,0.1021660029746645,0.39698443,0.10957484,0.39698443,0.0104378921638191,4.256043724099453,-1.83963878339671,4.951037404999999,0.0484182017516413,4.913746,4.913746,5.0215244,0.0023443222608626,1.5086407927850145,0.6307020349021405,8.48928415,0.060639824122502,8.534264,8.395588,8.534264,0.0036771882696079,1.784046844366168,-0.8027694935917574,46.82739235,0.1666220830797068,46.893036,46.556107,47.01696,0.0277629185698207,2.2410413042434434,-0.960720392298508,-24.2284691,0.5586492987362591,-24.673035,-24.673035,-23.555336,0.3120890389785141,1.167255283592682,0.4424172702246146,9.2185159,0.4381252346597644,9.566666,8.648712,9.566666,0.1919537212456736,1.1871368901916026,-0.4521303730132398,0.01554058185,0.0005854310758534,0.015780285,0.014182264,0.015780285,3.4272954457497733e-07,4.84313725490197,-2.123059867312667,0.03022243055,0.020197386221326,0.038492195,-0.016639568,0.038492195,0.0004079344101734,4.8431372549019605,-2.1230598673126626,0.01212256904,0.0152797618870288,0.0058663124,0.0058663124,0.04757469,0.0002334711233242,4.8431372549019605,2.1230598673126626,9.834127605779988,0.0293567252673245,9.855767773840576,9.78846047241658,9.855767773840576,0.0008618173184211,1.8210644791198625,-0.8275043505237012,0.0435646318384084,0.0037899278412507,0.0420128562677383,0.0420128562677383,0.0523580267388718,1.4363553041887926e-05,4.843137254901945,2.123059867312656,53.52703362179767,0.4184076013725684,53.84455942585172,52.90035681538064,53.84455942585172,0.1750649208863461,1.6285848272581729,-0.7032491946794215,158.0,93.195526,35.962267950000026,-14.811966049999974,-2.537732049999974,13.02219195000003,1268.0,736.0,333.674979,-158.603999,-50.838796,161.90691900000004,0.7910507038385406,1.6333222952200126,2.760042188486199,0.1960367372201986,-0.017091801223929,-0.0102869813473256,0.001987736862845,-0.0061993156652969,1255.3963418590115,1.0,0.007874016,535.9324769506105,-3.0203769270944214,0.4269030098948615,374.0,3.356674710852972,0.8955015394761578,-1.3325735696649867,user
0.9119547882352942,0.1623871676724252,1.013478,0.6599642,1.013478,0.0263695922246723,1.8488721668780344,-1.0049304708067983,4.98352705882353,0.019757967607938,4.9741015,4.9741015,5.051942,0.0003903772839963,9.61492370940218,2.899742734120867,8.526501352941176,0.1317931811831238,8.608033,8.257631,8.608033,0.0173694426063676,2.1385532032091104,-1.090929445673248,45.73261223529412,0.2521016456470328,45.883884,45.305042,45.883884,0.063555239737942,2.3031412997620064,-1.2037460558290412,-25.47591458823529,0.2403013388849138,-25.6194,-25.6194,-25.066772,0.0577447334698822,2.334599606657107,1.2206769448921069,8.374036117647059,0.4604485570658088,8.415329,6.644562,8.682526,0.2120128737039853,13.270810038134234,-3.667680548119863,-0.0458783009999999,0.0398824453821862,-0.06923449,-0.06923449,0.022811582,0.001590609449663,2.431044445512179,1.2770094843438495,-0.0655672365294117,0.1087261214497028,-0.1307916,-0.1307916,0.1188727,0.0118213694854955,2.30478852344281,1.2046181388069794,0.0190296279999999,0.0288157072824958,0.025042579,-0.019702043,0.1018009,0.0008303449861904,5.389254578351488,0.9984517260823408,9.919515131013949,0.1183461207167278,9.993350565144569,9.705817040751128,9.993350565144569,0.0140058042886983,1.9074952253627215,-1.0223236849546455,0.1413562236037765,0.0141695565504897,0.1500899330371339,0.111438001615844,0.1500899330371339,0.0002007763328375,2.244367243969065,-1.121243037190444,53.01727534112175,0.3271777242140139,53.22125730818183,52.50024901714681,53.22125730818183,0.1070452632218613,1.8973037003063589,-1.022817750581589,145.0,82.0,34.277747000000005,-15.367343999999996,0.1177970000000101,11.128499000000009,1154.0,901.0,143.74678117647056,-61.62726482352941,-12.87601882352942,53.04686117647056,0.4113536239733767,0.7779376100925733,1.2641076108474296,0.3497798993547225,-0.0195789887350726,-0.0021238729054345,-0.0001356323929107,-0.0277283526717634,277.61578306721844,1.0,0.007874016,260.725909721301,-2.8975442227527486,0.9391609757942764,269.0,1.0320289333353845,0.8955015394761578,-1.3325735696649867,user
0.0078595782947368,0.0033235684384333,0.0053888643,0.0053888643,0.012095088,1.1046107164950591e-05,1.2976190476190472,0.5934641551187188,-0.062196581368421,0.0055788452888448,-0.06634385,-0.06634385,-0.055086978,3.112351475686618e-05,1.2976190476190537,0.5934641551187289,9.789488,0.0129379933529119,9.799106,9.773,9.799106,0.0001673916719999,1.297619047618821,-0.5934641551183807,50.625492,0.0,50.625492,50.625492,50.625492,0.0,0.0,0.0,-9.145142,0.0,-9.145142,-9.145142,-9.145142,0.0,0.0,0.0,-0.55036926,0.0,-0.55036926,-0.55036926,-0.55036926,0.0,0.0,0.0,-0.0017979592,0.0,-0.0017979592,-0.0017979592,-0.0017979592,0.0,0.0,0.0,0.0028030362,0.0,0.0028030362,0.0028030362,0.0028030362,0.0,0.0,0.0,0.00048630452,0.0,0.00048630452,0.00048630452,0.00048630452,0.0,0.0,0.0,9.789690734118311,0.0129693794574459,9.799332066295502,9.77316273610027,9.799332066295502,0.0001682048035112,1.2976190476187404,-0.5934641551182605,0.0033654362732857,0.0,0.0033654362732857,0.0033654362732857,0.0033654362732857,0.0,0.0,0.0,51.44780820175512,0.0,51.44780820175512,51.44780820175512,51.44780820175512,0.0,0.0,0.0,740.0,34.0,384.0562004210526,-207.57622117894735,-30.165719578947403,207.62884442105263,949.0,928.0,18.011080526315823,-13.988919473684176,-3.502719473684124,18.011080526315823,1.53296640247678,2.350318000000001,2.7791559931120986,1.560879862868941,-0.0169852014064798,-0.0056622332244838,0.0156224415300702,0.0190566493055558,677.2604263581261,1.0,0.007874016,706.3122538934178,-1.600532601459019,1.042896094920995,301.0,2.250034639063542,0.8587820379116349,-1.7984662491408487,user
0.0099694544999999,0.0013635288313924,0.008981484,0.008981484,0.011616072,1.8592108740385715e-06,1.2666666666666675,0.6440611887195331,-0.061074672375,0.0009916578494709,-0.060356148,-0.062272213,-0.060356148,9.833852904174102e-07,1.266666666666665,-0.644061188719527,9.79521375,0.0071887579644486,9.790005,9.790005,9.803895,5.167824107142374e-05,1.266666666666803,0.6440611887197776,49.578198625,0.5782354324756184,49.99717,48.879913,49.99717,0.3343562153702654,1.2666666666666666,-0.6440611887195307,-9.766644125,0.8480203582610893,-9.152195,-10.790726,-9.152195,0.7191385280252662,1.2666666666666695,-0.6440611887195357,-1.2478122875,0.3333160012743523,-1.0063019,-1.6503296,-1.0063019,0.111099556705524,1.2666666666666668,-0.6440611887195312,-0.001891176275,0.0001654119233792,-0.0020110286,-0.0020110286,-0.0016914224,2.7361104396010676e-08,1.266666666666667,0.6440611887195314,0.0027897198625,0.0002756847275432,0.0025899673,0.0025899673,0.0031226408,7.600206900060264e-08,1.2666666666666648,0.644061188719528,0.00055954729,2.7568519333751497e-05,0.000539572,0.000539572,0.00059283944,7.600232582554302e-10,1.2666666666666668,0.6440611887195307,9.79540934860586,0.0071962526200276,9.790195168211982,9.790195168211982,9.804099649262325,5.17860517712544e-05,1.266666666666258,0.64406118871879,0.003427136207247,0.0001435190306768,0.0033231467900577,0.0033231467900577,0.0036004519025624,2.0597712166409156e-08,1.2666666666666666,0.6440611887195306,50.55519724186143,0.3901702460060079,50.83790244336275,50.08402190602589,50.83790244336275,0.1522328208683887,1.2666666666666715,-0.6440611887195398,638.0,170.0,220.49440499999992,-144.201307,-3.759575000000012,134.76159700000002,926.0,927.0,5.488968750000026,-3.5238072499999813,-0.5763512499999592,3.6938287500000353,2.849661369638641,3.902067986402248,4.100889971653694,3.217046148193236,-0.0409611806175134,0.0103058836094067,0.0861420897300233,0.0135024816057228,416.1604667676309,1.0,0.007874016,468.0010683748489,-1.5686595779100654,1.12456877994652,109.0,3.817985933647989,0.8587820379116349,-1.7984662491408487,user
0.0137716438125,0.0030973313009886,0.015208691,0.008741976,0.017843282,9.593461188084347e-06,1.5001313395780491,-0.145824001112263,-0.06056572125,0.0019922481677555,-0.06059566,-0.06323025,-0.054368448,3.9690527619255214e-06,6.6676320268816776,1.5217813331368568,9.79198053125,0.0017396294667393,9.791681,9.789286,9.794315,3.026310681547889e-06,1.7885168124011914,-0.2139423904463764,49.312439375,0.3325024234117926,49.262447,48.80729,49.819153,0.110557861574715,2.1131350954224586,0.0408770926642414,-9.46482125,0.6840300074162718,-9.342022,-10.414589,-8.3974,0.4678970510459049,1.943050206994575,0.1648916481274625,-1.430846221875,0.5886369914638285,-0.9810333,-2.38797,-0.8786926,0.3464935077195873,1.27573543091541,-0.3541580790983845,-0.00154826736375,0.0003168980005948,-0.0016914234,-0.0017979592,-0.00094567984,1.0042434278102289e-07,2.70483936778363,1.1660341321231416,0.00287295000625,0.0005017500572551,0.0028563037,0.0019507583,0.003495513,2.517531199555437e-07,2.682536630736601,-0.8128739347107918,0.0005628766125,7.819180022892003e-05,0.000539572,0.00048630452,0.00069937436,6.113957623039339e-09,2.159956523476138,0.6862190145740268,9.792178201925388,0.0017400614899416,9.791875104660798,9.789486498277254,9.794469800326471,3.0278139887780107e-06,1.7734295125517971,-0.2164717251063448,0.0033440165223379,0.0003744883686405,0.0034267457905595,0.0026089178624457,0.0036611554782794,1.402415382470354e-07,3.044547785798512,-1.2713219302649588,50.24004234716265,0.445626792083936,50.24533732999217,49.53413277972886,50.94093188441792,0.1985832378230195,2.409377492779947,-0.015387617493393,157.0,76.0,36.941735015625,-25.665518584375,3.2777200156250004,25.176415015625007,1272.0,761.0,224.76540406250007,-158.07687993749994,40.69130406250008,128.89708406250006,0.2086847450908203,0.4338575516719503,0.6589817064376446,0.0572842,-0.004754645256112,-0.0001286066408381,0.0049935943222319,-0.0036730103806229,503.5333405645766,1.0,0.007874016,517.3799377633424,-2.9843878827901493,1.0274988686612898,1120.0,0.4495833397898005,0.8587820379116349,-1.7984662491408487,user
0.0104185325,0.0015009482062479,0.0104185325,0.008981484,0.011855581,2.25284551783882e-06,1.0,0.0,-0.061793195,0.0017511045868848,-0.061793195,-0.06346975,-0.06011664,3.066367274209112e-06,1.0,0.0,9.791202,0.0015008975496506,9.791201999999998,9.789765,9.792639,2.252693454547191e-06,0.9999999999999996,0.0,49.76762349999999,0.0460259581570298,49.7676235,49.723557,49.81169,0.0021183888242726,1.0000000000000004,0.0,-9.8266945,0.1669354238094913,-9.8266945,-9.986523,-9.666866,0.0278674357224544,1.0,0.0,-0.8051910379999999,0.729067055178519,-0.805191038,-1.5032196,-0.107162476,0.5315387709466777,1.0000000000000004,0.0,-0.0020110281,0.000445087878281,-0.0020110281,-0.0024371673,-0.0015848889,1.981032193926982e-07,0.9999999999999996,0.0,0.00360204815,6.789028582213823e-10,0.00360204815,0.0036020475,0.0036020488,4.609090909011625e-19,1.0000000000000002,0.0,0.00053957198,5.5636047453083415e-05,0.00053957198,0.00048630452,0.00059283944,3.0953697762017493e-09,1.0000000000000002,0.0,9.791402783067277,0.001488218530879,9.791402783067277,9.789977922303548,9.792827643831004,2.21479439565168e-06,0.9999999999999994,0.0,0.004177271488313,0.0002214606926132,0.004177271488313,0.0039652390179025,0.0043893039587234,4.904483837273798e-08,0.9999999999999994,0.0,50.7399187590118,0.0659044750296315,50.7399187590118,50.676820028095975,50.80301748992762,0.0043433998289313,0.9999999999999998,0.0,41.0,653.0,298.5964466666667,-196.8000653333333,-8.231953333333308,202.12178066666675,1240.0,1297.0,37.82202500000017,-14.817714999999817,-3.177974999999833,7.958005000000103,3.053218664947844,3.382548052952996,3.8898092374877113,3.956995855798026,-0.0501673684214802,0.009037082761458,0.0717079588124396,0.0238253551187558,604.7960210089537,1.0,0.007874016,614.6486801417539,1.4779269867157332,1.0162908795536771,187.0,3.234203320903496,0.8587820379116349,-1.7984662491408487,user
0.009370685125,0.0018593569798042,0.008023453,0.008023453,0.011616072,3.4572083783466963e-06,1.2666666666666664,0.6440611887195302,-0.0631104975,0.0004958224553708,-0.06275124,-0.06370926,-0.06275124,2.458399072500012e-07,1.2666666666666664,-0.6440611887195306,9.789705,0.0002484236013638,9.789525,9.789525,9.790005,6.171428571458825e-08,1.2666666666686406,0.6440611887231058,48.445391375,0.4561424780939526,48.775898,47.894547,48.775898,0.208065960321692,1.2666666666666666,-0.6440611887195306,-9.5183795,0.6953935555260364,-9.014519,-10.358147,-9.014519,0.4835721970671428,1.2666666666666673,-0.6440611887195316,-1.1866455,0.6603932371378358,-0.70814514,-1.9841461,-0.70814514,0.4361192276573898,1.2666666666666664,-0.6440611887195302,-0.001777982825,0.0001929794904224,-0.0016381559,-0.0020110277,-0.0016381559,3.7241083723725013e-08,1.2666666666666673,-0.6440611887195317,0.0032558099375,0.0001102743568115,0.0033357113,0.003122641,0.0033357113,1.2160433770202688e-08,1.2666666666666613,-0.6440611887195208,0.0004263784625,0.000137842420702,0.00032650214,0.00032650214,0.000592839,1.90005329449981e-08,1.2666666666666662,0.6440611887195302,9.789913072627538,0.0002534856604026,9.789729404817304,9.789729404817304,9.790219185644592,6.425498002974415e-08,1.2666666666589292,0.644061188705515,0.0037420518192361,1.585090129190141e-05,0.0037305667501168,0.0037305667501168,0.0037611936011018,2.5125107176560176e-10,1.2666666666666668,0.6440611887195306,49.39509685777032,0.2924095933914623,49.60696773687211,49.04197872593401,49.60696773687211,0.0855033703073603,1.26666666666666,-0.6440611887195185,258.0,828.64874,239.668675,-169.06323699999996,24.45703500000002,170.35335500000008,1055.0,1156.0176,43.82854999999995,-37.01335000000017,5.788849999999911,37.71240999999978,3.4305592260479103,4.790650330795092,5.766423575623458,3.2192463013754944,-0.0644097575857261,-0.0363181506565541,0.0723283012166052,0.064076697745566,983.8842451962164,1.0,0.007874016,579.5209573202228,1.3955890482240467,0.589013352078474,127.0,7.747120040915091,0.8587820379116349,-1.7984662491408487,user
0.01065804,0.0,0.01065804,0.01065804,0.01065804,0.0,0.0,0.0,-0.06370927,0.0,-0.06370927,-0.06370927,-0.06370927,0.0,0.0,0.0,9.794316,0.0,9.794316,9.794316,9.794316,0.0,0.0,0.0,48.98527,0.0,48.98527,48.98527,48.98527,0.0,0.0,0.0,-9.534523,0.0,-9.534523,-9.534523,-9.534523,0.0,0.0,0.0,-0.2901001,0.0,-0.2901001,-0.2901001,-0.2901001,0.0,0.0,0.0,-0.0016381554,0.0,-0.0016381554,-0.0016381554,-0.0016381554,0.0,0.0,0.0,0.0033357108,0.0,0.0033357108,0.0033357108,0.0033357108,0.0,0.0,0.0,0.0004863045199999,0.0,0.00048630452,0.00048630452,0.00048630452,0.0,0.0,0.0,9.794529002088696,0.0,9.794529002088696,9.794529002088696,9.794529002088696,0.0,0.0,0.0,0.0037479343299954,0.0,0.0037479343299954,0.0037479343299954,0.0037479343299954,0.0,0.0,0.0,49.905390128506646,0.0,49.905390128506646,49.905390128506646,49.905390128506646,0.0,0.0,0.0,235.0,743.0,224.731331111111,-172.454460888889,4.325231111110952,178.52335511111104,1055.0,1157.0,60.38688888888896,-40.9101511111111,-7.592211111111055,40.48976888888902,2.882055372978896,4.026425818830044,5.40322177899523,3.0850093552945093,-0.0872506590601848,-0.0295933778471495,0.0777703349621605,0.0596735410116794,1050.790028827574,1.0,0.007874016,518.1389774954206,1.3726437648186096,0.493094684266787,127.0,8.273937234862787,0.8587820379116349,-1.7984662491408487,user
0.0140495914567901,0.0026547758440904,0.013053119,0.009220992,0.017603774,7.047834782366367e-06,1.6651432718354915,0.2187186650434409,-0.0586411571358024,0.000917081516876,-0.058679592,-0.06011664,-0.05724255,8.410385085956964e-07,1.7291665870650488,0.3602391190455855,9.792358185185185,0.0009489916307733,9.792399,9.790723,9.793837,9.005851152778579e-07,2.337535187892817,-0.1796821452144898,48.96577820987655,0.7839830384443267,48.709892,47.773556,50.048256,0.6146294045683987,1.6886081589867077,-0.0077685973415529,-9.273518123456787,0.4585717099475124,-9.204346,-9.957367,-8.683434,0.2102880131641854,1.5785580284213852,-0.0760071195022636,-0.9944384604938272,0.6973261607489674,-1.1130829,-2.0173645,0.3577118,0.4862637744648946,2.683220075534362,0.6978740248518073,-0.0015638450481481,0.0001951139267713,-0.0016381559,-0.0017979578,-0.0008924133,3.8069444420121285e-08,5.898923112364544,1.4747225305818916,0.0032798127493827,0.0005314009656356,0.0031759087,0.0020572934,0.004134722,2.823869862785261e-07,2.7924790161548736,0.3996514570068867,0.0004027866032098,6.628441831069566e-05,0.00037977006,0.00032650214,0.000539572,4.393624110787285e-09,1.8383211624069575,0.3584048102057005,9.79254424550394,0.0009461178404561,9.792576093686538,9.790917551331018,9.794024007148176,8.951389680293977e-07,2.3378402530495204,-0.1654654623939316,0.0036702592075732,0.0004666317337275,0.0035883915956369,0.0023065115596685,0.0043834126937851,2.1774517492155037e-07,4.127223189933559,-0.164546638200944,49.85313203336076,0.775974192947031,49.490348131997344,48.82497759120986,50.97315861162228,0.602135948119796,1.565120253070274,0.258153659154705,216.0,87.64728,67.97776825925928,-28.74517174074072,-10.022231740740722,37.33724825925927,1374.0,573.6473,432.96297246913593,-250.374627530864,-6.056377530864097,241.76037246913583,0.4644037360230615,0.5881684104525872,0.7112750000000005,0.2878204970831244,-0.0056913094579092,-0.0013786118094463,0.0060433884193163,0.0063251104701592,1326.4050927632006,1.0,0.007874016,810.5793391943125,-2.9825764559561687,0.6111099419150248,1357.0,0.9774540108792932,0.8587820379116349,-1.7984662491408487,user
0.0142602396,0.0014668482692935,0.013771643,0.012334596,0.015927214,2.1516438451294728e-06,1.3549414795655998,-0.0868550520668788,-0.06040405508,0.004500859430815,-0.0586796,-0.0675414,-0.055805504,2.0257735615957186e-05,1.8996250240408792,-0.6741548603582287,9.7933002,0.0012755045740288,9.794077,9.791681,9.794795,1.626911918368497e-06,1.2951482257013975,-0.0754756284568275,48.66279336,0.618657734139616,48.8428,47.805107,49.3957,0.3827373920107637,1.5671903873829256,-0.1665964067626256,-9.20107382,0.3188755506928221,-9.078064,-9.674011,-8.8617935,0.1016816168296505,1.6572596240751172,-0.6369114511150754,-0.8441894567999999,0.1411208421104033,-0.8880005,-1.0090027,-0.6334076,0.0199150920779493,1.776377962860826,0.377148377726732,-0.001610457352,0.0001420535552492,-0.0015848898,-0.0017979583,-0.0012652841,2.017921255895437e-08,3.686675386384372,0.6762829542334869,0.003186562152,0.0006777272828755,0.0030161063,0.0020040255,0.0044010594,4.593142699538229e-07,2.946306876270128,0.7211429567788681,0.0005246572384,8.678990767523428e-05,0.00048630498,0.00043303706,0.00064610736,7.532488074275691e-09,1.6054545107608718,0.5915740375292281,9.793497981844824,0.0012963018645859,9.794322448583427,9.791849708721465,9.795001359088936,1.6803985241289243e-06,1.2766361816315992,-0.0924549188570729,0.0036240985499794,0.0006112980503107,0.0034174925590309,0.002456525346706,0.0047029449929427,3.73685306313701e-07,3.1372953446817755,0.5518887972114626,49.53386894808095,0.5802421480472554,49.68952046736519,48.78220258452431,50.28291528550731,0.336680950370493,1.4588786145551007,-0.0245958994115906,233.0,63.0,109.37991202,-55.68987997999999,-4.266925479999991,45.86644602000002,1263.0,589.0,421.7175596,-190.17064839999992,-35.284740399999976,164.63209960000017,0.5469406502875338,0.72853762632679,1.1007386946945894,0.9429581418541342,-0.0099802236229464,-0.000311879427486,0.0071975285393991,0.0170311378695135,710.5286107458586,1.0,0.007874016,695.1086246048167,-2.8945204834027565,0.9782978673795342,809.0,0.8782801121704061,0.8587820379116349,-1.7984662491408487,user
0.0150100760487804,0.0019633099658469,0.0144901695,0.010897548,0.01784328,3.854586021993871e-06,2.010731156961809,0.4831644829527463,-0.0574294762926829,0.001888558805166,-0.057482053,-0.059637625,-0.05484746,3.566654360570212e-06,1.66772753511662,0.2793394385684815,9.800654012195125,0.0007613153131897,9.800783,9.799585,9.801741,5.796010060971462e-07,1.7470381589745827,-0.4083899236010876,49.5720703902439,0.4046846515666759,49.58764,48.620262,50.013397,0.1637696672136419,3.820336585377668,-1.1055397268363103,-9.416632170731706,0.4051182377357186,-9.407326,-10.103035,-8.876747,0.1641207865460942,1.9198908735070743,0.0879765730836158,-1.2787487000000002,0.1764668449724311,-1.3687897,-1.4245911,-1.0124359,0.031140547374524,1.6128822424066684,0.7669310505599565,-0.001682328804878,7.71017980354606e-05,-0.0017446904,-0.0017446904,-0.001531621,5.944687260300956e-09,1.4327040469512815,0.5188790339946413,0.0028939809365853,0.0001853842869154,0.0029628389,0.001844224,0.002962839,3.4367333835164894e-08,26.49046450223966,-4.866635748626995,0.0003537855970731,6.203082593348561e-05,0.0003797696,0.00027323468,0.000592839,3.847823365990391e-09,6.548610452982507,0.8677410352959452,9.800834135330222,0.0007652546442927,9.80094548249895,9.79976429939283,9.801922729620316,5.856146706116377e-07,1.7319632033264127,-0.3891550237460197,0.0033686087858559,0.0001634921533089,0.003403557895802,0.0024695107065445,0.0034592751380682,2.672968419358945e-08,23.656730777520853,-4.480983478749734,50.47717617222472,0.3253679985540846,50.49064674256711,49.67076061853987,50.80540363260278,0.1058643344830908,4.436583903023711,-1.4221419303291989,241.0,105.0,82.02990331707318,-35.32729668292683,-6.705006682926836,29.927303317073186,1230.0,629.0,372.9798197560974,-160.5205802439026,-33.49003024390254,145.56941975609743,0.5011114292258573,0.7211620819908561,1.343759939530823,0.1838741864802607,-0.009555841076452,-0.0021248399316321,0.0039048196914393,0.0099771942654343,598.5313302914943,1.0,0.007874016,616.1955858329399,-2.919051169425908,1.0295126665012553,665.0,0.9000471132202922,0.8587820379116349,-1.7984662491408487,user
0.01447519825,0.0026451786066509,0.014011152,0.011376563,0.01904082,6.996969861083679e-06,2.271199201020864,0.5549102461060675,-0.0584849988125,0.0013068575673432,-0.058200587,-0.06059566,-0.057003032,1.7078767013224191e-06,2.0959842816922083,-0.791503966908064,9.8015308125,0.0016230922897723,9.8018605,9.798627,9.803416,2.634428581118549e-06,2.1181423386715057,-0.6239436202436622,49.4417738125,0.2944644940422532,49.54235,48.877007,49.686745,0.0867093382515601,2.8226520533391204,-1.1799878787278095,-9.370177,0.3500731776302928,-9.24444,-9.892933,-8.980972,0.1225512296961705,1.5033298805024982,-0.296423461250195,-0.627108588125,0.49242731801994,-0.48841095,-1.676239,-0.13261414,0.2424846635323111,2.052870821028461,-0.5990271209980358,-0.00157157155,0.0001068175832051,-0.001584888,-0.0016914234,-0.0014250865,1.1409996081783845e-08,1.5956161251135537,0.4336250343869191,0.00296283891875,0.000403733017363,0.0029628389,0.0023236307,0.003815117,1.6300034930910153e-07,2.714309510237442,0.0385501777745564,0.0005395719912499,0.0001233426655921,0.000539572,0.00032650214,0.00069937436,1.5213413155374643e-08,2.476190637103526,-0.4506426991202597,9.801716422306573,0.0016215243456052,9.802048852136604,9.79880026951973,9.803594916298229,2.629341203390669e-06,2.1220422558133385,-0.6299678505801424,0.0034051848499112,0.0003640606876908,0.0033317298544479,0.0028617156378571,0.0041081782610351,1.3254018432191614e-07,2.2578622664696995,0.1605396926692736,50.32963006693854,0.2329849597481748,50.40903328753362,49.873374954190005,50.53020153518102,0.0542819914688586,3.03536385049075,-1.2989174026364168,218.0,95.0,62.13283335416668,-24.006144645833324,0.5417283541666791,18.26192735416668,1256.0,647.0,363.83071583333344,-128.94356416666662,-16.010014166666565,104.96165583333342,0.4499449781076775,0.5587474742607772,0.8919391838430429,0.5767262437781845,-0.0083685853233343,-0.0003424683681997,0.0059699818020208,0.0128346288341107,597.3391237891063,1.0,0.007874016,621.2970304129901,-2.9423031566104925,1.0401077138090526,786.0,0.7599734399352498,0.8587820379116349,-1.7984662491408487,user
0.0133930672580645,0.0032191484511577,0.013771644,0.009700008,0.016885249,1.0362916750591066e-05,1.2884195228296622,-0.0993709679946977,-0.0596221733548387,0.0017911756571653,-0.060835164,-0.06346975,-0.057482056,3.2083102348217066e-06,1.706115258767448,0.1769591422330814,9.794531806451614,0.0009666148981317,9.794555,9.793597,9.79671,9.343443612902896e-07,2.325926960272882,0.7579814290010773,49.14335738709677,0.4308134410399063,49.250122,48.317047,49.947693,0.1856002209806448,3.256423135206884,-1.1967981066923796,-9.509427096774193,0.4790768230057579,-9.723366,-10.16309,-8.951786,0.2295146023412903,1.4925371611268343,0.0905129945447339,-1.4614508761290324,0.3526347120294201,-1.4007263,-1.8033905,-0.85435486,0.124351240128072,2.192792922203746,0.687608000202656,-0.0015556773677419,0.0001854635435549,-0.001478353,-0.0019577616,-0.0013718195,3.43967259879562e-08,1.6122891575637908,-0.3836315706413918,0.0031106133806451,0.000511424271636,0.0032291762,0.002110561,0.0037085824,2.615547856184917e-07,3.1602423814541587,-1.419649257944671,0.0005636282709677,9.997524438748126e-05,0.000539572,0.00048630452,0.0007526418,9.995049490336604e-09,2.805660862637623,1.2609813231524063,9.79472310074909,0.0009658106802101,9.794728476325528,9.793800499664147,9.796924943674767,9.327902700079776e-07,2.3761480420623178,0.7994302467402592,0.0035359529887775,0.0004623125479051,0.00354202763363,0.002684485985517,0.0042430965839432,2.1373289195055427e-07,2.7196813863987948,-1.0050016704775768,50.08018194277689,0.3694050588221592,50.20706664759163,49.38173094753884,50.91250883930292,0.1364600974834029,3.546855392236276,-0.9898048920976752,206.0,105.736,69.20055725806452,-20.79944274193548,-13.496162741935478,23.64563725806451,1142.0,699.0,274.1236735483872,-121.4570764516128,-23.05662645161283,108.3202035483872,0.3459180547832139,0.7139762474093303,1.3855290916959953,0.1677501990262762,-0.0087317597785334,-0.0030919903851411,0.0027604956207298,-0.0052381520421507,430.9694234824198,1.0,0.007874016,454.2046561804492,-2.919013067232986,1.0539138774864318,508.0,0.8483650068551571,0.8587820379116349,-1.7984662491408487,user
0.0129413489666666,0.0009450042606234,0.013053119,0.008023452,0.013292627,8.930330525964462e-07,26.172542420834443,-5.1841261958734,-0.05911071,0.0001822969038721,-0.059158612,-0.059398122,-0.058919102,3.3232161161378866e-08,1.846938775510225,-0.3619778919880739,9.798346933333333,0.0019906356277076,9.797429,9.797429,9.802697,3.962630202299093e-06,4.106075761662637,1.8408963100536069,48.86817283333333,0.4609612356145732,49.14747,48.329216,49.706528,0.2124852607393141,1.418002580834753,-0.2094932391495853,-9.4687842,0.4251419192323662,-9.179588,-9.956505,-8.950951,0.1807456514885798,1.2276291006633622,-0.2002541537603504,-0.8871648133333333,0.2908593941392736,-0.8690796,-2.2656403,-0.5612793,0.0845991871590653,18.277762471603484,-3.674038547581096,-0.00173048629,0.0001384339324252,-0.0017979583,-0.0017979583,-0.0013718195,1.916395364671332e-08,3.618329036318516,1.6559656768782365,0.0029965749833333,0.0008193234781888,0.0026965018,0.0019507583,0.0047739316,6.712909619114975e-07,4.066974754092101,1.751611187481093,0.0005377965906666,0.0001300902436028,0.000539572,0.00027323468,0.00064610736,1.6923471480649683e-08,3.256574015766727,-1.2978808214729878,9.798533822652034,0.0019912192343015,9.797616620655624,9.797614855388892,9.80288533031904,3.964954039052545e-06,4.106674844378962,1.84114574521492,0.003534365757788,0.0006863150486947,0.0033047285405292,0.0024450939918095,0.0050050585072653,4.710283460649258e-07,4.0066878457617445,1.6191417149548886,49.78818276521525,0.3832857954869896,50.00596385030005,49.351802503463006,50.69014057450219,0.1469080010220944,1.9738242031175783,0.0423245771980857,232.0,65.0,112.4004693,-54.37874189999999,-17.571965699999993,54.11594930000005,1232.0,588.0,430.13113033333343,-186.1277696666667,-57.43671966666665,169.33479033333347,0.3743376869753397,1.203011592224049,1.9232169190532948,0.271571625,-0.0196751812158079,-0.0066167642249951,0.0123399048046223,0.0332687872206403,665.8878590233245,1.0,0.007874016,665.3006839016476,-2.8878646694305097,0.9991182071970224,486.0,1.3701396276200093,0.8587820379116349,-1.7984662491408487,user
0.0140111518431372,0.0019929599561969,0.014729677,0.010658039,0.016166722,3.971889387004378e-06,2.2725377505898736,-0.8751433343726274,-0.0587453444313725,0.0017238428543723,-0.05891911,-0.06251172,-0.056524027,2.9716341865707378e-06,2.962777009216253,-0.6587883100928512,9.79711911764706,0.001752126772207,9.796232,9.795033,9.799345,3.069948225884791e-06,1.3359496321376956,0.0475961395986646,49.245959784313726,0.5108702022246089,49.298145,48.585556,49.76857,0.2609883635210128,1.201315135968387,-0.1745894139848758,-9.490594392156863,0.3731096972598848,-9.533539,-9.981171,-8.96413,0.1392108461893628,1.6512561669826826,0.1397257058983953,-1.386035380392157,0.4755636690940165,-1.6313782,-1.8942413,-0.5861511,0.2261608033621632,2.0010782329861816,0.644671014292692,-0.0014386646921568,0.0002316593214858,-0.0013185521,-0.0018512257,-0.0012652851,5.3666041231296735e-08,2.5445659205647635,-1.2686296800799928,0.0037712504529411,0.0011824270328872,0.003016106,0.0022170949,0.0050935363,1.398133688102455e-06,1.1833619959446224,0.1779902829684487,0.0003724584882352,9.1035514279913e-05,0.00043303706,0.00021996768,0.00043303706,8.287464860208244e-09,2.0698957103854285,-0.9788836073864464,9.797305606666535,0.0017492690906537,9.796420255518427,9.795209431125889,9.799520794490691,3.0599423515164768e-06,1.332035438007916,0.043368304324892,0.004088654155968,0.001080777571787,0.0035457464342252,0.0025735306151885,0.0052792246376873,1.1680801596778942e-06,1.2560298212809868,0.0908095651893473,50.17531573794538,0.4614933523928309,50.135510310147936,49.538294967147216,50.66427104757603,0.2129761143027736,1.3132530711692254,-0.1817045093449118,213.0,32.0,81.99449474509805,-52.96064525490195,6.637224745098052,46.05838474509804,1326.0,452.0,464.1507056862745,-246.61049431372555,12.45610568627444,218.45880568627445,0.7700359158524767,0.9717509207826192,1.1885176637340826,0.3922350731051819,-0.0087746854167742,-0.0006215000342598,0.005924990258929,-0.0021927475966311,859.9978529828687,1.0,0.007874016,892.5452369488058,-2.9373855093505905,1.037845889792687,836.0,1.0287055657689816,0.8587820379116349,-1.7984662491408487,user
0.0148603163636363,0.0008665732225482,0.014969183,0.013532135,0.01568771,7.509491500376315e-07,1.8535239496438884,-0.7367197902006525,-0.0620980276363636,0.00586225763398,-0.061314184,-0.07281057,-0.055326484,3.436606456715684e-05,2.631313561243956,-0.7381558286804146,9.798736045454543,0.0090039412906416,9.794077,9.793837,9.817547,8.107095876532212e-05,3.67569408427332,1.6790708720294008,49.51217818181818,0.4825200470733677,49.450188,48.902237,50.189217,0.232825595827685,1.836031037218288,0.2164871244835511,-9.16970390909091,0.4302217638066694,-9.212231,-9.619225,-8.514778,0.1850907660529216,1.840187062393937,0.6964813060183945,-0.9762337263636364,0.4115480903162548,-1.0520782,-1.4574432,-0.37113953,0.1693718306429562,1.8687380316744429,0.4589883421046939,-0.0013233948454545,0.0002479424237907,-0.00137182,-0.0015848898,-0.0009456803,6.147544551522113e-08,1.897077296164954,0.6750122425457354,0.0032872861727272,0.0008114929719789,0.0029095716,0.0028563044,0.004987001,6.585208435711721e-07,3.707550027363171,1.6990501878326745,0.0003168172716363,0.0001503442289055,0.00027323514,0.000113432296,0.00048630452,2.2603387165202644e-08,1.487574300741468,-0.222019709765696,9.798945799440816,0.0090391621120776,9.794242615967732,9.79404149041516,9.817829145138662,8.170645168841965e-05,3.6748958487814662,1.6785913551402627,0.0035755274060453,0.0007831100951059,0.0032779578925505,0.0030615004509407,0.0052046682508894,6.132614210568314e-07,3.629007495582756,1.643506750970123,50.36754717657964,0.4248827780220215,50.35250902161834,49.78371344408487,50.91724478014584,0.1805253750597104,1.8182901059231569,-0.124417765019638,216.0,86.0,50.55349295454545,-36.074257045454544,12.813582954545453,27.565968954545447,1393.0,551.0,471.6150552272726,-218.25087677272745,-8.866874772727442,185.9276952272726,0.8081767260303905,0.9793989706281964,1.2779722815700316,0.4486462879792712,-0.0147134433363444,-0.0024629972002664,0.0083309650306602,-0.0292687353471965,804.3093216692968,1.0,0.007874016,851.9765254982087,-2.988407897796113,1.0592647661101098,713.0,1.128063564753572,0.8587820379116349,-1.7984662491408487,user
0.0137417051875,0.0037241092966598,0.012095087,0.009220991,0.020238362,1.386899005346805e-05,2.187353551039775,0.701652862697544,-0.05855983975,0.0036687608246118,-0.057961065,-0.06418828,-0.052691896,1.345980598820648e-05,2.0806055781562325,-0.4623244993943025,9.798371625,0.0033005851487998,9.797908,9.788327,9.801261,1.0893862324478234e-05,5.854782430245099,-1.6469202168427397,49.340302,0.5028211457550128,49.510277,48.501877,49.728012,0.2528291046183838,2.1747567266680887,-1.016809712660147,-9.683350625,0.3922166828248831,-9.54948,-10.403252,-9.017174,0.1538339262861549,2.84099842111486,-0.7941871197723057,-0.871683145,0.6865433507116769,-1.0470505,-1.5960999,0.38050842,0.4713417724064166,2.517544377208801,0.9193922355360116,-0.00138513606875,0.0001516612786023,-0.00142508675,-0.001531621,-0.0009989478,2.3001143427285573e-08,3.3369058474387887,1.0951610792929811,0.00333571075625,0.0011416129055514,0.0028563037,0.0016311541,0.0052000703,1.303280026121665e-06,2.249593995516506,0.8262971744754315,0.00037644049875,8.397642025947952e-05,0.0003531361,0.00027323468,0.00048630452,7.052039159596722e-09,1.431684206188829,0.1071699830151853,9.798557612731592,0.0033099048077385,9.798130057107308,9.788473166000308,9.801437664328988,1.0955469836290842e-05,5.877898806790487,-1.6576716286759026,0.003653320423978,0.0010818806041105,0.0032773199112151,0.0019500731663596,0.0054130324262187,1.170465641550691e-06,2.290696704545076,0.7829306846093251,50.29486624015856,0.5334641866495691,50.4322771254757,49.42936145411743,50.79795217594205,0.2845840384376862,2.0364249787653104,-0.8641262151980557,215.0,92.80147,47.68014552083332,-45.35988647916668,17.21591052083332,28.68014552083332,1236.0,435.0,468.6505195833333,-234.48932441666668,-4.841255416666684,193.8543635833333,0.7028983397448051,0.9066240973497564,1.1826443875166304,0.3248720240820088,-0.0107127412994219,-0.0017455894204026,0.006514785339451,0.0139002127305253,798.7483147123162,1.0,0.007874016,810.267536517514,-2.990202460312869,1.0144215913736816,786.0,1.0162192299138884,0.8587820379116349,-1.7984662491408487,user
0.0132584124761904,0.0018067541568073,0.013771644,0.010179023,0.015448202,3.264360583140549e-06,1.965454344666164,-0.2886219800599322,-0.0577557808095238,0.001691568443329,-0.05676353,-0.061793197,-0.056045014,2.8614037984665054e-06,2.259621331869517,-0.631081922629934,9.800052904761904,0.0016499623323056,9.801022,9.79719,9.801741,2.722375698027406e-06,1.5809292175059173,-0.4596244014311559,49.128420000000006,0.748475616757744,48.831375,48.083984,50.169796,0.5602157488808853,1.6415928242981426,0.4812040996313748,-9.393296047619048,0.9043682388397938,-9.308502,-10.492386,-8.184666,0.8178819114221902,1.6293451206972072,0.1528755078921605,-0.5293855169619048,0.4302140703074936,-0.4620819,-1.4003601,0.0043182373,0.185084146290541,2.4814457136564623,-0.3746158538766795,-0.0017193251666666,0.0002894326481369,-0.0016914234,-0.002117562,-0.0013718186,8.377125780758651e-08,1.70650290922366,-0.254432386014335,0.0029907409761904,0.0005831873973327,0.002803037,0.0023768973,0.0046673957,3.401075404077072e-07,6.930294971151447,2.3000452838341325,0.0004228911419047,7.555011459421477e-05,0.00043303752,0.00032650214,0.000539572,5.707819815198983e-09,1.6442920429629737,-0.1847386999877509,9.800232366466116,0.0016484198220315,9.80121166180792,9.797372452305249,9.801908689932825,2.717287909666569e-06,1.577639118934748,-0.4657041787206517,0.0034867968251103,0.0005910771390093,0.0033023402361301,0.0028464205709507,0.0050119525432567,3.493721842594309e-07,4.658351702292811,1.5398124760020406,50.02948996166885,0.8419542679152509,49.51469944980469,49.13057605602012,51.25523010680749,0.708886989260706,1.601459047422789,0.7107465714391539,213.0,83.0,65.3519724761905,-35.9809455238095,2.908847476190502,29.9880944761905,1235.0,494.0,459.0065916666666,-185.4692303333333,-36.40885333333336,175.60125166666677,0.5850339230451902,0.8230190355377505,1.2751265725531749,0.2920183376346071,-0.013485950279647,-0.0018380080408435,0.0094523940062425,-0.0126040244924056,735.3892054633816,1.0,0.007874016,752.3170874039749,-2.967921455248219,1.0230189426426606,697.0,1.055077769674866,0.8587820379116349,-1.7984662491408487,user
0.0155166306428571,0.0028097436341203,0.016046969,0.01185558,0.018561805,7.894659289479602e-06,1.3246903180927565,-0.2330079480831964,-0.0582176882857142,0.0018987476567786,-0.058679594,-0.06011665,-0.055086978,3.605242664122468e-06,1.9821194583947572,0.6795674775651327,9.796539357142857,0.0018061070629939,9.797429,9.794315,9.798627,3.2620227229965566e-06,1.266282329882237,-0.1272354293998825,48.45670671428572,0.2925154941903589,48.356552,48.19866,48.904648,0.0855653143414298,1.8439956682288183,0.8528970564383322,-9.832445571428572,0.4610240028162733,-9.662949,-10.510887,-9.408249,0.2125431311727392,1.686400077319103,-0.6487121758719698,-1.188868928571429,0.0936478771828247,-1.19818115,-1.2887726,-1.054306,0.0087699249008494,1.446896807327153,0.2646799601323035,-0.0015430357571428,0.0001987993444706,-0.0015848889,-0.0017979583,-0.0012652841,3.9521179361967415e-08,1.695930614255427,0.0258811430932752,0.0031530797,0.0008504206010533,0.00285630395,0.0023768977,0.0047206637,7.23215198695976e-07,2.7609815196403216,1.24221086509287,0.0004064033342857,0.0001034032825462,0.0003797696,0.00027323468,0.000539572,1.0692238841348516e-08,1.5248374504969564,-0.0630173747239073,9.796725200276788,0.0018110521652541,9.797606204765186,9.79448028103705,9.798824731266796,3.2799099452716224e-06,1.2760721054032789,-0.1254104471686937,0.0035644165913981,0.0007423638950904,0.003337165134607,0.0028234114386556,0.004911425628917,5.511041527338001e-07,2.6681260164876006,1.1264743284506238,49.46014692371397,0.3736070835515506,49.276406099444415,49.13610069218644,50.03802830193436,0.1395822528798952,1.8799745959389549,0.9141602281007626,222.0,121.904305,43.02465904761905,-26.501426952380942,4.392919047619046,25.050119047619056,1269.0,579.0,407.8045916666666,-178.10147433333327,-30.906438333333316,167.2861236666668,0.6178462926009993,0.7997806167556007,1.3510832510933504,0.3009196404393724,-0.0094567767573581,-0.0029539288885863,0.004233726061011,-0.0013497046579887,665.1204323819096,1.0,0.007874016,697.2224524192641,-2.9975313715545013,1.048264973491179,685.0,0.9709787334042476,0.8587820379116349,-1.7984662491408487,user
0.0155553492368421,0.0018024041962581,0.015927218,0.010418532,0.017124757,3.2486608866888285e-06,5.715175490413337,-1.7637677396481446,-0.0582699114210526,0.0037585630122052,-0.056524027,-0.06323025,-0.054368448,1.4126795916717107e-05,1.4635245146751712,-0.4692675883113231,9.798324631578948,0.0018207559080816,9.799825,9.795992,9.799825,3.3151520768143284e-06,1.2585026332057574,-0.4388047264402576,48.91449807894737,0.3725020443994235,48.88456,48.361816,49.374863,0.1387577730817501,1.521931015121872,0.1290095607139315,-8.970069552631578,0.2476036396125652,-8.889076,-9.739372,-8.789436,0.0613075623493891,7.85220948297643,-2.438239372626115,-0.7216596101315789,0.9065686565948148,-0.32453918,-1.9393158,0.114974976,0.821866729120127,1.4467013458216214,-0.5766396038575915,-0.0017110480026315,0.0001184126674173,-0.0017979578,-0.0017979578,-0.001478353,1.4021559804888381e-08,1.8285521043009252,0.75829233796792,0.0029684458210526,0.0006309726098514,0.0028030365,0.002749769,0.0050935354,3.981264343827261e-07,10.721963145591976,3.244248542270016,0.0003461271631578,2.6040104166847143e-05,0.00032650214,0.00032650214,0.00037977006,6.780870250202501e-10,1.2976190476190417,0.5682252401771306,9.798511108103265,0.0017980112806752,9.799986883772752,9.796211032122644,9.800000952679875,3.232844565435529e-06,1.2542245290518768,-0.4353048258746962,0.0034583932955758,0.0005556647120936,0.0033460827124172,0.0031964554865001,0.0053173165941228,3.0876327226612095e-07,10.44646993740376,3.165873374952119,49.74415487120736,0.3585255910862453,49.668577700965045,49.33276375668076,50.20611231886686,0.1285405994637416,1.4437057052384648,0.3482206256659108,260.0,128.228,67.60284894736841,-38.16878505263158,4.340913947368421,33.00225694736842,1231.0,600.0,361.7205121052632,-178.96684789473682,-19.77076789473682,162.1696321052632,0.702531181461304,0.9054230080763712,1.3890697267794652,0.2810236478313594,-0.0084204994609909,-0.0010716227367947,0.0072121648984149,-0.0008736821455441,620.3709504273337,1.0,0.007874016,644.612177967497,-2.9357208949687608,1.0390753750211306,620.0,1.0005983071408608,0.8587820379116349,-1.7984662491408487,user
0.0127030691538461,0.0007160956698764,0.013053119,0.011376563,0.013532135,5.127930084157672e-07,2.633169195614988,-0.8529133347920546,-0.0580470469230769,0.000464574133975,-0.05796107,-0.05844009,-0.05724255,2.1582912595870121e-07,2.2062282561546738,0.835311321705571,9.793474128205128,0.0012437404785024,9.794315,9.791681,9.795033,1.546890377865443e-06,1.483317471523106,-0.1424804275714097,48.94981887179488,0.3661186181205258,49.030937,48.377136,49.51313,0.1340428425344834,2.3475018529807903,0.0562669219315699,-9.32838441025641,0.5174063252508783,-9.286404,-10.230148,-8.581947,0.2677093054096177,2.680296918717309,-0.3614742022549518,-1.314280197128205,0.8296522401426191,-1.1467743,-2.2878723,0.022506714,0.688322839573666,2.0716364668186475,0.3920368573647563,-0.0015125000128205,8.241898619511214e-05,-0.001478354,-0.0016381559,-0.0014250875,6.792889285430085e-09,1.569653319057443,-0.4176682941007664,0.0028003048358974,0.0011797540297801,0.0021638274,0.002004026,0.005253337,1.3918195707824325e-06,3.606910764291739,1.6212575547756058,0.0002295281876923,2.070906491140361e-05,0.00021996722,0.00021996722,0.00027323468,4.2886536950472824e-10,3.7901785708182234,1.7379543992208573,9.793654427298776,0.0012421039875768,9.794495198261938,9.791862002503198,9.795209609768296,1.542822315954257e-06,1.484096275428512,-0.1447238730631817,0.0032209581053559,0.0010961069415771,0.0026002709430983,0.0025644450884925,0.0055096062997848,1.2014504273735427e-06,3.655799669831708,1.6540112331113512,49.85804080830521,0.2656237090974374,49.965381796645936,49.46852863717381,50.25137175500668,0.07055595483468,1.948425039166964,0.0789889282334673,217.0,99.0,48.83927897435896,-29.24514102564103,7.823078974358964,23.789788974358977,1253.0,575.0,383.7908953846154,-189.57306461538468,-11.638104615384693,165.81993538461535,0.7499524325181489,0.9619644048508252,1.195971303280699,0.4469927977802246,-0.0156563205346576,-0.0009963994595268,0.0072309775278142,-0.0312962726810099,744.9729516094045,1.0,0.007874016,688.191833720802,-2.9692773525742817,0.9237809671264772,635.0,1.1731857505659913,0.8587820379116349,-1.7984662491408487,user
0.0152209747435897,0.0016538464548847,0.0154482005,0.012813611,0.01760377,2.7352080963349603e-06,1.884872207806693,-0.4858333203768106,-0.0584830751794871,0.000618906164614,-0.0586796,-0.058919102,-0.056763537,3.830448405973049e-07,6.520195481806617,2.25352997066161,9.79593764102564,0.0022799173056006,9.796232,9.793359,9.801261,5.198022920377238e-06,3.7422942463578384,0.9356938751047796,49.13827415384616,0.6031912099310484,49.000042,48.409744,49.884605,0.363839635738082,1.4073685003066176,0.0457008110348304,-9.518657256410258,0.3950727869009984,-9.385231,-10.013016,-9.059525,0.1560825069497217,1.4102849462166145,-0.1500421343487863,-1.0448541753846154,0.4750677714178773,-0.93437195,-1.7523956,-0.5600128,0.2256893874399486,1.8156924619839487,-0.6457652877502901,-0.0014401107692307,0.0002504279252441,-0.0015316219,-0.0016381559,-0.0010522148,6.271414574206952e-08,1.8848954360363384,0.898139956075259,0.0026814776461538,0.0012242325613431,0.0026432339,0.0013648174,0.0057327445,1.498745364252784e-06,4.566793146945104,1.340425586552091,0.0005245478117948,4.880318759408634e-05,0.00048630498,0.00048630405,0.00059283944,2.3817511193435834e-09,1.4778768078881848,0.6082930723543224,9.796124196064737,0.0022773478045832,9.796416124374618,9.793548417726855,9.801441178825284,5.186313023040367e-06,3.7414333537464457,0.9354059864586916,0.0031148052264254,0.001181923007448,0.0031119141531038,0.0017906353772487,0.0059865726587229,1.396941995534966e-06,4.234103612945464,1.1659911233401448,50.066691920828106,0.5725395977811849,49.83926323861876,49.437611369259706,50.841947615621805,0.327801591027441,1.3446735694666416,0.2646306571562671,195.0,119.0,48.254311666666666,-19.531212333333333,-7.745688333333334,19.982385666666676,1287.0,795.0,353.0906723076924,-101.26698769230768,-69.79892769230764,111.28795230769236,0.1422950112915384,0.3420853202830035,1.6826417867822476,0.1202847529372048,-0.0102791517983032,-0.0021001941772773,0.0019921226762175,-0.0109656260469554,575.263950682222,1.0,0.007874016,497.83531413510633,-2.9883324517213383,0.8654032875599265,640.0,0.8988499229409719,0.8587820379116349,-1.7984662491408487,user
0.0081852812594594,0.0013058173542311,0.008981483,0.0063468963,0.009700008,1.7051589626112935e-06,1.5877235837512331,-0.6993266880683279,-0.062265744054054,0.0008420468819498,-0.06251173,-0.06299074,-0.06059566,7.090429514014203e-07,1.8222808617120283,0.7709788020166956,9.812459108108108,0.0024678716964641,9.812996,9.809164,9.817549,6.090390710208788e-06,2.5715400997897984,0.0537522997951247,48.824772783783786,0.525173313648252,48.565277,48.341133,49.551483,0.2758070093682853,1.5095339147767748,0.6272176937755393,-9.649201148648649,0.677534328897723,-9.950352,-10.971764,-8.793766,0.4590527668348879,2.156675557753251,-0.0014904507816827,-0.7291131894594595,0.348201815499281,-0.56159973,-1.1834259,-0.33540344,0.1212445043169953,1.4768681219200586,-0.3242101949021378,-0.0018353888945945,0.0001391678471763,-0.0017446904,-0.0022773645,-0.0017446904,1.936768968771221e-08,3.747458708714727,-1.3422372080218663,0.0032493314783783,0.0001416862499909,0.0032824439,0.0030693735,0.003602048,2.007499343648508e-08,4.034290908131552,0.7659474347539308,0.0008030299575675,6.014215275399478e-05,0.0008059093,0.00064610643,0.00085917674,3.6170785378848415e-09,5.509708982314345,-1.847483099167782,9.812660194718154,0.002472438734835,9.81319921735213,9.809355273409242,9.817755868368389,6.112953297512935e-06,2.568415064061187,0.0514996152519988,0.0038218324868487,8.576593500201902e-05,0.003803665646232,0.0037687489638073,0.004077358970107,7.355795606770551e-09,7.371753485347157,2.534779809307413,49.781195029750286,0.4089423038063732,49.58637611175343,49.35572043963249,50.33964923221889,0.167233807842464,1.5429054202444883,0.5294603621713043,925.0,809.0,59.99943972972983,-21.25460027027013,-8.492900270270184,18.679239729729787,1277.0,1268.0,2.730359459459578,-2.1018605405404287,1.730359459459578,1.730359459459578,0.0672654630628367,0.1145000000000008,0.2358787499999985,0.0672267062763369,-0.0021628849354586,0.0002539388704158,0.0023263201998219,0.001996643598616,97.53675576149088,1.0,0.007874016,116.3486140871476,-1.6482274137503394,1.192869428337947,697.0,0.1399379566161992,0.9207386729546108,2.877665227137001,user
0.011137056,0.0,0.011137056,0.011137056,0.011137056,0.0,0.0,0.0,-0.06514631,0.0,-0.06514631,-0.06514631,-0.06514631,0.0,0.0,0.0,9.812517,0.0,9.812517,9.812517,9.812517,0.0,0.0,0.0,48.59973,0.0,48.59973,48.59973,48.59973,0.0,0.0,0.0,-10.609795,0.0,-10.609795,-10.609795,-10.609795,0.0,0.0,0.0,-0.82321167,0.0,-0.82321167,-0.82321167,-0.82321167,0.0,0.0,0.0,-0.0016914234,0.0,-0.0016914234,-0.0016914234,-0.0016914234,0.0,0.0,0.0,0.0031759081999999,0.0,0.0031759082,0.0031759082,0.0031759082,0.0,0.0,0.0,0.0008591772,0.0,0.0008591772,0.0008591772,0.0008591772,0.0,0.0,0.0,9.812739574197002,0.0,9.812739574197002,9.812739574197002,9.812739574197002,0.0,0.0,0.0,0.0036993906895453,0.0,0.0036993906895453,0.0036993906895453,0.0036993906895453,0.0,0.0,0.0,49.75117268435539,0.0,49.75117268435538,49.75117268435538,49.75117268435538,0.0,0.0,0.0,839.0,772.20703,18.69842333333338,-13.619218666666573,12.000823333333416,16.019383333333394,1129.0,1177.0271,18.85533333333342,-9.897426666666616,-7.078866666666499,8.481653333333455,1.3508030713862378,2.9387511810225737,74.52922804439277,2.9387511810225737,-2.5512427027196765,0.1556811872192486,73.39367562064194,0.1556811872192486,180.3957706496264,1.0,0.007874016,82.2672667336827,-0.94740301465413,0.4560376689399569,45.0,4.008794903325031,0.9207386729546108,2.877665227137001,user
0.0106435245151515,0.0010473167775027,0.010418532,0.008262957,0.011855581,1.0968724324386942e-06,1.9745037072170228,-0.1594393136630529,-0.0639850636060606,0.0022911230887781,-0.06299074,-0.06682287,-0.059398115,5.249245007932115e-06,1.6576070646560068,-0.2259600995322686,9.794620636363636,0.0019490719557351,9.795513,9.79216,9.796712,3.798881488633405e-06,1.383584717264991,-0.3952290546151993,48.59837084848485,0.91310649850394,47.948875,47.779068,49.75346,0.8337634776101255,1.2590278748152597,0.477245570519442,-10.266223363636364,0.4061225690691977,-10.088058,-10.75103,-9.113403,0.1649355411073652,2.9627024400616544,0.2215247467033642,-0.6557224193939394,0.1807336501617569,-0.66311646,-0.9347992,-0.3965912,0.0326646523007923,1.9179968063325463,-0.5386177794671463,-0.0017220925272727,0.000140321058656,-0.0016381559,-0.0019577607,-0.0016381559,1.9689999502344552e-08,2.1733773109487524,-1.115786558222755,0.003403505490909,0.0004844249472733,0.0031226408,0.0031226408,0.004241257,2.346675295407626e-07,2.3933981447021906,1.2208548988986514,0.0005573274533333,0.0001181131141519,0.00048630405,0.00048630405,0.0007526418,1.3950707734667746e-08,2.096272419199749,1.08764693813805,9.794835730994778,0.0019331066466354,9.79572107158548,9.792395177705805,9.796911447622138,3.7369013072661593e-06,1.383530594995931,-0.3954071793167869,0.0038561801084277,0.0005078730735066,0.0035596252538119,0.0035596252538119,0.0047315491731166,2.579350587930972e-07,2.3653451865167856,1.2041289783720646,49.67626223185357,0.9612728259661076,48.982180426437445,48.84139742784095,50.90610131872232,0.9240454459408666,1.2880426333002886,0.5119369715575773,989.0,151.0,536.6959742424242,-198.6680057575757,-90.87516575757576,215.7778062424243,1212.0,1337.0,28.12324545454544,-36.28327454545455,24.12324545454544,28.12324545454544,0.6941752426470584,1.0140147820560248,2.9672796336118066,0.6422335294117645,-0.0155199904192101,-0.0036654159007352,0.0068672205830982,0.0279088803924403,861.8607165067947,1.0,0.007874016,847.2715031204579,-1.42272342014745,0.9830724232965758,540.0,1.5960383639014717,0.9207386729546108,2.877665227137001,user
0.0097552782230769,0.0031398814609703,0.0077839447,0.0065864027,0.013053119,9.858855588945085e-06,1.0649261379585724,0.1141484087770311,-0.0620695523076923,0.0029087714025127,-0.06346975,-0.06634386,-0.058679592,8.46095107207608e-06,1.5700747370812291,0.0779391142927025,9.795403076923076,0.002388592069368,9.79743,9.792879,9.797908,5.705372073848058e-06,1.039442540852794,-0.148893622921298,48.47237430769231,0.4560032293917909,48.700233,47.9978,48.95072,0.2079389452157423,1.0997191202666736,-0.0643284642449758,-9.376412692307692,0.4692904603872334,-9.1558,-9.952965,-8.96949,0.2202335362104615,1.238048191346967,-0.446531920893706,-0.8167454923076923,0.3053607281785193,-0.7180939,-1.0911713,-0.24009705,0.0932451743137155,2.4463029408280934,0.8044618902377377,-0.001802055476923,0.0002114242626837,-0.0016381559,-0.002064295,-0.0016381554,4.47002188513778e-08,1.225000000000872,-0.5038911092664605,0.0030202040230769,0.000628632163256,0.003229176,0.0023768973,0.0037085833,3.95178396679983e-07,1.1476632557169006,0.0180990053276807,0.00066249702,7.498287585175933e-05,0.00064610643,0.0005928399,0.0007526418,5.622431671000353e-09,1.2411368463150796,0.3342422760613399,9.79560548896908,0.0023785236061597,9.79760793664034,9.793093377565723,9.79813570400098,5.657374545059324e-06,1.043222246189681,-0.1453995481746849,0.0035839343379459,0.0006382698667104,0.0036781223840993,0.0029469738163892,0.0043106117453525,4.073884227505922e-07,1.1941396120110566,0.1232410478430636,49.38005216702163,0.527022889428929,49.554000993741234,48.84087643056832,49.957483520077766,0.2777531259820172,1.148320135297045,0.0193712076333938,1049.0,154.0,523.9489446153846,-195.82501538461537,-57.645490384615385,188.13094461538464,703.0,925.0,126.48739807692311,-11.656341923076866,-9.14237692307688,21.84399807692307,1.4604005882352922,1.926634792090868,3.3353565192116905,2.827567970515004,-0.0431211240766642,-0.002788906050138,0.0301849158027737,0.1165041813312934,1557.6062529818391,1.0,0.007874016,922.1220092807677,-1.3276587978317682,0.5920122672308757,424.0,3.673599653259055,0.9207386729546108,2.877665227137001,user
0.0122813711388888,0.0015181444377303,0.011855578,0.010418531,0.013771644,2.3047625338117226e-06,1.2646361018002164,-0.1888888543176164,-0.0605025139166666,0.0011582741335609,-0.061074674,-0.061793197,-0.058919095,1.341598968476481e-06,1.528801870902293,0.6015290963501879,9.800661694444443,0.0015638283029511,9.799583,9.799344,9.803896,2.445558961111094e-06,2.9204072985136884,1.0718954864630377,49.70118727777778,0.5563109779601754,50.151966,49.002235,50.22683,0.3094819041990067,1.251811732776149,-0.3098382236819475,-9.22551686111111,0.5746457042725728,-9.327896,-10.23452,-8.65778,0.3302176854389212,2.302053261332903,-0.7777303734651027,-1.1911951749999998,0.6807921104815567,-1.5401154,-1.9549408,-0.2579193,0.4634778976939322,1.2754765549050886,0.0712676894636506,-0.0019326062055555,0.0002860009288506,-0.0017446904,-0.0023306324,-0.0016914234,8.179653130341846e-08,1.5012678607424887,-0.7247669050781868,0.0030368215,0.0001714413215676,0.003175909,0.0028030365,0.003175909,2.9392126740857066e-08,1.4614936671426315,-0.6125781790887652,0.0004507931227777,0.0001018666933168,0.00037977006,0.0003797696,0.00059283944,1.0376823207313387e-08,1.5000000000000018,0.7382294351694669,9.800856317992933,0.0015685402742311,9.799781985216727,9.799530802455292,9.804100409326823,2.4603185918852864e-06,2.921294917730639,1.0714365815613442,0.0036436082350824,5.34129973746448e-05,0.003643428037797,0.0035250799537429,0.0036932803313425,2.852948288543812e-09,3.8269307153650343,-1.3609487806090106,50.57105263615551,0.623779955507,51.08932953313572,49.799578141336994,51.20875949230633,0.389101432892315,1.224289036458647,-0.2667173491818767,873.0,156.67543,379.1389041666667,-109.73719583333332,-45.21008083333331,137.77525416666668,665.0,913.5183,155.42791499999987,-41.21764500000006,2.5952649999999267,26.860054999999875,0.4894446679736264,1.0616992908738625,2.365746026755696,2.871965246714968,-0.0129794738091487,-0.0005735223921572,0.0133934165670141,-0.0010508559250839,1005.9997190777896,1.0,0.007874016,758.2098885009183,-1.2368543316410836,0.7536879723942439,583.0,1.7255569795502397,0.9207386729546108,2.877665227137001,user
0.006296472968421,0.0003250704464256,0.0061073876,0.0061073876,0.006825912,1.0567079513940113e-07,2.157142857142845,1.1701933373853557,-0.0566500838421052,0.0008387243698894,-0.056045014,-0.05820058,-0.056045014,7.034585686464806e-07,1.844241877267621,-0.8078075154974068,9.798324736842105,0.0008813880997918,9.798388,9.795992,9.799106,7.76844982454624e-07,5.935861946395674,-2.085784618417528,49.005457368421055,0.6870054771522037,49.366905,47.89359,49.61644,0.4719765256371271,2.1389242692589927,-1.1202138210799697,-9.302060473684213,0.0968502670336292,-9.360558,-9.360558,-9.058624,0.0093799742244852,4.786493206351231,1.835070900310648,-1.134002689473684,0.2421090113351604,-0.9900818,-1.5281677,-0.9900818,0.0586167733696888,2.155308537149748,-1.167328560430041,-0.0020811166789473,0.0001929202208515,-0.0022240975,-0.0022240975,-0.0017979592,3.7218211613398365e-08,1.34784973423736,0.6146610388031507,0.0034506560263157,0.0001343624726978,0.0034955125,0.0030693735,0.0034955135,1.8053274069485386e-08,7.617647058665746,-2.7984395639647976,0.0005283577778947,7.229682249689599e-05,0.00048630452,0.00048630452,0.0006461069,5.226830543147686e-09,2.1571428571428517,1.17019333738536,9.798490562085687,0.0008798564630454,9.79855018573266,9.796166794811104,9.799276972242785,7.74147395562875e-07,5.893532649096282,-2.065823509529974,0.0040672850121839,0.000183046103325,0.0041715356181309,0.0035902928924447,0.0041715356181309,3.350587594246736e-08,5.485351161632544,-2.070390600429828,49.89421985537727,0.6717684867145104,50.25625948397951,48.80431435689989,50.44674582995732,0.4512728997427033,2.14472131187829,-1.140166393182437,950.0,294.0,342.16217368421053,-161.98887031578948,-11.976926315789456,160.42871368421058,625.0,816.0,117.20116368421054,-49.33319631578949,-15.101236315789492,47.1191236842105,1.469939919776784,2.5281748773472623,3.161227006938557,3.1837627734447054,-0.0364322408890717,-0.0002489350504432,0.0333462795809993,0.0308266178709526,949.5496560722314,1.0,0.007874016,683.2400749370605,-1.2874705742059145,0.7195411746693182,298.0,3.1864082418531257,0.9207386729546108,2.877665227137001,user
0.0104071264333333,0.0026016970891669,0.011616072,0.0065864036,0.013053119,6.768827743779859e-06,1.729406715653123,-0.6187179174733959,-0.0613198820714285,0.0017770189530931,-0.0620327,-0.06323025,-0.055086978,3.1577963596521147e-06,4.526200221095474,1.02921714514485,9.79828469047619,0.0015214522024357,9.797669,9.796471,9.800543,2.314816804296523e-06,1.5009114725921242,0.1532677116561597,48.577757166666665,0.5829252214389542,48.81035,47.738663,49.469414,0.3398018137896538,1.99098961101462,-0.4148451588518115,-9.93308061904762,0.775519402252419,-9.628956,-11.110432,-9.071892,0.6014303432699493,1.8488473150716749,-0.7904389906196514,-0.4988468747619047,0.4206439525634577,-0.4507904,-1.4027557,0.05369568,0.1769413348282085,1.8975063926357505,0.007870945001105,-0.0023078034761904,0.0007377330968232,-0.0018512257,-0.0033959805,-0.0017979583,5.442501221483592e-07,1.678417510130249,-0.8518833051829552,0.0035196102333333,0.0008970771272177,0.0032824434,0.0023768973,0.004507594,8.047473721772554e-07,1.415878067342144,-0.0597628857880166,0.0005941078533333,0.0001374463167563,0.000539572,0.00048630452,0.00080590975,1.889148998989569e-08,1.8594262219950712,0.8936844108435519,9.79848258750977,0.0015161852010392,9.797855644186518,9.79668194091677,9.800726832634616,2.298817563850333e-06,1.4856292213495568,0.1562793593191989,0.0043365784489524,0.0007813584259429,0.0047537623177613,0.0031186804729296,0.0048772481794088,6.10520989792013e-07,1.8934958402284112,-0.968855571344576,49.59470671711153,0.4173650145856733,49.736012139312656,49.01453383926285,50.29829209237881,0.1741935554000993,2.1426114814378594,-0.1857833791884421,971.0,189.0,512.6141819047618,-140.89407409523812,-83.8682730952381,163.34611390476206,632.0,886.0,125.5722121428572,-88.35803585714284,26.3646121428572,53.26570014285721,0.3175653858679141,1.1010729239917691,2.1499110969513,0.5263292747082164,-0.018581244378351,-0.0044049110015716,0.0128424243472728,0.0229471972318332,1003.2024128680416,1.0,0.007874016,822.2165164967194,-1.2567379283739033,0.8195918450256671,673.0,1.4906425154057084,0.9207386729546108,2.877665227137001,user
0.0082251431578947,0.0002429846037523,0.008023452,0.008023452,0.0085024685,5.9041517660695554e-08,1.1022727272727428,0.3478916862385649,-0.0619696826315789,0.0019438808880771,-0.06035615,-0.06418829,-0.06035615,3.778672907031569e-06,1.1022727272727255,-0.34789168623852,9.80127389473684,0.000850670447663,9.80198,9.800303,9.80198,7.236402105273043e-07,1.1022727272767714,-0.3478916862488437,49.248877368421056,0.0513369723647496,49.29149,49.190285,49.29149,0.002635484731579,1.102272727272364,-0.3478916862375977,-9.36644489473684,0.078353494751455,-9.301407,-9.455872,-9.301407,0.0061392701397662,1.1022727272727115,-0.3478916862384857,-1.3548688157894735,0.3426865788421465,-1.0704193,-1.7459869,-1.0704193,0.1174340913185347,1.1022727272727266,-0.3478916862385247,-0.0019521535789473,0.0001351015326298,-0.0020642956,-0.0020642956,-0.0017979583,1.825242411892844e-08,1.1022727272727313,0.3478916862385363,0.0028506967789473,0.0008916689588102,0.0021105604,0.0021105604,0.0038683843,7.950735321058082e-07,1.102272727272726,0.3478916862385237,0.0006685355705263,2.7020073187619663e-05,0.00064610736,0.00064610736,0.00069937436,7.30084355064323e-10,1.1022727272727213,0.3478916862385102,9.80147343566464,0.0008380977871017,9.802169104898407,9.800516890468211,9.802169104898407,7.024079007447863e-07,1.1022727272746335,-0.3478916862433881,0.0035697566590676,0.0006597522393975,0.0030221244591964,0.0030221244591964,0.0043227509338904,4.352730173900171e-07,1.1022727272727275,0.3478916862385271,50.15113957674168,0.0261322652145879,50.1728308557287,50.12131406813453,50.1728308557287,0.0006828952852455,1.102272727272219,-0.3478916862372301,935.0,303.0,307.11422263157897,-170.100301368421,-8.357117368420973,178.931686631579,655.0,845.0,119.83601684210532,-55.74162715789471,-15.53513315789462,49.19346684210532,1.8270021311409543,1.985456154607473,2.6480404446768557,2.9113181197759848,-0.0229155200576725,0.0056793167368637,0.0196868319756297,0.0119951861787365,849.3997809241677,1.0,0.007874016,659.9424217308658,-1.2787589808583046,0.7769514856865544,288.0,2.949304794875582,0.9207386729546108,2.877665227137001,user
0.010553253625,0.0017901118533505,0.010179022,0.006107389,0.013532135,3.2045004475062525e-06,4.34297159749803,-0.1222360617856253,-0.060850138875,0.0003758439581074,-0.06083517,-0.061314184,-0.05963763,1.4125868084585325e-07,8.198528684504488,2.1280380933988403,9.794884375,0.0013174999999998,9.794555,9.794555,9.799825,1.735806249999575e-06,14.066666666649049,3.999999999995955,48.79832975,0.3233250548525423,48.95372,47.77826,48.95372,0.1045390910953995,7.213470248333219,-2.4420274014919814,-9.7124883125,0.2271664854549677,-9.817879,-9.821396,-9.254623,0.051604612113962,3.5640182309606963,1.7718618316248285,-1.0687065,0.2209995486756658,-0.9566345,-1.7168427,-0.9566345,0.0488408005148479,5.577227409977136,-2.06790328735263,-0.00197440655,7.462163198242188e-05,-0.0020110277,-0.0020110277,-0.0017446913,5.568387959720009e-09,6.600000678592902,2.3025846463653123,0.00325580991875,0.000106534915,0.0032291762,0.0030161063,0.003442246,1.134968811405766e-08,3.826667627854457,0.3428561130135378,0.00051959677,6.4142697625813e-05,0.00048630452,0.00048630452,0.00064610736,4.1142856587164775e-09,3.2909248437234755,1.6281829245299444,9.795079232675215,0.0013144386297566,9.794749214677363,9.794749214677363,9.80000836620752,1.727748911396432e-06,14.066539165297522,3.999968495681773,0.0038442265977079,0.0001043070324611,0.0038351406006802,0.0035259017128075,0.0039866788807855,1.0879957020852108e-08,6.910482313385058,-1.5839485589599342,49.76786370850699,0.3322072558562362,49.93768716574318,48.80747378089711,49.93768716574318,0.1103616608435308,5.3167113918568285,-2.007553354333416,951.0,393.0,268.70422937499995,-132.949920625,-6.5516406250000045,137.853929375,645.0,831.0,122.51046124999992,-46.4267987500001,-16.745388750000075,41.30080124999995,1.7935077942116455,2.1871583481509647,2.8330806851297656,2.6117250966176404,-0.0241256798988208,0.0023975765549164,0.0331435162759036,-0.0034589436382113,758.3041550815108,1.0,0.007874016,588.1836447913186,-1.2490457723982544,0.775656629137281,249.0,3.0453982131787583,0.9207386729546108,2.877665227137001,user
0.0126445475294117,0.0031511060801638,0.014490168,0.006586404,0.014490168,9.929469528445769e-06,2.8364322002852336,-1.374745955881031,-0.06334296,0.0040611624063914,-0.06586484,-0.06586484,-0.05652402,1.649304009108746e-05,1.9840351258487936,1.0516412348631288,9.796344970588237,0.0011325984155721,9.795993,9.7957535,9.799344,1.2827791709565948e-06,6.55142020693188,2.574384705772919,49.20686411764706,0.1437100436668764,49.21582,48.97651,49.49866,0.0206525766507355,3.572525442614478,0.3109379638039036,-9.645528411764706,0.4210872066751814,-9.442688,-10.72184,-9.442688,0.1773144356255069,5.712349770471387,-2.273073259032972,-0.6597415570588234,0.4708224035142255,-0.6023712,-1.8092346,-0.12289429,0.2216737356509122,5.055770043132848,-1.745092925285944,-0.0018386920588235,0.0002846999798262,-0.0020110277,-0.0020110277,-0.0013185516,8.105407851309506e-08,2.4104132539866763,1.2076989776017006,0.0030098395529411,0.0001046578679266,0.002962839,0.0029628382,0.003229176,1.0953269318942612e-08,3.88095238091183,1.8662130967952772,0.000683707717647,7.711072152869085e-05,0.0006993748,0.000539572,0.0008059088,5.946063374675306e-09,3.2710082860958303,-0.8168486642930106,9.796559186173052,0.0011222251046422,9.796225140234675,9.795918791941716,9.799524053150328,1.2593891854892331e-06,6.497911565358653,2.550516572955192,0.0036048014547603,7.271747588860882e-05,0.0036485301781626,0.0034553975196263,0.0036485301781626,5.2878312996104045e-09,2.7000590569854737,-1.2799025326103677,50.15117278216382,0.2106875921373454,50.11710432577219,49.9356441205119,50.67887651299146,0.0443892614806324,5.4456094834896405,1.994899020165201,949.0,384.0,291.2651841176471,-131.65047588235294,-23.84962588235294,129.83800411764705,671.0,811.0,79.69131823529415,-46.93762176470586,-8.42752176470583,47.784818235294125,1.5942360835840053,1.8744128933854969,2.7799672219761256,1.8744128933854969,-0.0198211739915011,-0.0018072124759787,0.0190092992523755,-0.0024947699095196,701.1397673368692,1.0,0.007874016,582.0867632922088,-1.3279009939872917,0.8302007537001389,267.0,2.6259916379658024,0.9207386729546108,2.877665227137001,user
0.0098088744363636,0.0021356473287612,0.008502467,0.0075444356,0.012813611,4.560989512845175e-06,1.5246055551711235,0.4110550869691928,-0.060639207090909,0.0023280075566735,-0.059637625,-0.06514631,-0.058440097,5.419619183928992e-06,2.9117710048004786,-1.1448300908561355,9.797995272727272,0.0017725685523349,9.79695,9.796471,9.800783,3.141999272726789e-06,1.9378716220916463,0.8901707685543535,48.83765790909092,0.3713990672662252,48.73153,48.334473,49.256386,0.1379372671662221,1.492268927440932,-0.2260277900360998,-9.708002,0.7639994189419437,-9.57156,-10.786316,-8.754074,0.5836951121436276,1.8275331816381823,-0.251245395360251,-1.1098688363636364,0.5420062460254694,-1.202591,-1.8783569,-0.5056915,0.2937707707306217,1.5943711140435315,-0.3879331630577058,-0.0017107932454545,5.754405336056428e-05,-0.0016914234,-0.0017979583,-0.0016381559,3.3113180771634693e-09,1.7652887673775086,-0.1379938720449331,0.0032291753545454,0.0003353220411594,0.0031759082,0.0027497686,0.00354878,1.1244087128734587e-07,1.586028668220336,-0.4336278054743933,0.0006170518336363,0.0001223636530226,0.0006461069,0.00043303752,0.00075264135,1.4972863581046884e-08,1.892504876679059,-0.5899934131282186,9.798188325762224,0.0017663559869775,9.797147258682283,9.796655430230524,9.80096091972473,3.1200134727314154e-06,1.9301039491848235,0.8788070033110204,0.0037096028605002,0.0003226556548277,0.003624200257522,0.0032653079843222,0.0040303780288983,1.0410667159233693e-07,1.4762415065093053,-0.3029938203392142,49.81503363972277,0.2232114220795515,49.677187944647,49.55899633450382,50.07967815061108,0.0498233389467757,1.16928627475322,0.0850494179813114,970.0,284.0,384.61698340909095,-159.14179059090904,-28.68825659090908,142.535213409091,666.0,950.0,166.55169159090917,-68.42621040909084,-7.507778409090804,70.6831615909091,0.6487171130105516,0.8366765303844178,1.7028291452225222,1.7086532404048564,-0.0058552338082895,-0.0002589869914903,0.0061169251200024,-0.0055029472989234,867.857934075307,1.0,0.007874016,742.4634671147127,-1.1782845234960098,0.855512680086055,719.0,1.2070346788251836,0.9207386729546108,2.877665227137001,user
0.0120266567142857,0.0014111535587113,0.012334595,0.008741975,0.013053121,1.9913543662637148e-06,4.71296083010277,-1.956303025680383,-0.0618958465714285,0.0024572278163083,-0.061553694,-0.0649068,-0.05724255,6.037968541239264e-06,2.735923065335661,0.5176520030248273,9.797463928571428,0.0011166699745854,9.798388,9.7957535,9.798388,1.246951832140769e-06,1.359316791500347,-0.453106568902244,49.31843085714286,0.3498653793817388,49.02623,49.02623,49.82101,0.122405783689928,1.236032651020976,0.3912971144518768,-9.695871,0.4436262311543364,-9.477928,-10.747471,-9.477928,0.1968042329682007,5.0101785502832525,-2.1269029752649096,-1.7836979285714285,0.4162105509142316,-2.1255798,-2.1255798,-1.1213531,0.1732312226923282,1.459144914535337,0.5021900415184437,-0.0016381558571428,0.0001726056869201,-0.0017446904,-0.0017446904,-0.0013718195,2.9792723157173586e-08,1.90000000000001,1.0232748471170392,0.0030161062857142,0.0004491552907771,0.0026432343,0.0026432343,0.003602048,2.017404752331041e-07,1.2519094888252316,0.4164641035108886,0.0006461068971428,6.52390435480773e-05,0.00059283944,0.00059283944,0.0007526418,4.256132803067926e-09,1.5399997116438702,0.5414660142615346,9.79766721280378,0.0011176459474429,9.7985891024179,9.795924650813706,9.7985891024179,1.2491324638356852e-06,1.4029206576819666,-0.4746351760622705,0.0035088805876438,0.0003401989984734,0.0032221251928142,0.0032221251928142,0.0039173668490849,1.157353585623255e-07,1.112317826692347,0.3282514261346694,50.29730536825144,0.395775535701081,49.9792000403393,49.9792000403393,50.9793939066641,0.1566382746594777,1.7498386454631278,0.6418646721461817,947.0,358.0,314.6582433333332,-166.59917666666684,-7.754106666666757,152.3220033333332,663.0,868.0,124.59289666666676,-67.11250333333328,-13.401503333333268,65.72159666666676,1.5613484350449465,1.7656042087492672,2.339566674377503,1.924024608526621,-0.0133316422751023,-0.0053244280333632,0.0087908548357989,-0.0007322951413552,898.9524099253803,1.0,0.007874016,623.6553535407196,-1.235861952113166,0.6937579193902907,328.0,2.7407085668456714,0.9207386729546108,2.877665227137001,user
0.010190999675,0.0017815712143904,0.009220993,0.0085024685,0.012813611,3.1739959919447267e-06,1.7228026854584,0.7477465164809384,-0.06114652625,0.0021615019442643,-0.06035615,-0.06394877,-0.058200575,4.672090655058669e-06,1.52604575279488,0.145113545976319,9.8013212,0.002948137571157,9.799585,9.797909,9.805811,8.691515138467814e-06,1.482819498591131,0.2482547767376367,49.00458395,0.7512435428579696,49.137962,47.940613,49.911293,0.564366860685794,1.693681459406136,-0.5140045369745687,-9.62523595,0.7300679707957279,-9.800224,-10.484398,-8.580151,0.5329992419817918,1.7169289724392645,0.2738816414287658,-1.107795709,0.3320421327041817,-1.2911682,-1.4134674,-0.58821106,0.1102519778907414,1.834881882871341,0.7331883882060222,-0.00177398729,0.0001380374233687,-0.0017979578,-0.0019577597,-0.0016381554,1.9054330250271732e-08,1.43546859852201,-0.3027648261862849,0.0035221468999999,0.0007100614237471,0.0029628389,0.002803037,0.0042945244,5.041872254938616e-07,1.0608683369988805,0.186647837966159,0.000579522781,0.0001167964520797,0.000539572,0.00048630498,0.0007526418,1.3641411218418688e-08,1.7189339681766784,0.7969240415304492,9.801517616483688,0.002962611106,9.799775204757491,9.798085546226972,9.806024316871753,8.777064565394886e-06,1.4810811848582244,0.2460097924477527,0.0040123245668505,0.0005666897192853,0.0036301111648824,0.0033735451111751,0.0046220109768711,3.211372379437368e-07,1.124111786709612,0.1190724939254902,49.96033022657348,0.6901934466264205,50.26061108120891,48.95247343451409,50.77986993953984,0.4763669937660575,1.77879071163035,-0.6732441859111693,965.0,275.55286,396.17334375,-122.03092424999998,-41.975896250000034,123.21316375,655.0,912.40106,149.47324425,-75.29338375000006,9.45989924999992,51.53613624999998,0.5465654452983486,0.9551816112175172,1.6051256099788946,1.711850613011592,-0.0085223522397378,0.0001034299115121,0.0087324787061105,0.0084401031486021,932.658377660276,1.0,0.007874016,735.9297959338942,-1.2134781458196855,0.789066836862703,654.0,1.4260831462695351,0.9207386729546108,2.877665227137001,user
0.0083538079172413,0.0013494282115258,0.008981484,0.005628371,0.009700008,1.8209564980618173e-06,1.8378570821154263,-0.3796318752207341,-0.0598853953103448,0.0007747281440936,-0.059877135,-0.06203271,-0.059398122,6.002036972507168e-07,6.6194432007195365,-2.333355219906473,9.80768624137931,0.0040605171262421,9.806051,9.803417,9.812038,1.648779933250586e-05,1.1349372954751304,0.032708889000859,49.64140696551724,0.2533504135515642,49.80399,49.210716,49.893364,0.0641864320467486,1.327046221018444,-0.1985327118206315,-9.632339310344827,0.2185459613584259,-9.575073,-10.257576,-9.445328,0.0477623372260785,7.479670526111221,-2.624508584430496,-1.0871324248275862,0.5348429588090332,-1.0522919,-1.5098419,0.2936554,0.2860569905876011,5.106618060808466,1.7614492075231998,-0.0017704057896551,2.7088918367286825e-05,-0.0017446913,-0.0017979578,-0.0017446904,7.338094983095295e-10,1.004761905101608,-0.072829042681775,0.0026965017103448,0.0004213563685478,0.0028030365,0.0023768973,0.0037618498,1.7754118931586966e-07,4.708169474690124,1.6331192153608378,0.0004973253737931,0.0001791625331957,0.00048630452,0.00032650214,0.00069937436,3.2099213301116745e-08,1.145928693637253,0.1947063601291764,9.807872746063657,0.0040593325226464,9.806251319376114,9.803602578091498,9.812222579033577,1.64781805294148e-05,1.1355703342948176,0.0317778058308995,0.0032758137081102,0.0003597468882765,0.0033749196594304,0.0029981488743477,0.0041751591270546,1.294178236246761e-07,4.520661059719402,1.560677465850626,50.58213315944365,0.259841632755694,50.81473322211414,50.115860944763305,50.85018700860229,0.0675176741131449,1.4138476886690652,-0.2734638938903029,992.0,346.0,328.0927234482758,-150.01828455172412,-15.978576551724132,147.84312344827595,662.0,875.0,123.5031337931033,-53.9903262068967,-9.111126206896644,50.99450979310329,1.041232806221696,1.2697136856178757,1.8343880451070436,1.819634554006955,-0.0155394782551787,0.0008141514499015,0.0096828967606092,-0.0167603407933625,879.4114198251884,1.0,0.007874016,680.2095265431086,-1.2523000612355668,0.77348270810302,458.0,1.9201122703606732,0.9207386729546108,2.877665227137001,user
0.0103039852173913,0.0016872055377099,0.008741977,0.008741977,0.012334596,2.8466625264789967e-06,1.104046766252912,0.1637611805078917,-0.0598250676086956,0.0020539348826262,-0.05796107,-0.06251173,-0.05796107,4.218648502068802e-06,1.254080837413711,-0.2780549714791957,9.799710217391304,0.0008201920482713,9.799106,9.799106,9.801023,6.727149960475189e-07,2.039374094073089,0.9850885647203744,49.13388495652174,0.1449406409332301,49.18403,48.905304,49.287834,0.0210077893941355,2.074316825577655,-0.848606291736478,-9.96949456521739,0.3342036411049435,-9.926476,-10.443783,-9.503593,0.1116920737278018,2.0540892031334868,-0.1780965764167078,-0.8998061443478261,0.3323832387897571,-0.72050476,-1.4461517,-0.6745148,0.1104786174283687,2.1797972964845256,-1.1552545733461714,-0.0016682634,0.0001434958508041,-0.001584888,-0.0019044937,-0.001584888,2.0591059198011843e-08,2.186274509803928,-1.1666714304672314,0.0033426587130434,0.0004853702787221,0.0037618503,0.0026432343,0.0037618503,2.355843074668238e-07,1.5500053164389815,-0.5190480900053659,0.0006345271173913,2.246488678715484e-05,0.0006461069,0.0005928399,0.0006461069,5.04671138359684e-10,2.877777777777741,-1.467837778851557,9.799898585853269,0.0008333328770362,9.799281315843189,9.799281315843189,9.801230111836732,6.944436839495136e-07,2.030240298880805,0.975042349811502,0.0038050267667858,0.0003634980974803,0.0041328975039772,0.0033213307490016,0.0041328975039772,1.3213086687184757e-07,1.296134894101305,-0.3110063085277779,50.145457208704805,0.0712125351342253,50.1809013463156,50.02891881125274,50.20023735538134,0.0050712251602432,2.16315167461254,-1.122139536207674,966.0,309.0,338.21662478260873,-173.00816521739125,-9.772075217391262,179.07497278260877,659.0,886.0,145.18389478260872,-67.62554521739128,-12.456545217391294,58.222074782608736,1.4403848046667185,2.0576470588235303,2.3962649516227823,2.2675767651201744,-0.01618253810502,-0.0037003942096493,0.0131835857695063,0.0015466681985294,900.1243723726858,1.0,0.007874016,695.1100632274,-1.2381271890184928,0.7722377979779865,356.0,2.528439248237881,0.9207386729546108,2.877665227137001,user
0.011406502625,0.0017448069880353,0.0104185315,0.008981484,0.013532137,3.0443514254969846e-06,1.463250639594826,0.2864885364609713,-0.062541664,0.0002852575309468,-0.0625117265,-0.06299074,-0.062272213,8.137185896191229e-08,1.3883854575691217,-0.2447592413783007,9.7976095,0.0022676566912922,9.796473,9.794075,9.800303,5.14226686956272e-06,1.65040121818389,0.1048977127335287,48.91767375,0.4207362311453241,49.19214,48.39246,49.39545,0.1770189761983716,1.3164440290090598,-0.4640157779112037,-9.879251,0.329134384422295,-9.78875,-10.22224,-9.212288,0.108329443009043,2.779687582910596,0.7127900171426569,-0.66603470675,0.2252803538306327,-0.73031616,-0.7740021,-0.085006714,0.050751237822055,6.047580608148661,2.3809854500308503,-0.0017846407875,7.573952405605452e-05,-0.0017979576,-0.0018512248,-0.0016381559,5.7364755042376614e-09,2.261188006591237,0.7053581685901523,0.002763086375,0.0003417100643504,0.0027497696,0.0024301652,0.0031759082,1.1676576807838381e-07,1.0440319358815295,0.0319356980015863,0.000646106905,8.603469637665617e-05,0.00069937436,0.000539572,0.0007526418,7.401968980623414e-09,1.3599999459332224,-0.4052548092932744,9.79781590290164,0.0022701541474881,9.796676457556387,9.794281678918855,9.80051323802291,5.153599853357616e-06,1.6478751109618726,0.1071709552015631,0.0033628208110553,0.0002351042364516,0.003352779285739,0.0031339847885481,0.00365190598546,5.5274001997508244e-08,1.0535686615869644,0.0385106589377553,49.91176573105176,0.3534841876492979,50.161934034042766,49.46638712014457,50.247228351809305,0.1249510709180841,1.276028523855141,-0.5304725582977199,975.0,351.0,336.07033,-168.53778999999997,-15.801784999999995,156.94949000000008,641.0,851.0,122.34776708333344,-63.76512891666659,-5.669382916666507,61.19328708333348,1.3326525283066395,1.54417016023541,2.181415227474924,1.6833121229291808,-0.0165854434693142,0.0006191673649256,0.0134491093519392,-0.0098590408945514,888.5012751736753,1.0,0.007874016,658.3889427990115,-1.2461639359957428,0.7410106897936823,386.0,2.3018167750613348,0.9207386729546108,2.877665227137001,user
0.0115725245454545,0.0008544515470407,0.012334595,0.01065804,0.012334595,7.300874462402609e-07,1.0333333333333323,-0.1962141687034828,-0.0604432467272727,0.0009765156169203,-0.061314184,-0.061314184,-0.059398122,9.535827500893556e-07,1.0333333333333343,0.1962141687034881,9.799323454545451,0.0037836207492323,9.802698,9.795274,9.802698,1.4315785974021492e-05,1.0333333333328223,-0.1962141687012323,48.74689927272727,4.739718880559218e-05,48.746857,48.746857,48.74695,2.246493506672952e-09,1.033333333363894,0.1962141688384068,-9.32083609090909,0.2722509814300216,-9.563652,-9.563652,-9.029457,0.0741205968896099,1.033333333333326,0.1962141687034526,-1.1927018872727273,0.7582650885157858,-0.51641846,-2.004242,-0.51641846,0.5749659444618525,1.0333333333333332,-0.196214168703485,-0.0014347715545454,0.0001900328108126,-0.0012652846,-0.0016381559,-0.0012652846,3.611246918537404e-08,1.033333333333333,-0.1962141687034855,0.0030693736818181,0.000597247134467,0.003602048,0.0024301645,0.003602048,3.5670413962915573e-07,1.0333333333333334,-0.1962141687034819,0.0006945318545454,5.4295212575088304e-05,0.0006461069,0.0006461069,0.0007526418,2.947970108574027e-09,1.0333333333333317,0.1962141687034799,9.79951677549198,0.0037905634394345,9.802897513011008,9.795459890469145,9.802897513011008,1.4368371188377554e-05,1.0333333333334298,-0.1962141687039077,0.0034874369221765,0.0004312920492979,0.0038720987900012,0.003025842680787,0.0038720987900012,1.860128317876227e-07,1.033333333333334,-0.1962141687034908,49.65057236646424,0.0316836375464891,49.67883045102191,49.61666266499504,49.67883045102191,0.0010038528881772,1.0333333333332717,-0.1962141687032165,927.0,306.0,326.5891622727273,-168.46476972727265,-8.824352727272696,157.1055122727274,680.0,882.0,124.85537772727288,-60.62173827272716,-10.86077227272716,55.10558972727284,1.3966162504163633,1.829687603709307,2.4173649683126883,2.1636731526475743,-0.0087249374795148,0.002439309440141,0.0089435799595247,0.0076028405449492,810.3373835576399,1.0,0.007874016,653.0275645024489,-1.2563095671612086,0.805871205935791,346.0,2.3420155594151444,0.9207386729546108,2.877665227137001,user
0.0107730038,0.0022786021214433,0.009220991,0.008023451,0.013053121,5.192027627846002e-06,1.1397438351464932,-0.0330720135527838,-0.06035614836,0.0044631462023847,-0.05628451,-0.0649068,-0.056045007,1.9919674023861505e-05,1.0077702938913566,-0.0840303464392032,9.80214294,0.0018016397121782,9.801741,9.8003025,9.805094,3.245905652497776e-06,2.206742024482045,0.8502240755627636,48.79398968,0.558404233921591,48.93344,47.936714,49.224342,0.3118152884615588,1.872480748203812,-0.8941263808813016,-9.82610132,0.3805698054487636,-10.162186,-10.202843,-9.438293,0.1448333768193097,1.0117714223620442,0.0803726849154307,-0.4612292524,0.2902765372445521,-0.46914673,-0.9320984,-0.22117615,0.0842604680746878,2.0467108825377403,-0.8525223265227566,-0.001815004272,0.0001603336177266,-0.0017979583,-0.0019577607,-0.0015848898,2.570686897330211e-08,1.6164799791908353,0.5539650189435862,0.002643234096,0.0003661528388602,0.0029628384,0.0022703623,0.003016106,1.3406790140541545e-07,1.0165589634496326,-0.076136071303102,0.0005267879232,0.0002058907644426,0.000539572,0.00021996768,0.00069937436,4.239100688278184e-08,1.7554672898536714,-0.7289874127512622,9.802335908713069,0.0017953948465857,9.801964594291038,9.80046708891933,9.805258827316488,3.2234426551465267e-06,2.1869510502313143,0.8101809741924783,0.0032730851397043,0.0002026525250746,0.0033672945880785,0.0030783918573097,0.0035525606813901,4.1068045919121326e-08,1.3998628513523383,0.2626608286587494,49.77857645567945,0.4905643860843459,49.98620191572349,49.012719298715865,50.12151373388619,0.2406534168943112,1.9375158054390715,-1.0000266678538217,940.0,310.06174,331.13442480000003,-144.96641519999997,-8.462275200000022,130.7671648000001,681.0,893.97797,130.67988839999998,-50.99868160000005,-14.470931600000084,47.400718399999946,1.1290431028667602,1.4289475828205969,2.096468497688869,1.947235779335356,-0.0160136678037787,0.0009201480960862,0.0133298928393309,-0.015979882212737,850.7241803032157,1.0,0.007874016,664.9675383935282,-1.2447678448067332,0.781648804382779,408.0,2.085108285056901,0.9207386729546108,2.877665227137001,user
0.0095289308571428,0.0011031491407073,0.008502468,0.008502468,0.01065804,1.2169380266434295e-06,1.0090909090909088,0.102842991675617,-0.0597858938095238,0.0006128596101936,-0.06035615,-0.06035615,-0.059158612,3.755969018067582e-07,1.009090909090919,0.1028429916757009,9.800439571428573,0.0003669364483707,9.800781,9.800064,9.800781,1.346423571429552e-07,1.009090909087846,-0.1028429916496317,48.89296361904762,0.0648612628542445,48.953316,48.826576,48.953316,0.0042069834190474,1.0090909090909914,-0.1028429916763125,-9.52690938095238,0.169414609389356,-9.684547,-9.684547,-9.353508,0.028701309874548,1.0090909090909124,0.1028429916756485,-1.1770404761904762,0.1833459632124932,-1.347641,-1.347641,-0.9893799,0.0336157422263169,1.009090909090908,0.1028429916756167,-0.0014935732428571,0.0002453444564732,-0.0012652841,-0.0017446913,-0.0012652841,6.019390232214856e-08,1.0090909090909097,-0.1028429916756206,0.0028918154047619,0.0009541160342545,0.0020040255,0.0020040255,0.0038683843,9.103374068217104e-07,1.0090909090909086,0.1028429916756204,0.0006156683619047,8.178146502042674e-05,0.000539572,0.000539572,0.00069937436,6.688208020887282e-09,1.009090909090909,0.1028429916756244,9.800626636174089,0.0003695878998752,9.800970531879276,9.80024835089838,9.800970531879276,1.3659521573422197e-07,1.00909090909395,-0.1028429917014227,0.0033212453559592,0.0009571000003915,0.0024306789178225,0.0024306789178225,0.0043008684379096,9.1604041074953e-07,1.0090909090909097,0.1028429916756223,49.82693137479215,0.1003159473555789,49.92027377985768,49.72425472922007,49.92027377985768,0.0100632892938472,1.009090909090939,-0.1028429916758776,948.0,351.0,341.97816761904755,-160.10783238095246,-19.67123238095246,143.7480076190476,665.0,832.0,99.69220761904752,-54.53459238095252,-6.645442380952545,52.082907619047546,1.4116054614447453,1.6581401029815173,2.1249112318201995,1.179191186692245,-0.0104794800884617,-0.0006811597226543,0.0045105459599076,-0.0077256866020885,837.4678296041135,1.0,0.007874016,619.9177364779944,-1.2980361635315758,0.7402287163329497,348.0,2.4065167517359582,0.9207386729546108,2.877665227137001,user
0.0083764101578947,0.0001228650115756,0.008262959,0.008262959,0.008502467,1.509581106947361e-08,1.0111111111111009,0.1146681687623785,-0.058465297368421,0.0028258952662389,-0.061074674,-0.061074674,-0.05556599,7.98568405575159e-06,1.0111111111111113,0.1146681687624605,9.800706105263158,0.0055284843502113,9.805811,9.795034,9.805811,3.056413921053223e-05,1.0111111111110014,-0.1146681687616079,49.09866615789473,0.2294267141474023,48.886818,48.886818,49.334053,0.0526366171644738,1.0111111111110995,0.1146681687623709,-9.765601736842104,0.0122032430142892,-9.7543335,-9.778122,-9.7543335,0.0001489191400657,1.0111111111111442,-0.1146681687627152,-0.980755489473684,0.3519442781540738,-0.655777,-1.3418427,-0.655777,0.1238647749253921,1.0111111111111106,-0.1146681687624576,-0.0017278692631578,0.0001912791461525,-0.0019044927,-0.0019044927,-0.001531621,3.6587711752865793e-08,1.0111111111111106,0.1146681687624542,0.0035123341210526,0.0003279069391365,0.003815117,0.0031759087,0.003815117,1.0752296073391837e-07,1.0111111111111104,-0.1146681687624554,0.0003517343126315,2.732586639030192e-05,0.00032650214,0.00032650214,0.00037977006,7.467029739806323e-10,1.0111111111111102,0.1146681687624486,9.800884445926917,0.0055450951664393,9.806004678767833,9.795195298325895,9.806004678767833,3.0748080404869175e-05,1.011111111111038,-0.114668168761893,0.0039306541049349,0.0003745889826135,0.0042765422733169,0.0035463339178437,0.0042765422733169,1.4031690589548664e-07,1.0111111111111102,-0.1146681687624499,50.071181254115245,0.2343690087947537,49.85476947763448,49.85476947763448,50.31163878353832,0.0549288322834353,1.0111111111110982,0.1146681687623567,966.0,287.0,373.4047284210526,-174.9518275789474,-30.441071578947454,175.19498842105264,680.0,882.0,127.28314894736845,-64.00061105263156,-12.9862010526316,58.34012494736845,1.65253831778422,2.353558110919012,3.1596419117647043,2.408240289942015,-0.0196026358401221,-0.0085100729587439,0.0193409739536693,0.0152272837673581,849.6146250358756,1.0,0.007874016,708.4101919086145,-1.2816380680203123,0.8338017861671123,296.0,2.8703196791752554,0.9207386729546108,2.877665227137001,user
0.0064067734285714,0.0023840768643691,0.004909848,0.004191325,0.012334596,5.68382249522025e-06,2.1048178719592183,0.5245227668665229,-0.0586368258214285,0.0014459693834959,-0.059637625,-0.060356148,-0.05700304,2.0908274580077866e-06,1.1039327545326942,0.2816135201985449,9.796702607142858,0.000301815045067,9.796711,9.796472,9.797429,9.109232142884433e-08,4.2844055962242775,1.622628496547196,49.63812025,0.4796266400572831,49.433563,48.714813,50.122124,0.2300417138526386,2.159737231948855,-0.4707016453914721,-9.868626821428572,0.2289500213399412,-10.018303,-10.247871,-9.624538,0.0524181122715595,1.5471237949161591,-0.0975853201814464,-0.2977643679285714,0.3969335351021126,-0.086135864,-0.74253845,0.26731873,0.1575562312886601,1.1560367165214571,-0.2265124402836673,-0.0021784404142857,0.0002616453279249,-0.0021175635,-0.0023839003,-0.0015316219,6.845827762497037e-08,4.494786385535791,1.5627526394983997,0.0033052724964285,0.0001445605907536,0.0032824439,0.003229176,0.0037085824,2.0897764399055913e-08,7.016539118581398,2.5265618383963844,0.0005585960814285,3.614020872114932e-05,0.000539572,0.00048630452,0.00059283944,1.3061146864082372e-09,2.282601648309267,-0.5864375324552322,9.796880564459617,0.000301101417787,9.796877733813742,9.796658675795635,9.797611737712616,9.066206379336609e-08,4.441969002204695,1.707948662688538,0.0040075875349608,9.727706149233887e-05,0.0040417745048829,0.0038990756287474,0.0040998630707142,9.46282669258428e-09,1.1196747225187471,-0.2165845028904471,50.61251320977578,0.4768322804214369,50.3672537065318,49.781113738492,51.11355905657869,0.2273690236519078,1.7404564163806855,-0.2141150372343049,920.0,398.0,235.0915124999999,-145.66901550000006,6.916772499999922,146.2342724999999,1057.0,1166.0,78.2978535714285,-24.77788642857158,-5.572546428571513,17.620573571428494,0.994867007352941,1.1531624626437365,1.287855123198088,1.6382728016984145,-0.0065690924518228,-0.0008059405193743,0.0052351000917137,-0.0022789269301465,518.6750283537297,1.0,0.007874016,533.2588489654906,-1.364941976419578,1.0281174527681618,452.0,1.1475111246763932,0.9207386729546108,2.877665227137001,user
0.0098575791842105,0.0019916650743386,0.0091012375,0.008023453,0.012574104,3.966729768340369e-06,1.472195564988768,0.4988234968805713,-0.0587048043157894,0.0008853464534587,-0.059158612,-0.059398115,-0.05700304,7.838383426519016e-07,2.802109427037111,1.2130285189310563,9.795009447368422,0.0030816751823618,9.794436,9.79216,9.799825,9.496721929585186e-06,1.5750877642468677,0.391227034305199,49.38274218421053,0.6218031000923673,49.069695,48.83103,50.481064,0.3866390952844785,2.1475466747503043,0.864805659332912,-9.179258789473684,0.1944771931549142,-9.188416,-9.417976,-8.889992,0.0378213786574138,1.753219879642075,0.0917545239670817,-0.8584305684210527,0.2262278971108597,-0.86122895,-1.2424469,-0.6032715,0.0511790614312017,2.1558552070447377,-0.4904482623866205,-0.0016858167,0.000200760931246,-0.00174469125,-0.0018512257,-0.0013185521,4.0304951514790246e-08,2.420178393332149,0.923998801691454,0.0028506970263157,0.0007952873796375,0.0025366995,0.00232363,0.004454327,6.324820162107822e-07,3.313998254712987,1.478777932615543,0.000486304368421,0.0002159301194415,0.00048630452,0.0002732342,0.00069937436,4.6625816482060067e-08,1.000000000002361,0.0,9.795190561623196,0.003079507301347,9.794621061141784,9.792337871266588,9.799995825058936,9.483365219050097e-06,1.569893760543048,0.3878611494331697,0.0033977050479358,0.0006089188130524,0.0031322530265223,0.0030521168825367,0.0046534144296095,3.707821208891787e-07,3.5715385307052125,1.642584417791374,50.237302717936046,0.5799216933455246,49.93113493610373,49.73461268875217,51.26407275041221,0.3363091704127406,2.152121687654267,0.8827401976969865,924.0,385.0,297.85533578947366,-146.60046021052634,-36.52231921052635,164.51279378947368,1084.0,1219.0,79.16123684210538,-38.50414315789453,2.226636842105336,30.290836842105367,0.6231541868897216,0.8756372490861946,1.1416979122314752,1.0799013667545474,-0.0071531626858814,0.000367230032802,0.008086843895428,-0.0068692351948688,619.9501826981266,1.0,0.007874016,555.6491698904985,-1.3253811730803011,0.8962803550959862,618.0,1.0031556354338618,0.9207386729546108,2.877665227137001,user
0.009292844075,0.0002344112573687,0.0094604995,0.008981484,0.0094604995,5.4948637581218065e-08,1.3956043956044035,-0.6811611145540211,-0.0577455189,0.0030473524628003,-0.055565994,-0.061793208,-0.055565994,9.286357032535373e-06,1.395604395604402,-0.6811611145540203,9.79975215,0.0021096330505312,9.801261,9.79695,9.801261,4.450551607893596e-06,1.395604395605809,-0.6811611145558366,49.42173725,0.3243799378428557,49.65374,48.990875,49.65374,0.1052223440749349,1.3956043956043334,-0.6811611145539319,-8.854450199999999,0.2082189714536629,-8.705528,-9.13102,-8.705528,0.0433551400732213,1.3956043956044248,-0.6811611145540504,-0.583625808,0.432566129174279,-0.27424622,-1.1581879,-0.27424622,0.187113456108819,1.395604395604395,-0.6811611145540113,-0.00167810728,0.0001303347056025,-0.0015848894,-0.0018512262,-0.0015848894,1.6987135484515378e-08,1.3956043956043962,-0.6811611145540117,0.0032744535149999,0.0002346028909346,0.003442246,0.0029628389,0.003442246,5.503851643491392e-08,1.3956043956043989,-0.6811611145540155,0.000571532456,0.0001042679602262,0.0006461069,0.00043303706,0.0006461069,1.0871807529747185e-08,1.3956043956043964,-0.6811611145540134,9.799927145120986,0.0020915667567401,9.801423073761333,9.797148991931776,9.801423073761333,4.374651497900671e-06,1.3956043956031912,-0.6811611145524555,0.0037309012776544,0.000158504378885,0.0038442666480066,0.0035203655898575,0.0038442666480066,2.5123638125729743e-08,1.3956043956043778,-0.681161114553989,50.214505828460446,0.2759310227265157,50.411856985589885,49.847996536648616,50.411856985589885,0.0761379293029009,1.395604395604441,-0.681161114554072,959.0,435.0,292.4278865000001,-150.67744949999988,-13.688663499999905,132.66108650000018,1074.0,1155.0,50.256115000000136,-22.743884999999864,-6.215184999999792,24.477795000000064,1.236153166666668,1.5524414298378997,2.0203089317902214,1.150254410134041,-0.0277979563193774,-0.0057945793585037,0.0179487576480934,0.0096002695770563,658.372818273214,1.0,0.007874016,530.2235377649695,-1.4174300498559966,0.8053545393256734,310.0,2.123783284752303,0.9207386729546108,2.877665227137001,user
0.312198615,0.0170107101293238,0.312198615,0.2959121,0.32848513,0.0002893642591038,0.9999999999999996,0.0,4.05139735,0.0011255687156439,4.05139735,4.0503197,4.052475,1.2669049336363175e-06,1.0000000000000004,0.0,8.9625045,0.0580362719520379,8.9625045,8.906939,9.01807,0.0033682088620909,1.0000000000000002,0.0,20.0453435,0.1603072429813226,20.0453435,19.891861,20.198826,0.0256984121522728,1.0,0.0,-26.9135745,0.6961882472306539,-26.913574500000003,-27.580124,-26.247025,0.48467807558209,0.9999999999999994,2.7530499580967073e-14,12.151268,0.1295785329190549,12.151268,12.027206,12.27533,0.0167905961934546,1.0000000000000004,0.0,0.0538398468999999,0.0580005231209021,0.0538398469,-0.0016914262,0.10937112,0.0033640606822983,0.9999999999999998,0.0,-0.0248960126999999,0.0253700120909692,-0.0248960127,-0.04918595,-0.0006060754,0.0006436375134959,1.0,0.0,0.0130840434999999,0.0371370219330043,0.0130840435,-0.022471948,0.048640035,0.0013791583980524,1.0,0.0,9.840653947689914,0.0538603631024064,9.840653947689914,9.78908657602207,9.892221319357756,0.002900938713523,0.9999999999999996,0.0,0.0759772260132286,0.0558095374245278,0.0759772260132286,0.0225436620116438,0.1294107900148134,0.0031147044675397,1.0000000000000002,0.0,35.69429234801883,0.479013390169181,35.694292348018834,35.235671943292594,36.15291275274507,0.2294538279613721,1.0,2.666681792025228e-14,849.0,523.0,154.12227916666666,-89.42659083333328,-5.938470833333327,90.50903916666664,1349.0,1413.0,28.95509166666648,-14.933708333333469,-0.6477083333335258,15.129851666666587,1.349697170246749,1.6800585658207932,1.8917276271618813,1.6849993698562655,-0.0156427754346343,-0.0011513565876251,0.0173059696969155,0.0154190840797449,292.1947351299596,1.0,0.007874016,332.2228167961978,-1.3769426647666796,1.1369911119323723,173.0,1.6889869082656626,0.8148620742654088,-1.3388719653120709,user
0.3675591471428571,0.0154907395329357,0.37997937,0.35099885,0.37997937,0.0002399630112772,1.0833333333333357,-0.3741657386774005,4.072901571428572,0.0147228872944717,4.061097,4.061097,4.088641,0.0002167634102857,1.083333333333301,0.3741657386772855,8.946251428571427,0.087183824246736,9.016154,8.853048,9.016154,0.0076010192102857,1.0833333333333193,-0.3741657386773453,20.311160285714287,0.7928999620561024,19.675426,19.675426,21.158806,0.6286903498285686,1.0833333333333324,0.3741657386773889,-27.162272857142856,0.1269571077456569,-27.264065,-27.264065,-27.02655,0.0161181072071423,1.0833333333332942,0.3741657386772601,12.124768857142856,0.0299904529999607,12.100723,12.100723,12.15683,0.0008994272711428,1.0833333333333115,0.3741657386773228,-0.0065768042857142,0.0212121051704393,-0.023584325,-0.023584325,0.01609989,0.0004499534057617,1.083333333333333,0.3741657386773939,-0.004433719,0.0081146970076216,-0.010939951,-0.010939951,0.004241257,6.5848307525504e-05,1.0833333333333337,0.3741657386773944,-0.0066210903571428,0.0067480125489975,-0.012031537,-0.012031537,0.0005928385,4.553567336142864e-05,1.0833333333333337,0.3741657386773946,9.836731549802051,0.0737386336594522,9.895853986228303,9.75790163456705,9.895853986228303,0.0054373860939629,1.0833333333333246,-0.3741657386773651,0.0235096946787838,0.0064075672290897,0.0286471778046353,0.0166597171776483,0.0286471778046353,4.1056917795304255e-05,1.0833333333333328,-0.3741657386773941,36.02475035238098,0.3633210116903582,35.73344547798924,35.73344547798924,36.41315685156995,0.1320021575357054,1.0833333333333268,0.3741657386773706,839.0,596.0,101.71557714285711,-71.51979085714287,8.016077142857057,64.90217714285711,1357.0,1414.0,40.25244285714302,-16.747557142856976,-11.58705714285702,17.636742857142934,1.920122548502042,2.077379300069098,3.126362137051472,2.544734796939148,-0.0636200443600454,0.0071520220588236,0.0436354976326549,0.0071520220588236,276.87830122494825,1.0,0.007874016,249.5956730394179,-1.340393890736035,0.9014634658446392,98.0,2.825288788009676,0.8148620742654088,-1.3388719653120709,user
0.3313113422222222,0.0444497892702373,0.30788746,0.28824782,0.38860163,0.0019757837661685,1.2909188498414672,0.4410576382141171,3.876660388888889,0.0254992564751158,3.8946395,3.8280559,3.9030223,0.0006502120807837,1.7946078399740764,-0.4557066722602229,9.023732355555556,0.0462222234001412,9.047529,8.94933,9.059983,0.0021364939360525,2.0268257768486597,-0.9735417958661332,20.76193115555556,0.5375792004653809,20.497395,20.129475,21.73629,0.2889913967729982,1.860548890926178,0.3449061041291135,-27.236384955555557,0.401304473828219,-27.316093,-27.651596,-26.34674,0.1610452807145437,3.1131160522152856,1.0978689742830232,11.935233000000002,0.4070040532134559,11.719803,11.71962,13.044769,0.1656522993321816,6.4625937857927305,2.3243172785781163,-0.0057847285666666,0.0067857274705504,-0.0063256887,-0.023850664,0.0018774909,4.604609730458305e-05,5.124785194649272,-1.385621217925945,0.0082339447911111,0.0157263218787418,0.0026432348,-0.0017246923,0.049039144,0.0002473171998337,5.357673019040453,2.026100384416895,0.0136824154222222,0.004407175234546,0.010713646,0.009861369,0.023284754,1.9423193547996207e-05,2.86497418220495,1.1038401383028946,9.826921842135809,0.0482079960446391,9.861154866798156,9.75082909896092,9.865829696532574,0.0023240108826399,1.92091967301964,-0.8688793419216186,0.020360898903232,0.0135581663143447,0.0127194040092511,0.0127194040092511,0.0547519747494031,0.0001838238738074,4.939848363628311,1.9126657057207603,36.27483403681251,0.2611036643582321,36.41847049058657,35.87450997512893,36.59916724439874,0.0681751235412963,1.8756304945616988,-0.7019184450374653,779.0,877.59143,55.652452666666704,-37.93897733333324,-5.960277333333238,41.600902666666734,1746.0,1325.0,214.6493066666667,-151.06967333333333,-0.003893333333508,131.72878666666654,0.3931712566292994,0.6097902924901594,0.7169614773611191,0.0733878787878776,-0.0050746215131303,-0.000254830449827,0.004137398083968,-0.0066366679167938,409.1367257263178,1.0,0.007874016,432.39018267005656,2.9115542049411403,1.0568354182882462,804.0,0.5088765245352211,0.8148620742654088,-1.3388719653120709,user
0.3190245925,0.0547701330014949,0.28944534,0.28944534,0.40776235,0.0029997674690014,2.333333333333335,1.4401645996461925,4.01475275,0.0286046007126226,4.030201,3.968408,4.030201,0.0008182231819285,2.333333333333257,-1.4401645996461292,8.966934250000001,0.022395125303448,8.979029,8.93065,8.979029,0.0005015416373571,2.333333333333529,-1.4401645996463497,19.669364,0.3148899323346413,19.839424,19.159184,19.839424,0.099155669485715,2.333333333333347,-1.4401645996462022,-26.16759375,0.5411006493226176,-25.875366,-27.044277,-25.875366,0.2927899126973584,2.333333333333317,-1.4401645996461785,12.32795725,0.1804853880803089,12.230484,12.230484,12.620377,0.0325749753104997,2.333333333333321,1.4401645996461814,-0.043080196,0.0,-0.043080196,-0.043080196,-0.043080196,0.0,0.0,0.0,0.011485624,0.0,0.011485624,0.011485624,0.011485624,0.0,0.0,0.0,-0.02992938,0.0,-0.02992938,-0.02992938,-0.02992938,0.0,0.0,0.0,9.830000536827646,0.0301465903473271,9.846281556409492,9.781157478082108,9.846281556409492,0.0009088169095695,2.3333333333335515,-1.440164599646368,0.0536990747895361,0.0,0.0536990747895361,0.0536990747895361,0.0536990747895361,0.0,0.0,0.0,34.98428091556633,0.2964881995458217,34.8241589871168,34.8241589871168,35.4646467009149,0.0879052524699229,2.333333333333274,1.440164599646143,441.0,823.0,138.82670000000007,-121.8785299999999,26.91692500000005,122.68871200000014,1366.0,1362.0,7.035062499999867,-2.808537500000193,-1.8976375000002008,4.579322499999854,2.132766688535088,3.550281305738036,4.299264059688216,1.8576241159160325,-0.1268114874453217,-0.0258088767063093,0.0398348187102418,0.0210122213094613,743.6387445111022,1.0,0.007874016,382.02094183434497,1.5812671482995937,0.5137184481767431,107.0,6.949894808514975,0.8148620742654088,-1.3388719653120709,user
0.38021889,0.0380433573795314,0.35243595,0.35243595,0.4218933,0.0014472970407067,1.166666666666666,0.6085806194501817,3.9826827,0.0425035443236793,3.9516425,3.9516425,4.029243,0.0018065512800749,1.1666666666666627,0.6085806194501742,8.9984784,0.105866006804829,9.075792,8.882508,9.075792,0.0112076113968001,1.1666666666666663,-0.6085806194501846,19.5991466,0.2661389384143192,19.793507,19.307606,19.793507,0.0708299345403007,1.1666666666666907,-0.608580619450251,-26.4058,0.494664673359642,-26.767052,-26.767052,-25.863922,0.2446931390700013,1.1666666666666667,0.6085806194501847,12.604498199999998,0.0071959789605031,12.599243,12.599243,12.612381,5.178211320000444e-05,1.1666666666664864,0.6085806194496908,-0.0208889965999999,0.0053683402476485,-0.024809478,-0.024809478,-0.0150082745,2.881907701452368e-05,1.166666666666666,0.6085806194501827,0.0185488816,0.0050765824081907,0.01484147,0.01484147,0.024109999,2.57716889471523e-05,1.166666666666668,0.6085806194501878,-0.00792994624,0.0140043644631664,-0.018157288,-0.018157288,0.0074110664,0.0001961222240171,1.1666666666666667,0.6085806194501852,9.84812943946956,0.0779191863865011,9.905033567531342,9.762773247376888,9.905033567531342,0.0060713996071343,1.1666666666666416,-0.6085806194501162,0.0322236425331297,0.0026226153013482,0.0341389299467386,0.0293507114127163,0.0341389299467386,6.878111018866226e-06,1.1666666666666694,-0.6085806194501925,35.2179714234952,0.5161693769362193,35.59492823848367,34.65253620101249,35.59492823848367,0.2664308256867248,1.1666666666666816,-0.6085806194502257,431.0,730.56744,126.98030400000016,-73.38585599999983,2.908104000000094,72.62347200000013,1400.0,1366.0697,14.939460000000054,-10.45779999999986,1.069960000000037,12.032660000000124,3.823477838915168,4.04577369616663,73.52291104922783,3.94248019199288,-4.109467633345332,-0.0122181564171923,70.04910390953195,-0.0122181564171923,610.1729734358146,1.0,0.007874016,301.4828624752054,1.683579984605797,0.4940940939707469,67.0,9.107059305012156,0.8148620742654088,-1.3388719653120709,user
0.1452179924242424,0.0263841274053064,0.15556037,0.111969925,0.17208645,0.0006961221789394,1.3640476687464247,-0.3923417176078205,3.709659187878788,0.0089283565884473,3.7090201,3.6984825,3.720517,7.971555137047103e-05,1.5667174025943638,0.0054070805851191,9.10446,0.0531320581899482,9.124412,9.03771,9.15914,0.0028230156075,1.3673789227757145,-0.375063803147488,20.93551593939394,0.3395643342662513,20.909119,20.511757,21.349548,0.1153039371056824,1.5651716609534434,0.0166080772784806,-26.852308909090908,0.2370730028804898,-26.994728,-27.043274,-26.523338,0.0562036086947727,1.5003833563786166,0.7173226663571405,11.520590575757575,0.6684178581041218,11.239426,10.862228,12.425827,0.4467824330325019,1.5079256802009549,0.5613592892781816,-0.0015122527575757,0.0217307651470978,-0.0090423245,-0.024330072,0.027445843,0.0004722261538783,1.5151847913850325,0.4641916256166534,0.0045640898181818,0.0146638959864204,0.012231368,-0.017225506,0.015693748,0.0002150298455005,1.7259585745063548,-0.8646019270744961,0.0269037087757575,0.0183315728104264,0.038679034,-0.00047250884,0.03894537,0.0003360465617039,1.7347500828610498,-0.8984358634732346,9.832336712252069,0.0507348191723215,9.84671854869757,9.769829548687555,9.88745194846289,0.0025740218764481,1.3868125177242168,-0.2698366987189479,0.0409620234173481,0.007952991200968,0.0427097767475312,0.0298143208053629,0.0491896585225896,6.325006904267592e-05,1.6509943733037935,-0.5067520644222394,35.95284943536657,0.2456178619335077,35.94761875228484,35.6378849118478,36.244887020109154,0.0603281341007876,1.5798771638313345,-0.086391370092265,756.0,880.0,71.79476939393942,-30.57626860606058,-2.6625706060606262,32.77758939393944,1727.0,1243.0,231.93722424242424,-130.95081575757575,0.8596242424241609,126.4011642424243,0.7422589921774948,0.8570429408956429,1.0127255982569414,0.9612851525188164,-0.0105366370044667,-0.0006142808950342,0.0098910000836747,-0.0131992413488381,495.97873569443067,1.0,0.007874016,499.63186447623616,2.8907888136333404,1.0073654947660018,536.0,0.9253334621164752,0.8148620742654088,-1.3388719653120709,user
0.1120436111538461,0.0165495702570153,0.105263695,0.105263695,0.14933315,0.0002738882756918,4.681818181818181,2.178716804014732,3.715726876923077,0.0081848720076689,3.71908,3.6972847,3.71908,6.699212978192315e-05,4.681818181817348,-2.1787168040143627,9.103186846153845,0.0148407205622803,9.097107,9.097107,9.136626,0.0002202469868076,4.681818181818622,2.178716804014928,21.995314230769228,0.1096014195628513,22.040215,21.74836,22.040215,0.0120124711701921,4.681818181817984,-2.178716804014644,-27.490522923076924,0.1409051667384027,-27.548248,-27.548248,-27.173035,0.019854266013577,4.681818181818183,2.178716804014732,11.465980846153846,0.0957400911720949,11.505203,11.250259,11.505203,0.009166165057641,4.681818181818011,-2.1787168040146563,-0.0227689266923076,0.0010001866050791,-0.022359177,-0.02502255,-0.022359177,1.0003732449797312e-06,4.681818181818191,-2.178716804014736,0.0036839974615384,0.0078614592878632,0.006904627,-0.014029465,0.006904627,6.18025421347321e-05,4.681818181818181,-2.178716804014732,0.0305291156923076,0.0119622171208852,0.035429716,0.003575814,0.035429716,0.0001430946384472,4.681818181818182,-2.178716804014732,9.832985280060065,0.0108764083366251,9.828529506560686,9.828529506560686,9.857492034306649,0.000118296258305,4.681818181818281,2.1787168040147766,0.0403754552885942,0.0050888810463297,0.0424602337012776,0.0289091740188356,0.0424602337012776,2.589671030369436e-05,4.681818181818177,-2.1787168040147304,37.02691741591347,0.1993369360192473,37.10858042538057,36.57777086384442,37.10858042538057,0.0397352140615415,4.681818181818203,-2.178716804014741,712.0,804.0,57.575785384615415,-24.4463166153846,-6.921954615384607,23.963945384615403,1695.0,1288.0,175.56788461538463,-106.63079538461533,-1.5773153846153036,109.34314461538467,1.710744423427184,1.94461293308752,2.0469543751327977,1.9549442726063944,-0.0172863962193312,0.0016133230196633,0.0098022356104723,-0.0122410396911989,537.2860093482852,1.0,0.007874016,417.2684986911904,2.919284524405162,0.7766226766212038,195.0,2.755312868452745,0.8148620742654088,-1.3388719653120709,user
0.1742420128571428,0.0036529100857207,0.17567906,0.16561973,0.17567906,1.3343752094360466e-05,5.166666666666671,-2.2948210613692126,3.672033657142857,0.0125243606791363,3.6671066,3.6671066,3.701596,0.000156859610421,5.166666666667657,2.294821061369617,9.118868714285714,0.0159159105176042,9.12513,9.081301,9.12513,0.0002533162076043,5.1666666666663925,-2.2948210613690967,20.49346042857143,0.1944479858778587,20.416965,20.416965,20.952433,0.0378100192119559,5.166666666666582,2.294821061369172,-26.53495257142857,0.0692668385678678,-26.562202,-26.562202,-26.371456,0.004797894925187,5.166666666666915,2.294821061369311,12.166942142857142,0.2824592053145041,12.278061,11.500229,12.278061,0.0797832026669012,5.166666666666708,-2.2948210613692264,0.05093677,0.0,0.05093677,0.05093677,0.05093677,0.0,0.0,0.0,-0.0057730152999999,0.0,-0.0057730153,-0.0057730153,-0.0057730153,0.0,0.0,0.0,0.038252898,0.0,0.038252898,0.038252898,0.038252898,0.0,0.0,0.0,9.832001643648727,0.0101165402975626,9.835981469318964,9.80812268962732,9.835981469318964,0.0001023443875922,5.166666666666245,-2.2948210613690354,0.0639622267364523,0.0,0.0639622267364523,0.0639622267364523,0.0639622267364523,0.0,0.0,0.0,35.66837196230179,0.0328143086780686,35.68128104230214,35.590917482299695,35.68128104230214,0.0010767788540195,5.166666666668767,-2.2948210613700764,700.0,833.0,77.04128785714295,-44.54012814285704,-8.596932142857042,44.41864785714295,1676.0,1237.0,217.69261428571417,-137.29750571428593,-7.595085714285915,136.64997428571405,1.9418583092998087,2.125875088282004,2.429949941020596,2.1316021570774257,-0.0211380683030214,-0.0011876463329709,0.0212024244297403,0.0106705669517158,537.6325161515136,1.0,0.007874016,458.7046980356752,2.847421311592892,0.8531937415526496,205.0,2.622597639763481,0.8148620742654088,-1.3388719653120709,user
0.2220067442857143,0.0159442042453028,0.23172393,0.19771378,0.23172393,0.0002542176490159,1.8999999999999952,-1.0665364503850727,3.6503412857142856,0.0172915327866585,3.6608796,3.6239955,3.6608796,0.000298997106112,1.9000000000000008,-1.0665364503850772,9.078665285714283,0.0479453843153105,9.049445,9.049445,9.151716,0.0022987598771428,1.9000000000000832,1.066536450385151,21.424730714285715,0.4961729154300672,21.727123,20.66875,21.727123,0.2461875620063726,1.8999999999999884,-1.0665364503850665,-26.64879157142857,0.3782899307888894,-26.418243,-27.225163,-26.418243,0.1431032717362627,1.8999999999999628,-1.0665364503850443,11.660620714285717,0.1150846742797059,11.730759,11.485275,11.730759,0.013244482254066,1.8999999999999997,-1.0665364503850767,0.0106590041428571,0.0285931052698568,0.028085055,-0.032906123,0.028085055,0.0008175656689731,1.9,-1.0665364503850772,0.0188136979999999,0.0231991236596428,0.03295239,-0.016533032,0.03295239,0.0005381993385754,1.8999999999999988,-1.0665364503850765,0.0087579721428571,0.0083656688402713,0.013856424,-0.0039881575,0.013856424,6.998441514508621e-05,1.8999999999999997,-1.0665364503850765,9.787633440165726,0.0377285627012918,9.76463979025626,9.76463979025626,9.845117564939391,0.0014234444435053,1.900000000000185,1.066536450385242,0.0430548141024709,0.0039468365204416,0.0454602112526206,0.0370413212270966,0.0454602112526206,1.557751851909201e-05,1.89999999999999,-1.0665364503850685,36.13196591299504,0.047281913659587,36.16078184691613,36.05992607819231,36.16078184691613,0.0022355793593126,1.89999999999907,-1.0665364503842505,694.0,837.0,90.1419828571428,-40.46016114285717,-14.310267142857183,41.09382285714283,1689.0,1235.0,203.55424285714275,-134.39589714285725,10.29779285714278,135.07958285714273,1.7342383730128108,2.1557775831597725,2.816141859580255,3.2206751225241,-0.0205679541838061,0.0008731197638146,0.028046278139537,-0.0086305394551952,592.7966602633302,1.0,0.007874016,475.988445237907,2.836451867247032,0.8029539927341443,206.0,2.8776536905986903,0.8148620742654088,-1.3388719653120709,user
0.20502968,0.015483256379876,0.19962987,0.1862174,0.22837082,0.0002397312281249,1.9896020026827936,0.6742480670986785,3.588722445454545,0.0123638426565885,3.5983682,3.5665135,3.5983682,0.0001528646052368,2.3044564875556706,-0.9309221665138198,9.156026272727273,0.0798723645838017,9.216382,9.033399,9.216382,0.0063795946242077,1.8582082634565933,-0.866126494021739,20.90766818181818,0.29867342552625,21.13797,20.453712,21.13797,0.0892058151155844,1.8089931263009895,-0.8153434147045784,-26.441026363636364,0.5328605223669655,-26.903763,-26.903763,-25.74202,0.2839403362971953,1.2597546546119078,0.3521060769601155,11.248614454545455,0.4472040267832082,10.850922,10.850922,11.786362,0.1999914415711164,1.0642262054715503,0.2152662821121379,-0.0016526829581818,0.0475757139893901,-0.038445935,-0.038445935,0.070539184,0.0022634485616002,1.8010315334163336,0.8073576866481756,0.0081346173636363,0.0201372849708185,0.02565475,-0.018131055,0.02565475,0.0004055102459959,1.2457661026191125,-0.341947417469144,-0.0042593368545454,0.0063171792748077,-0.00095191505,-0.017305009,-0.00095191505,3.990675399005997e-05,3.677766490702938,-1.743818376341456,9.836395984790643,0.0763301549527214,9.895948815434094,9.721173019751786,9.895948815434094,0.0058262925551064,1.776021672851867,-0.7826419112649406,0.0483656506493005,0.0186929806744786,0.0462294522771916,0.0180258081866912,0.0728646090352579,0.0003494275264964,2.267993091571915,-0.1892842177886486,35.54086682911116,0.4386431819731633,35.89385389633096,34.8935074459468,35.89385389633096,0.1924078410915417,1.6713143125629304,-0.6843680620044076,705.0,812.0,71.00552454545459,-35.201375454545406,-7.750800454545413,26.982032545454565,1676.0,1281.0,185.7402500000001,-104.11085000000004,-0.6823499999999285,107.84047000000012,0.8921376025277976,1.1978937807006291,1.347372036773267,1.447248508228739,-0.0066111227478796,-0.001962003343683,0.0074063169344269,-0.0067104090073522,524.2295619460159,1.0,0.007874016,409.2358733053592,2.8770551334060857,0.7806424952194921,347.0,1.5107480171354926,0.8148620742654088,-1.3388719653120709,user
0.2011201211111111,0.0198269909869085,0.2101682,0.16538021,0.21831147,0.0003931095715949,2.7332197667583333,-1.3886868173148588,3.5916084,0.0032149752932909,3.5938172,3.587111,3.5938172,1.033606613647096e-05,1.503850085548121,-0.7745827147805074,9.12159,0.033190025373509,9.0987835,9.0987835,9.168001,0.0011015777842941,1.5009252085290703,0.7734385594438471,21.38409,0.2573588630449013,21.545952,20.813522,21.545952,0.0662335843877642,3.217744890205919,-1.36947797423761,-26.804355333333334,0.273525316748904,-26.983276,-26.983276,-26.246998,0.0748160989025883,2.4818810626510186,1.119895048831789,12.030299,0.0726024682322283,12.076584,11.873215,12.076584,0.0052711183934117,2.971882619186383,-1.2865253731019788,-0.0134102562222222,0.0213290125257928,-0.024489878,-0.024489878,0.02536842,0.0004549267753254,2.785714285714285,1.460988229638712,0.0002698758333333,0.0076337800580761,-0.0036955865,-0.0036955865,0.014148994,5.827459797508136e-05,2.7857142857142856,1.4609882296387116,0.0128857733333333,0.0046942049127226,0.01044731,0.01044731,0.021420395,2.2035559762629415e-05,2.785714285714288,1.4609882296387124,9.80531008587156,0.029463336605127,9.78506790570098,9.78506790570098,9.847283134261689,0.000868088203907,1.5041197154301906,0.7746620044880468,0.0289273002857636,0.0039403530509783,0.0268804347113279,0.0268804347113279,0.0360913297962884,1.5526382166354166e-05,2.7857142857142865,1.4609882296387118,36.33847875015849,0.3766980177186676,36.58099386823076,35.5398485716064,36.58099386823076,0.1419013965531736,2.788599001056055,-1.22443784060459,708.0,817.0,64.98031000000003,-37.05225399999999,-6.83999,36.94301000000005,1681.0,1277.0,210.15808888888887,-123.06611111111118,-12.799361111111123,122.62168888888884,1.2625218038357,1.4742648831422174,1.6822288595999808,1.2569055984129431,-0.013323751569897,-0.0058315815015827,0.0183557328390931,-0.0053641278470193,504.28007126033657,1.0,0.007874016,418.4459343810141,2.8780653933358,0.8297887587252873,277.0,1.8205056724199875,0.8148620742654088,-1.3388719653120709,user
0.2356431418181818,0.021736534747506,0.22908933,0.22908933,0.30118126,0.0004724769428295,9.100000000000012,3.316624790355404,3.643939772727272,0.0275857854847054,3.6522572,3.5607655,3.6522572,0.0007609755608081,9.100000000000176,-3.316624790355453,9.071066090909092,0.0232531579165267,9.064055,9.064055,9.141177,0.0005407093530909,9.10000000000033,3.316624790355501,21.75262818181818,0.3543674893276231,21.859474,20.68417,21.859474,0.125576317492363,9.100000000000025,-3.3166247903554065,-26.37644181818182,0.1016937462991878,-26.34578,-26.68306,-26.34578,0.0103416180363635,9.099999999999849,-3.316624790355353,10.52070081818182,0.0540305314369907,10.50441,10.50441,10.683609,0.0029192983273636,9.099999999999469,3.316624790355236,-0.0325090399999999,0.0029230508763582,-0.031627707,-0.04132237,-0.031627707,8.544226425779e-06,9.10000000000001,-3.3166247903554025,-0.028203437,0.0058139835582467,-0.029956419,-0.029956419,-0.010673617,3.3802404815564004e-05,9.099999999999998,3.3166247903554,0.0086313737272727,0.010969475385276,0.011938795,-0.024442839,0.011938795,0.0001203293902281,9.099999999999998,-3.3166247903554,9.778524727891432,0.0120409295123828,9.774894251044188,9.774894251044188,9.81482949636388,0.0001449839835221,9.0999999999992,3.3166247903551547,0.0455338134274247,0.0012101271550987,0.0451689463617808,0.0451689463617808,0.0491824840838637,1.4644077315074895e-06,9.100000000000088,3.316624790355427,35.77278029854391,0.1198898587623572,35.80892845106058,35.41129877337714,35.80892845106058,0.0143735782340579,9.10000000000026,-3.316624790355479,696.0,833.0,75.1596618181818,-38.24219818181825,-9.93263818181822,42.12951181818176,1662.0,1299.0,188.239509090909,-97.21139090909104,-16.545190909090934,96.36650909090896,1.972629392341918,2.1065872284627805,2.409794116835775,2.084917332849068,-0.0261971205122119,0.001274699741983,0.0143592687412516,0.0015473797363778,483.38024446378455,1.0,0.007874016,387.9922679641954,2.7807103725813938,0.8026647187342061,169.0,2.8602381329218023,0.8148620742654088,-1.3388719653120709,user
0.3292405292307692,0.0139412344744445,0.33495188,0.2978281,0.33495188,0.0001943580186714,4.6818181818182,-2.1787168040147398,3.588842923076923,0.0179886702620545,3.5962124,3.5483108,3.5962124,0.0003235922577969,4.681818181818473,-2.17871680401486,9.10060876923077,0.0295913130106172,9.088486,9.088486,9.167284,0.0008756458056923,4.681818181818144,2.178716804014716,21.452337,0.2191990837876237,21.542137,20.958437,21.542137,0.0480482383333336,4.681818181818171,-2.178716804014728,-26.736257923076924,0.2818077047401478,-26.851707,-26.851707,-26.101288,0.0794155824509103,4.681818181818168,2.1787168040147247,11.454632076923076,0.1914914483584321,11.533081,11.023163,11.533081,0.0366689747944101,4.681818181818168,-2.178716804014726,0.0131415084615384,0.0233443351513175,0.022705058,-0.039458014,0.022705058,0.000544957983657,4.681818181818181,-2.178716804014732,0.0026186499230769,0.0042207835077969,0.004347792,-0.0068916315,0.004347792,1.78150134196907e-05,4.681818181818182,-2.178716804014732,-0.0028613464538461,0.0150627936438547,0.0033094771,-0.036800876,0.0033094771,0.0002268877523573,4.681818181818183,-2.178716804014732,9.788266945688449,0.0205395024716336,9.779852461056112,9.779852461056112,9.834546611166283,0.0004218711617822,4.68181818181813,2.1787168040147087,0.0281288114284168,0.0116569326834601,0.0233532779869133,0.0233532779869133,0.054394245356686,0.0001358840795867,4.681818181818183,2.1787168040147327,36.14198795317056,0.399143506491619,36.305506368775234,35.24263666734488,36.305506368775234,0.1593155387744251,4.68181818181816,-2.1787168040147225,685.0,834.3245,84.90593692307675,-39.90318307692319,-11.099363076923169,42.27975692307682,1681.0,1244.1456,212.040153846154,-106.99374615384583,-13.967146153845988,111.36307384615412,1.8211775962734276,1.9902491201637849,2.512546867726744,1.9902491201637849,-0.0164425278438007,-0.0022282121643501,0.0097729529265859,-0.0138828179688276,560.6872430006497,1.0,0.007874016,461.6704160974688,2.812225838707919,0.8234009634796235,202.0,2.7756794207952957,0.8148620742654088,-1.3388719653120709,user
0.2530401266666666,0.0178807875810889,0.26525503,0.22861032,0.26525503,0.00031972256452,1.5000000000000049,-0.7882269819968974,3.5854345,0.0290998763252157,3.6053135,3.5456765,3.6053135,0.0008468028021428,1.4999999999999547,-0.7882269819968392,9.145167666666667,0.0125051835347618,9.136625,9.136625,9.162253,0.000156379615238,1.500000000000693,0.7882269819977116,21.842631333333333,0.576056734810242,22.236153,21.055588,22.236153,0.3318413617202375,1.4999999999999936,-0.7882269819968849,-26.344038666666663,0.2403324712148512,-26.508217,-26.508217,-26.015682,0.0577596967202373,1.5000000000000864,0.7882269819969943,10.911285,0.5799247147493741,10.515121,10.515121,11.703613,0.3363126747771429,1.5000000000000149,0.78822698199691,-0.0194472258333333,0.0127619889552337,-0.028165324,-0.028165324,-0.0020110295,0.0001628683620935,1.4999999999999984,0.7882269819968898,-0.0030563765333333,0.0038987755394234,-0.0003930058,-0.008383118,-0.0003930058,1.5200450706806868e-05,1.4999999999999996,-0.7882269819968921,0.009239915,0.00517237456396,0.0057065105,0.0057065105,0.016306724,2.6753458629900543e-05,1.5000000000000024,0.7882269819968942,9.826224904796453,0.0006058761731128,9.825811012575375,9.825811012575375,9.827052689238608,3.6708593714590166e-07,1.5000000000057228,0.7882269820036581,0.025308635367613,0.0050234260325438,0.0287402886497408,0.0184453288033575,0.0287402886497408,2.5234809104439094e-05,1.500000000000004,-0.7882269819968971,35.926755656534006,0.3445566499253992,36.16213265839197,35.45600165281806,36.16213265839197,0.118719285007814,1.4999999999998797,-0.7882269819967496,699.0,844.0,87.34770399999991,-39.365150000000085,-8.049326000000065,34.245313999999894,1659.0,1238.0,196.57582000000025,-111.82851999999974,1.2524200000002566,111.8307200000004,1.602145762406697,1.8818921312944956,2.1380544789995923,2.329603989129442,-0.0238651349268328,0.002033519446991,0.0236043265505481,-0.0143826818507494,560.5339538278647,1.0,0.007874016,445.2707041789298,2.809899245039269,0.7943688355329652,230.0,2.4371041470776724,0.8148620742654088,-1.3388719653120709,user
0.2804849458823529,0.0131612494676071,0.28872684,0.2607044,0.28872684,0.0001732184875485,1.816666666666657,-0.9936092085217622,3.5768687470588234,0.0102365127517942,3.5832791,3.5614839,3.5832791,0.0001047861933176,1.816666666666495,-0.9936092085216142,9.166522647058825,0.0080998980930409,9.171595,9.154349,9.171595,6.560834911764858e-05,1.816666666666474,-0.993609208521595,21.085486294117647,0.4514122146680022,20.802801,20.802801,21.763931,0.2037729875514705,1.816666666666629,0.9936092085217358,-27.09678676470588,0.0878890136930732,-27.151825,-27.151825,-26.964695,0.0077244787279412,1.816666666666569,0.9936092085216814,10.644822823529411,0.4944934713292773,10.335159,10.335159,11.388016,0.2445237931872788,1.8166666666666624,0.9936092085217664,-0.01697917,0.0,-0.01697917,-0.01697917,-0.01697917,0.0,0.0,0.0,0.00354878,0.0,0.00354878,0.00354878,0.00354878,0.0,0.0,0.0,0.020141978,0.0,0.020141978,0.020141978,0.020141978,0.0,0.0,0.0,9.84367794171747,0.0116280459987945,9.85095970657977,9.826201706047948,9.85095970657977,0.00013521145375,1.816666666666868,-0.9936092085219536,0.0265816728429529,0.0,0.0265816728429529,0.0265816728429529,0.0265816728429529,0.0,0.0,0.0,35.9508052016143,0.3490057470144087,35.73224932510556,35.73224932510556,36.47533930523528,0.1218050114490854,1.8166666666666933,0.993609208521795,695.0,798.0,58.45283705882344,-28.72666294117657,-5.572462941176582,29.93228905882339,1698.0,1315.0,183.1543294117646,-117.80523058823525,1.2418294117646838,111.03126941176464,1.2717384895191284,1.4372124048371069,1.6292741325053026,1.436916036464124,-0.013483333376702,-0.0016230279084405,0.0115937045455434,0.0041239376503077,519.1460301406794,1.0,0.007874016,396.608118928496,2.878878847081744,0.7639625382881617,255.0,2.035866784865409,0.8148620742654088,-1.3388719653120709,user
0.2654945371428571,0.0060269915818187,0.2705242,0.25878832,0.2705242,3.632462752731398e-05,1.0833333333333437,-0.3245367068208076,3.5776676142857147,0.0196800029059902,3.5612442,3.5612442,3.5995655,0.0003873025143797,1.0833333333334223,0.324536706821035,9.151544428571428,0.0125455762458593,9.162014,9.137585,9.162014,0.0001573914833406,1.083333333333382,-0.3245367068209175,21.568665285714285,0.8445480205254476,22.27346,20.628939,22.27346,0.7132613589734519,1.0833333333333337,-0.3245367068207754,-26.437406714285714,0.3382647664381414,-26.155117,-26.813793,-26.155117,0.1144230522134503,1.0833333333333215,-0.3245367068207441,11.601669428571428,0.4178176576542077,11.252991,11.252991,12.066574,0.1745715950476487,1.0833333333333324,0.3245367068207734,0.0384569817142857,0.0188753748690219,0.022705048,0.022705048,0.05945956,0.0003562797764461,1.0833333333333346,0.324536706820777,-0.0010626555285714,0.0027082059795638,-0.0033227156,-0.0033227156,0.0019507579,7.33437962774565e-06,1.0833333333333337,0.3245367068207755,-0.0018574622571428,0.0097659524589626,0.0062924493,-0.012724011,0.0062924493,9.537382743071896e-05,1.0833333333333337,-0.3245367068207763,9.82962245375673,0.0046721272132375,9.83352145119007,9.82442379051228,9.83352145119007,2.182877269667481e-05,1.083333333332813,-0.324536706819255,0.0396695892079921,0.0190235467652304,0.0237940026442349,0.0237940026442349,0.0608370379596684,0.0003618953315289,1.0833333333333324,0.3245367068207742,36.050798300929046,0.1189464622538745,36.15006185473781,35.918446895850686,36.15006185473781,0.0141482608827124,1.0833333333334147,-0.3245367068210147,719.0,853.0,75.26833357142846,-39.010844428571566,-6.2367664285715705,37.48429557142845,1687.0,1255.0,196.53548571428564,-126.6500142857143,0.3597857142857492,133.60110571428578,1.6031768187162498,2.033650935403859,2.485464273740428,2.085300892308673,-0.0176973292277329,0.0076893509250801,0.0266110449071948,0.0122275023527139,507.1854524974576,1.0,0.007874016,452.3052066912341,2.840818043227173,0.8917945190738715,223.0,2.274374226445998,0.8148620742654088,-1.3388719653120709,user
0.182097872,0.004881834023263,0.18022971,0.18022971,0.19867182,2.3832303430688654e-05,10.206672152121074,3.205063682168454,3.63975474,0.038462176400622,3.6582446,3.5542989,3.6582446,0.0014793390134725,3.4280919172058115,-1.7134974506037357,9.167683733333332,0.0465920320356334,9.188601,9.031482,9.188601,0.0021708174492094,5.978768053000868,-2.277653902056233,21.5863038,0.3215128125861069,21.739597,20.815527,21.739597,0.1033704886570291,3.743339565757931,-1.7851706433231171,-27.22549366666667,0.4091886712435905,-27.377861,-27.412327,-26.217873,0.1674353686740952,5.649046371806826,2.402424064040458,11.523968333333332,0.241242499287887,11.417465,11.417465,12.099533,0.0581979434626661,5.000116595942191,2.165469816420303,0.0461214024,0.0298575640273336,0.0574354,-0.027419582,0.0574354,0.0008914741296463,5.653846153846155,-2.4047631387103285,0.0119188648066666,0.0056041495595457,0.0140424585,-0.0018844942,0.0140424585,3.1406492285757e-05,5.653846153846147,-2.4047631387103263,0.0079046778066666,0.0022866431256714,0.0070381947,0.0070381947,0.013536818,5.228736784180359e-06,5.65384615384615,2.404763138710327,9.8654853209343,0.0569555783253913,9.891694730378452,9.707738061923967,9.891694730378452,0.0032439379023797,5.09358882899987,-2.084306122513998,0.0556902092706856,0.0101715475911246,0.0595445379402622,0.0306370729184379,0.0595445379402622,0.0001034603803985,5.653846153846152,-2.4047631387103285,36.60840930197234,0.3722065679492663,36.77656669244636,35.734569348163504,36.77656669244636,0.1385377292245718,4.709556203616549,-2.0733454334725385,711.0,830.0,74.48928866666643,-34.11722733333356,-13.431361333333598,35.55480866666645,1687.0,1308.0,175.07951333333358,-118.48694666666655,6.285113333333584,113.92471333333354,1.5448236960544457,1.7353064398366025,1.985656216226387,2.12345368932386,-0.0065088282220317,0.0046233009621179,0.0111033921308274,-0.0053629658672107,519.4983309551108,1.0,0.007874016,397.2429986796495,2.837356231750351,0.7646665542684385,220.0,2.361356049795958,0.8148620742654088,-1.3388719653120709,user
0.2318344646153846,0.0305715575643583,0.25902784,0.20010886,0.25902784,0.0009346201319108,1.0238095238095242,-0.1752043839380752,3.553303453846154,0.0231149778533896,3.5327427,3.5327427,3.577291,0.0005343022011626,1.023809523809521,0.1752043839380576,9.150756615384616,0.051698062965871,9.196742,9.097107,9.196742,0.0026726897144231,1.0238095238095264,-0.175204383938097,21.442981538461535,0.6836830793549525,20.834846,20.834846,22.152473,0.4674225529962703,1.0238095238095268,0.1752043839380967,-26.13840307692308,0.3700991866899701,-26.467606,-26.467606,-25.754333,0.1369734079885774,1.023809523809518,0.1752043839380419,10.725366615384615,0.9224006427872996,9.904892,9.904892,11.682587,0.8508229458144236,1.0238095238095244,0.1752043839380784,-0.003080473076923,0.0331116403314706,-0.03253325,-0.03253325,0.0312811,0.0010963807254406,1.0238095238095235,0.1752043839380785,0.0089779579230769,0.0042564210986136,0.012764041,0.004560861,0.012764041,1.8117120568723075e-05,1.0238095238095246,-0.1752043839380803,0.0091361102615384,0.0139301047343906,0.021526927,-0.0053198426,0.021526927,0.000194047817911,1.0238095238095235,-0.1752043839380784,9.819285462601574,0.0405166027258779,9.85532494750236,9.777239396883994,9.85532494750236,0.0016415950964466,1.023809523809476,-0.1752043839378153,0.0368967167464963,0.0046642968080561,0.0410456049325078,0.0320563471961497,0.0410456049325078,2.1755664713642945e-05,1.0238095238095228,-0.1752043839380751,35.485630508602455,0.4219780144039622,35.11028141081492,35.11028141081492,35.92353778935458,0.1780654446403105,1.0238095238095162,0.1752043839380371,699.0,782.0,47.435559230769286,-28.07710076923067,-9.705310769230664,36.484359230769336,1697.0,1307.0,182.2820999999999,-131.17675999999994,13.09920000000011,119.49286000000004,1.4402382879896551,1.9485395434228048,2.5681693667117997,1.8059915054017848,-0.0238049163691901,-0.0057727243322768,0.0179799805414811,-0.0057727243322768,506.56573094824086,1.0,0.007874016,398.7342473377475,2.9319006156488223,0.7871322969111165,191.0,2.6521766018232507,0.8148620742654088,-1.3388719653120709,user
0.2698241138461538,0.0085487755279404,0.27148223,0.263818,0.2959121,7.308156302711287e-05,7.337891916786218,2.2864489819614024,3.5679689769230767,0.0282959277774637,3.5471134,3.5193303,3.596931,0.0008006595287874,1.4215777722704497,-0.090789363389496,9.1842515,0.023712289011397,9.167523,9.1406975,9.208239,0.00056227265016,1.593417838068331,-0.1813149052768195,20.590478384615384,0.7042159217047601,21.220196,19.844833,21.286045,0.4959200643824847,1.0258184497749354,-0.161956564659247,-26.995906923076923,0.0406359440386713,-26.959404,-27.03894,-26.956726,0.001651279947914,1.024784748016525,-0.1629488222929267,11.621756615384616,0.5276790599232888,11.236221,10.701736,12.160629,0.2784451902815257,1.454010773161501,-0.1083517910740818,-0.0140494611538461,0.0028163907601044,-0.016606297,-0.016606297,-0.011066486,7.93205691360173e-06,1.0238095238095235,0.1639157900977989,-0.0048961521076923,0.0021393733623268,-0.0068383636,-0.0068383636,-0.0026302387,4.576918383433849e-06,1.0238095238095235,0.1639157900978012,0.0135532081538461,0.0005686939410233,0.014069492,0.012950877,0.014069492,3.2341279855661457e-07,1.0238095238095242,-0.1639157900978013,9.85667649830332,0.0321275165147841,9.833574834677078,9.79926530500786,9.889346694145472,0.0010321773174077,1.5156499714310825,-0.1410830091679922,0.0202400017031937,0.0028353998741856,0.0228140948081679,0.0172368930807237,0.0228140948081679,8.039492446532264e-06,1.0238095238095233,-0.1639157900977987,35.895902678868275,0.209886812209415,35.97621355555358,35.67635870989541,36.10206150172692,0.0440524739394302,1.0640633332125444,-0.0974947800612205,684.0,856.0,104.9496919230769,-44.02436807692311,-9.06015807692313,38.088851923076845,1697.0,1203.0,244.15573846153848,-119.4848615384617,0.594138461538364,108.7307384615383,0.9291070827681744,1.1397648920429164,1.6332794952007488,2.0031831561005067,-0.0120730792562795,6.419914617599451e-05,0.0077642180025936,-0.0009534514764843,602.444501468959,1.0,0.007874016,523.0869908533379,2.8065417952438905,0.8682741556738899,415.0,1.4516734975155636,0.8148620742654088,-1.3388719653120709,user
0.2453416542857142,0.0075029879481235,0.25160307,0.2369931,0.25160307,5.629482814968764e-05,1.0833333333333233,-0.3245367068207479,3.5397226285714285,0.0166049013462626,3.5535798,3.5212464,3.5535798,0.0002757227487191,1.083333333333393,-0.3245367068209495,9.14138242857143,0.0329636569356527,9.1138735,9.1138735,9.178061,0.0010866026785714,1.0833333333333155,0.3245367068207218,21.16825385714285,0.4009582396438372,20.833645,20.833645,21.614399,0.1607675099382848,1.0833333333333408,0.3245367068207979,-26.05889757142857,0.5871205403334945,-25.568932,-26.712185,-25.568932,0.3447105288814945,1.083333333333352,-0.32453670682083,10.910668571428571,0.0016926693399791,10.909256,10.909256,10.912552,2.865129494505408e-06,1.0833333333317166,0.324536706816053,-0.0012652842857142,0.0664467892643513,0.054186087,-0.075200446,0.054186087,0.0044151758035411,1.0833333333333333,-0.3245367068207756,0.0545485174285714,0.0388996839741308,0.022085838,0.022085838,0.09783209,0.0015131854132872,1.0833333333333337,0.3245367068207748,-0.012328312,0.0006018240645667,-0.012830548,-0.012830548,-0.011658664,3.621922046916922e-07,1.0833333333333248,0.324536706820751,9.805888981498544,0.0245596571561848,9.785393383702248,9.785393383702248,9.833216445226942,0.0006031767596293,1.0833333333333828,0.3245367068209201,0.0873500119790123,0.0328877644603979,0.0599044174207054,0.0599044174207054,0.1239441380567548,0.0010816050512026,1.0833333333333333,0.3245367068207747,35.302275764984,0.6745397617625155,34.739356846092946,34.739356846092946,36.05283432350541,0.4550038901986311,1.08333333333333,0.3245367068207652,709.0,725.73126,9.069690714285798,-7.059187285714233,0.8384307142857779,5.338430714285778,1667.0,1549.0,62.63229285714283,-28.55744714285697,-9.881407142857029,26.376772857142942,0.1392533359021691,0.5286311467642171,0.7353599047337623,0.1107238732787151,-0.0094076395137889,-0.003890618841719,0.0011325009480931,-0.010547835572329,246.0995004842733,1.0,0.007874016,119.18026288437024,3.000741222567766,0.4842767362381798,235.0,1.0472319169543547,0.8148620742654088,-1.3388719653120709,user
0.08730060125,0.0181827896661487,0.09712043,0.057841115,0.09712043,0.0003306138400434,2.333333333333335,-1.4401645996461925,3.62267795,0.0325958111627421,3.6402817,3.5698667,3.6402817,0.0010624869053571,2.3333333333333166,-1.4401645996461774,9.1433915,0.0309325753535013,9.160097,9.093275,9.160097,0.000956824218,2.3333333333332624,-1.440164599646134,21.7251235,0.5969586163122435,21.402729,21.402729,22.692307,0.3563595895894282,2.3333333333333184,1.4401645996461792,-27.3853345,0.4471072266032582,-27.6268,-27.6268,-26.660938,0.1999048720808572,2.333333333333323,1.440164599646183,10.7694095,0.103776100803604,10.825455,10.601273,10.825455,0.0107694790979997,2.333333333333333,-1.4401645996461911,0.0012515985,0.0092960698172665,-0.003768853,-0.003768853,0.016312953,8.641691404749341e-05,2.3333333333333326,1.4401645996461907,0.00286962079,0.0050548926989237,0.00013966672,0.00013966672,0.011059483,2.5551940197632795e-05,2.333333333333333,1.4401645996461905,-0.0025099869749999,0.0088522276341181,-0.0072907363,-0.0072907363,0.011832261,7.836193408624442e-05,2.333333333333333,1.440164599646191,9.83532503148143,0.0408866883663695,9.857406366924684,9.769081025151667,9.857406366924684,0.0016717212855686,2.3333333333331723,-1.4401645996460608,0.0119032199740274,0.0068413909143963,0.0082084465963068,0.0082084465963068,0.0229875401071889,4.680462964358467e-05,2.3333333333333344,1.4401645996461925,36.584339102214486,0.0023659936801456,36.58561688484241,36.58050575433071,36.58561688484241,5.5979260944892185e-06,2.3333333333370403,-1.4401645996491943,778.0,870.0,61.08671750000008,-30.689698499999945,-16.381082499999934,34.492577500000095,1779.0,1331.0,197.4148624999998,-150.5794175000002,16.039962499999774,143.22718249999977,2.2784694881163907,3.306924666831487,4.43823723469908,4.332099721347974,-0.0462584341211751,0.0432959819090932,0.0621105067175227,0.0548281432525974,429.43986547247255,1.0,0.007874016,457.3488821457859,2.9390513415594874,1.0649893475600074,117.0,3.6704262006194233,0.814038016682877,-1.4251763197001344,user
0.1029304311290322,0.0293559669868577,0.09807847,0.044428665,0.13256761,0.0008617727977334,2.6305390550125765,-0.7298785601567017,3.639895490322581,0.0179389439771938,3.6421978,3.589985,3.6524968,0.0003218057110169,6.296334190973418,-2.162632552407678,9.117404258064516,0.0317654750769528,9.137106,9.079145,9.159379,0.0010090454068645,1.3623266128270006,-0.295894161836079,21.665600322580644,0.5263069655438952,21.35199,20.753922,22.355934,0.2769990219800229,1.8095361443627127,-0.33173807545084,-26.565216806451613,0.8460351573838779,-25.921165,-27.610039,-25.779076,0.7157754875295631,1.2220750610221007,-0.4722070777831302,11.140735806451612,0.2427914354781922,11.356827,10.856857,11.382233,0.0589476811415611,1.1669301335734066,-0.2427315318206558,0.0039446111806451,0.0095576569393529,0.0003860048,-0.015061542,0.013702856,9.13488061703615e-05,2.611603379411338,-0.6877810475591588,0.0071469078838709,0.0065418618512174,0.011858495,-0.006358956,0.015374144,4.279595648041355e-05,2.395519805922926,-0.6009405293214632,0.0017320740854838,0.0065557968575239,-0.0037750881,-0.0045208316,0.009701565,4.2978472437121393e-05,1.222802222445008,0.389681242873301,9.817727479059275,0.029519656784607,9.840986388592729,9.782949357511129,9.853532740759576,0.0008714101366809,1.2538147806554265,-0.2357432415925883,0.0150177636036829,0.00400397868268,0.0170677967838547,0.0077860911672717,0.0219920956142441,1.6031845291356306e-05,2.466107097354218,0.0681688238128281,36.047328987415725,0.9276883281575368,35.29427171419994,34.99773229599525,37.15059713867127,0.8606056341997259,1.23207243827496,0.2840740217277018,751.0,834.91925,53.71670354838727,-25.20254645161276,-6.830296451612753,22.589753548387197,1725.0,1336.0538,187.50718387096776,-122.80661612903214,-2.200316129032217,126.2570838709678,0.5433838917183763,0.7628019189104251,0.9687301708116778,0.4951215119496551,-0.010156159858483,-0.0027317338464514,0.006886364334061,-0.0028753027681669,497.9601270412673,1.0,0.007874016,397.89645262932737,2.9290896506695887,0.7990528378115556,503.0,0.989980371851426,0.814038016682877,-1.4251763197001344,user
0.07095657,0.0097542019599104,0.07269061,0.05903865,0.085863546,9.514445587472e-05,1.958145736996147,0.1504665167772327,3.634753876,0.0134481231648162,3.63621,3.6093857,3.6443532,0.000180852016656,2.883139692390946,-1.321915061098757,9.14345664,0.0004324562482682,9.143572,9.142853,9.143811,1.8701840666623025e-07,1.5540122163861645,-0.6820567260761459,21.22492332,0.4714458260545173,21.158651,20.61061,21.662079,0.2222611669042261,1.386147613244869,-0.3689366321216807,-27.01413212,0.1934490343988835,-26.956787,-27.186256,-26.692787,0.0374225289098604,1.9814894518236077,0.6645818383038699,11.17907468,0.3355711778506313,11.217407,10.869858,11.618942,0.11260801540406,1.4006136867811696,0.3911366705993137,0.00468574776,0.0185777229266131,-0.0007858784,-0.0103740115,0.030695153,0.000345131789138,1.5605495213897356,0.6989785605198684,0.01312413124,0.0033537777561661,0.013349984,0.006851361,0.015587217,1.1247825237755104e-05,2.807285101709903,-1.2662543671918869,0.0119004434,0.0001842162360183,0.011832261,0.0117789935,0.012258401,3.3935621612750035e-08,3.169242607278859,1.5300495898880215,9.83969060195492,0.0049890958819361,9.839576703593648,9.830561865889466,9.84357017422304,2.48910777191527e-05,2.6228784159774583,-1.1316532836534725,0.0247996845323503,0.008097856010304,0.0221491274947647,0.0140651038918562,0.0354846329890377,6.557527196361785e-05,1.7285782842120856,0.2857843572604375,36.13187829012121,0.2835528102448201,35.86733086159093,35.86117133852182,36.421037805641134,0.0804021961977349,1.0066247275476714,0.085074119991201,729.0,823.0,56.77189879999992,-30.41862920000008,-2.869401200000084,25.81670279999993,1745.0,1324.0,190.54040799999984,-115.54775200000005,-2.3973920000000817,117.59602799999988,0.8860838631757953,0.955598918431036,1.0936693239661952,0.889730974598787,-0.0095302796178141,-0.0005600616385105,0.0099846102604525,-0.0033543679103337,496.5943034518533,1.0,0.007874016,431.3664335573643,2.921917924801292,0.868649580872985,402.0,1.2353092125667993,0.814038016682877,-1.4251763197001344,user
0.0294080964761904,0.0117990559787952,0.03844097,0.014729677,0.03844097,0.0001392177219907,1.2403846153846163,-0.5288401003082258,3.646531857142857,0.0081043300883277,3.6527362,3.6364498,3.6527362,6.568016618057433e-05,1.2403846153849358,-0.528840100308752,9.106802047619048,0.0004767135907635,9.107167,9.106209,9.107167,2.27255847618675e-07,1.2403846153867542,-0.528840100311754,21.62987642857143,0.4556715125812191,21.281033,21.281033,22.196747,0.2076365273780561,1.2403846153846465,0.5288401003082757,-26.042173666666663,0.1511192034988703,-25.926483,-26.230171,-25.926483,0.0228370136661329,1.2403846153845677,-0.5288401003081459,11.286345761904762,0.1616240701563056,11.162613,11.162613,11.4874115,0.0261223400538904,1.2403846153846374,0.5288401003082603,0.0181595634761904,0.000927731920895,0.018869797,0.017005434,0.018869797,8.606865170475633e-07,1.24038461538463,-0.528840100308247,0.0093473176285714,0.0023060709442474,0.011112751,0.0064784884,0.011112751,5.317963199902173e-06,1.2403846153846154,-0.5288401003082255,-0.0003989486095238,0.0099929789683496,0.0072512664,-0.012830548,0.0072512664,9.985962866187838e-05,1.2403846153846152,-0.5288401003082237,9.809795448478544,0.0034857867778597,9.812464023926609,9.805459013375437,9.812464023926609,1.2150709460701904e-05,1.2403846153857367,-0.5288401003100746,0.0227626524860692,0.0003991589656259,0.0230682322255733,0.0222660854093752,0.0230682322255733,1.5932787983954866e-07,1.2403846153846076,-0.5288401003082126,35.68598625411263,0.4380213193182434,35.35065508988691,35.35065508988691,36.23089939597942,0.1918626761772945,1.2403846153846094,0.5288401003082139,724.0,832.0,70.63842238095242,-31.41711761904753,-10.472977619047583,29.577722380952423,1728.0,1284.0,211.61707619047613,-128.5407238095238,0.7089761904762781,137.83757619047628,1.0717328106760444,1.3246064508491795,1.5180783356608276,1.8148987745463847,-0.0075986016983733,0.0001329523908696,0.0152928778914974,-0.0014469676988489,537.853155432111,1.0,0.007874016,456.9463863518345,2.902983331081592,0.8495746129530913,330.0,1.6298580467639725,0.814038016682877,-1.4251763197001344,user
0.0991751611578947,0.0104455111856724,0.10694027,0.085863546,0.10694027,0.00010910870393,1.297619047619047,-0.5934641551187191,3.677922294736842,0.008427983121158,3.671657,3.671657,3.6886628,7.103089949052418e-05,1.297619047619048,0.59346415511872,9.106461157894737,0.0013063874388378,9.10549,9.10549,9.108126,1.706648140353424e-06,1.2976190476159997,0.5934641551141608,22.06039552631579,0.4907982629756651,22.425251,21.434929,22.425251,0.2408829349399301,1.2976190476190543,-0.5934641551187302,-27.33709178947369,0.0476682736787121,-27.372528,-27.372528,-27.276344,0.0022722643155085,1.297619047618941,0.5934641551185619,11.09657294736842,0.1867856504545225,10.957718,10.957718,11.33461,0.034888879215719,1.297619047619055,0.5934641551187301,0.004647396,0.0,0.004647396,0.004647396,0.004647396,0.0,0.0,0.0,0.018463654,0.0,0.018463654,0.018463654,0.018463654,0.0,0.0,0.0,0.019183163,0.0,0.019183163,0.019183163,0.019183163,0.0,0.0,0.0,9.821646398208964,0.0042662445705021,9.818474906374036,9.818474906374036,9.827083241354554,1.820084273533907e-05,1.2976190476193912,0.5934641551192344,0.0270277367031925,0.0,0.0270277367031925,0.0270277367031925,0.0270277367031925,0.0,0.0,0.0,36.84162231189365,0.2715241218935438,37.0434711560797,36.495595721860425,37.0434711560797,0.07372534877006,1.297619047619026,-0.5934641551186877,707.0,797.0,59.57430789473676,-23.799292105263227,-12.297292105263182,26.44438789473677,1749.0,1325.0,205.1345000000001,-128.71387999999993,-3.840599999999995,127.94208000000008,1.2404261785918895,1.4077938417853797,1.5062385329907746,1.2058815081282608,-0.0089522331638249,1.5376566888394838e-05,0.008122699700682,0.0040479447121896,535.3095755721632,1.0,0.007874016,433.44665185002873,2.9324329305901538,0.8097121210408785,299.0,1.7903330286694423,0.814038016682877,-1.4251763197001344,user
0.0413780891052631,0.0158443484281922,0.032932278,0.032932278,0.10119206,0.0002510433771139,11.96560181217085,3.248635583041382,3.6962005263157898,0.0383586405784036,3.6661487,3.6661487,3.744707,0.0014713853070231,1.2928597097668124,0.5496712923836231,9.077593947368422,0.04653183243338,9.039386,9.039386,9.133992,0.0021652114296081,1.1843791912234691,0.4059722537455265,21.608815263157897,0.5058397467253885,21.19085,21.19085,22.374817,0.2558738493672051,1.1719039318498534,0.3810457811732639,-26.58053815789474,0.287599099713717,-26.34233,-26.918785,-26.34233,0.0827132421561405,1.123860577133719,-0.3610414633960978,11.601996921052631,0.2393792484674488,11.726547,10.6905365,11.726547,0.0573024245968405,12.375341980146752,-3.340272850664411,0.0213817755263157,0.0327348106825754,0.04571657,-0.020335015,0.04571657,0.001071567830424,1.297619047619048,-0.5934641551187199,0.020734528368421,0.0044878363369177,0.017398307,0.017398307,0.026453765,2.014067498695959e-05,1.2976190476190452,0.5934641551187166,0.0037776698947368,0.0153906408629572,-0.0076636085,-0.0076636085,0.02339129,0.0002368718261725,1.2976190476190472,0.5934641551187196,9.801371480270722,0.0574104068331954,9.754600457345342,9.754600457345342,9.871918053938924,0.003295954812753,1.2210712829074295,0.4400541439786751,0.0462834540032351,0.0043429741183878,0.0495119859657479,0.0407488277817847,0.0495119859657479,1.8861424192987083e-05,1.297619047619046,-0.5934641551187176,36.16961493530483,0.4665889239494782,35.783828443790206,35.783828443790206,36.72340071347154,0.217705223952332,1.1385424567926106,0.3708809267774564,711.0,820.0,64.12627736842103,-37.22147463157896,-1.7796226315789454,30.719417368421027,1711.0,1293.0,222.21803157894735,-110.89594842105268,-13.14146842105265,113.49023157894736,1.1782417234030658,1.4022545477473465,1.6767123585556691,1.5128971075982056,-0.0119848003906444,-0.0040279409952794,0.0153250404297277,0.0146823375388636,501.0585579671486,1.0,0.007874016,431.978008699517,2.886507652918024,0.8621307865733315,301.0,1.6646463719838824,0.814038016682877,-1.4251763197001344,user
0.0274076288066666,0.0195383094472782,0.02191491,0.0008382121,0.07364865,0.0003817455360576,5.069495735452922,1.955870600854606,3.6856925866666663,0.0244888633030512,3.6862674,3.608667,3.7207565,0.0005997044258755,8.133654251196877,-2.080717611055072,9.105042733333333,0.0192691946398045,9.098065,9.093993,9.152434,0.0003713018620666,5.624275234534309,2.3896860972561704,22.4367734,0.5573300097114552,22.66587,21.073263,22.66587,0.3106167397249708,5.509612641764371,-2.345036887168372,-26.4625586,0.0783679961890432,-26.44297,-26.745785,-26.438477,0.0061415428266859,13.061100117546202,-3.8702666769277054,12.042643933333332,0.7761650595473029,12.340881,10.13121,12.340881,0.6024321996620682,5.650476568906221,-2.403202944668011,-0.0295893410666666,0.0160627314028653,-0.03567603,-0.03567603,0.009974137,0.0002580113401205,5.653846153846146,2.404763138710327,-0.0106310008,0.0110770984348528,-0.014828472,-0.014828472,0.016652562,0.0001227021097354,5.653846153846151,2.4047631387103303,-0.0214279065333333,0.0159690168797418,-0.027479084,-0.027479084,0.017904747,0.0002550095001054,5.653846153846155,2.4047631387103285,9.822808964153666,0.0247303918870406,9.816508256595522,9.783822714232793,9.880106334462958,0.0006115922828866,4.886958391246714,1.710782506197322,0.0446102044439359,0.007390162906915,0.0474105764138629,0.0264077866394103,0.0474105764138629,5.461450779074331e-05,5.653846153846136,-2.404763138710322,36.7320165216025,0.583665639256703,36.94955573662505,35.29471483963,36.99614930527688,0.3406655784489357,5.649531940234947,-2.402663878273975,611.0,612.8392,1.7165866666666716,-0.1226133333333336,-0.1226133333333336,-0.1226133333333336,1647.0,1785.9196,41.532926666666526,-26.996253333333467,7.477826666666488,27.62166666666663,0.2959701176470617,0.4399058823529391,0.6244077777777814,0.3292055555555559,-0.0113126374471362,-0.0025626297577849,0.0029334354575162,-0.0210960592079966,319.6335832534064,1.0,0.007874016,138.931774338342,0.01323853907832,0.4346595026849744,233.0,1.3718179538772808,0.814038016682877,-1.4251763197001344,user
0.0541789574193548,0.0199805001767755,0.05089538,0.03508785,0.12394532,0.0003992203873141,5.593235278660353,1.3209794249643,3.6708308258064513,0.0178505202933315,3.6580055,3.644593,3.6927342,0.0003186410747426,1.2813888287447317,0.4197929533996841,9.092402354838711,0.0319309194309088,9.102377,9.05663,9.153871,0.0010195836157031,1.7092988210323543,0.1303204327233109,20.85641335483871,0.5832363297570717,21.219452,20.137184,21.357807,0.3401646163484997,1.223370764536513,-0.4637622762782292,-27.29525429032258,0.3917723117480534,-27.218071,-28.059387,-27.013283,0.1534855442524139,3.1108515288132854,-1.411346126583614,11.14031558064516,0.2267069569052796,11.178024,10.704025,11.318771,0.0513960443092523,2.993761928546276,-1.3132327375707504,0.0080066801767741,0.0128162901653255,0.00091867754,-0.008722722,0.022332177,0.0001642572936018,1.32658673177216,0.0911901792725851,0.0119873686774193,0.0083624144677875,0.0097278,-0.0023639018,0.021233559,6.99299757310629e-05,1.679048218330906,-0.1784594607428875,-0.0042390292580645,0.0138236682689814,0.006612057,-0.020501053,0.0086362185,0.0001910938044108,1.1257844020924686,-0.3417844301301772,9.805632502969488,0.0316189634657878,9.82315262297195,9.767537169222743,9.853515863012548,0.0009997588506508,1.341379754930918,-0.3045019822303061,0.0221508118576501,0.0123112309179439,0.0122814896553569,0.0117980235223426,0.0370119349869014,0.0001515664067149,1.170680169162656,0.3902450772408332,36.11678307584673,0.4906380584879202,36.35832132201466,35.54346936975042,36.77187095045203,0.2407257044367958,1.451659500593564,-0.1222816218551486,763.0,863.0,64.94662096774186,-23.57052903225815,-6.108479032258174,21.95422096774189,1760.0,1313.0,183.365983870968,-109.89441612903192,3.7974838709678806,119.73498387096788,0.5891993779300265,0.8274293795720619,1.0084012167318352,1.8681858017995447,-0.0079720033507723,0.0021923215213273,0.0104660990377229,0.0063764273356405,487.8374878762674,1.0,0.007874016,458.04912400309206,2.9215029177649368,0.9389379360679008,511.0,0.9546721876247894,0.814038016682877,-1.4251763197001344,user
0.128160657,0.0040899096758351,0.129454,0.11652057,0.129454,1.6727361156490033e-05,8.111111111111112,-3.162277660168379,3.69160866,0.0164354321742996,3.696806,3.6448326,3.696806,0.000270123430756,8.11111111111169,-3.1622776601685723,9.1294413,0.015905307947348,9.134471,9.084174,9.134471,0.0002529788208999,8.111111111112494,-3.1622776601688414,21.0976267,0.0067650605983974,21.099766,21.078373,21.099766,4.576604489998994e-05,8.111111111105796,-3.1622776601666067,-27.4155431,0.3442325807475213,-27.524399,-27.524399,-26.43584,0.1184960696480988,8.11111111111105,3.1622776601683587,10.7729572,0.1451194516472554,10.818848,10.35994,10.818848,0.0210596552464001,8.111111111111072,-3.162277660168366,-0.01473128585,0.0015497062644837,-0.015221346,-0.015221346,-0.0103207445,2.4015895061802277e-06,8.111111111111116,3.162277660168382,0.012156794,0.0091634806029199,0.015054541,-0.013922929,0.015054541,8.396937676009001e-05,8.11111111111111,-3.1622776601683804,0.002712882598,0.0008759215090089,0.0029898733,0.00021996628,0.0029898733,7.672384899445279e-07,8.111111111111112,-3.1622776601683804,9.848410487061807,0.020945105976017,9.855033911133589,9.78879967041577,9.855033911133589,0.0004386974643465,8.111111111111297,-3.1622776601684426,0.0211879885774694,0.0013546953183473,0.0216163808516238,0.0173324581100794,0.0216163808516238,1.835199405552141e-06,8.111111111111134,-3.162277660168386,36.23285611678988,0.3059441404890782,36.329604148862686,35.362123828134656,36.329604148862686,0.0936018170996008,8.11111111111111,-3.162277660168379,747.0,809.0,37.63266799999997,-20.02151200000001,-5.682832000000019,20.42871399999995,1712.0,1392.0,158.07783999999992,-93.67122000000008,-10.001010000000065,96.38719999999996,1.8934136692652088,2.1354646649103706,2.441498162061403,1.9221021584345264,-0.0151642719522833,-0.0050356099045144,0.0226861831513176,0.0063573585676393,420.8341389753786,1.0,0.007874016,325.9509165503297,2.9502138683053687,0.7745353486386232,145.0,2.902304406726749,0.814038016682877,-1.4251763197001344,user
0.07197209,0.0,0.07197209,0.07197209,0.07197209,0.0,0.0,0.0,3.6101036,0.0,3.6101036,3.6101036,3.6101036,0.0,0.0,0.0,9.201055,0.0,9.201055,9.201055,9.201055,0.0,0.0,0.0,21.455364,0.0,21.455364,21.455364,21.455364,0.0,0.0,0.0,-27.265793,0.0,-27.265793,-27.265793,-27.265793,0.0,0.0,0.0,12.249496,0.0,12.249496,12.249496,12.249496,0.0,0.0,0.0,0.014128994,0.0,0.014128994,0.014128994,0.014128994,0.0,0.0,0.0,0.012870575,0.0,0.012870575,0.012870575,0.012870575,0.0,0.0,0.0,-0.0060655857,0.0,-0.0060655857,-0.0060655857,-0.0060655857,0.0,0.0,0.0,9.884201591301997,0.0,9.884201591301997,9.884201591301997,9.884201591301997,0.0,0.0,0.0,0.0200517206784531,0.0,0.0200517206784531,0.0200517206784531,0.0200517206784531,0.0,0.0,0.0,36.79410638329678,0.0,36.79410638329678,36.79410638329678,36.79410638329678,0.0,0.0,0.0,743.0,808.3807,39.766705,-17.929859000000054,-9.15137500000003,20.92168299999995,1710.0,1368.7819,158.75676250000015,-101.36779749999982,0.7317125000001852,97.8721625000002,2.58766268516962,2.6660938501169498,3.290639130371499,2.6108552905146407,-0.0286033799119861,-0.0112124966773641,0.0301223537850743,-0.0025394155112992,385.3427245211677,1.0,0.007874016,347.42542753819856,2.952277545991993,0.901601108389718,117.0,3.2935275600099807,0.814038016682877,-1.4251763197001344,user
0.1478331026315789,0.0035630843097142,0.14454302,0.14454302,0.15148875,1.2695569798131653e-05,1.0111111111111106,0.1146681687624557,3.589972489473684,0.0025801816587414,3.58759,3.58759,3.5926197,6.657337392105622e-06,1.011111111110985,0.1146681687614864,9.133222578947368,0.005651601752461,9.128004,9.128004,9.139021,3.194060236842057e-05,1.0111111111110034,0.1146681687616264,20.99796310526316,0.5635129670018366,21.5183,20.419811,21.5183,0.3175468639792129,1.0111111111111102,-0.114668168762454,-26.498961736842105,0.395334595528035,-26.864006,-26.864006,-26.093357,0.1562894424213151,1.0111111111111142,0.1146681687624837,10.766211421052631,0.3254323819491825,10.4657135,10.4657135,11.100098,0.1059062352211186,1.011111111111114,0.1146681687624748,0.0101759934210526,0.0178709439060616,-0.006325688,-0.006325688,0.028511195,0.0003193706360936,1.011111111111111,0.1146681687624584,0.0138994779473684,0.0043447710602977,0.009887601,0.009887601,0.018357119,1.8877035566401077e-05,1.0111111111111115,0.114668168762458,0.0011507437368421,0.0129523344326266,0.013110677,-0.012138071,0.013110677,0.0001677629672546,1.011111111111111,-0.1146681687624587,9.814556703437615,0.0062567759970883,9.808779318383442,9.808779318383442,9.820976020164474,3.914724587774068e-05,1.0111111111110982,0.1146681687623581,0.0263223508843909,0.0094489117648332,0.0175974098550574,0.0175974098550574,0.0360167298058725,8.928193353960355e-05,1.011111111111111,0.1146681687624578,35.486678771550984,0.5294817426528665,35.97559189675853,34.94344196576482,35.97559189675853,0.2803509158027163,1.0111111111111064,-0.1146681687624228,751.0,840.0,58.416243684210485,-25.120756315789503,-7.210216315789466,23.41422368421052,1727.0,1347.0,177.547710526316,-113.58914947368407,1.7602105263158592,115.12901052631597,1.0756595444971575,1.279948038945333,1.401972917460497,1.2454218808516824,-0.0078544665681506,-0.000266006854295,0.0089450367425171,-0.0088781557162431,427.0695049524619,1.0,0.007874016,390.2832304878087,2.9115289813379968,0.9138634951967644,303.0,1.4094703133744615,0.814038016682877,-1.4251763197001344,user
0.10701394,0.025627620414165,0.093527794,0.093527794,0.15196776,0.0006567749280925,2.633333333333341,1.4511323592170895,3.567323769230769,0.0129188892127885,3.5605254,3.5605254,3.589985,0.0001668976984923,2.6333333333329114,1.4511323592168024,9.151328538461538,0.0280434916383313,9.166086,9.102137,9.166086,0.0007864374232691,2.6333333333338773,-1.4511323592174463,21.933387384615383,0.0339688956167699,21.951263,21.873802,21.951263,0.001153885869423,2.6333333333334625,-1.4511323592171703,-26.734412384615386,0.5152878119162366,-26.46325,-27.638287,-26.46325,0.2655215291094229,2.633333333333306,-1.4511323592170675,11.435814692307693,0.1305829758495749,11.504532,11.206757,11.504532,0.0170519135817306,2.6333333333333715,-1.4511323592171097,0.0004023953076923,0.0239199270565129,-0.012185103,-0.012185103,0.042360723,0.0005721629103888,2.6333333333333333,1.4511323592170848,-0.0091657398461538,0.0073581814827051,-0.0052936086,-0.022072844,-0.0052936086,5.4142834732425614e-05,2.6333333333333337,-1.451132359217085,0.007718379076923,0.0133848802246137,0.014761969,-0.015760254,0.014761969,0.0001791550186272,2.6333333333333333,-1.4511323592170848,9.822685011382903,0.0210829534892857,9.833779595439978,9.785703064525997,9.833779595439978,0.0004444909278313,2.6333333333333684,-1.4511323592171073,0.0268843768272092,0.013348601478764,0.019859878043119,0.019859878043119,0.0502993727741766,0.0001781851614388,2.6333333333333275,1.4511323592170806,36.42454717064309,0.3198101524795175,36.25625193531031,36.25625193531031,36.98553128841902,0.1022785336289722,2.6333333333332343,1.451132359217017,729.0,845.0,70.77274846153864,-28.93931153846133,-9.129751538461392,25.792064461538622,1694.0,1275.0,183.2215000000001,-107.80039999999994,3.4945000000000164,110.98526000000004,1.769507864762679,1.9406724883517272,2.3214159684173707,2.414550859204181,-0.0271257454095189,-0.0006361936014435,0.0260773036999138,-0.0136509543699545,500.5875423863529,1.0,0.007874016,434.7608538035595,2.871507659723523,0.8685011451363917,199.0,2.5155152883736327,0.814038016682877,-1.4251763197001344,user
0.1554979026086956,0.0238496905556922,0.16849382,0.11628107,0.1713679,0.0005688077396022,2.181315399994772,-1.1580275234201625,3.5475505,0.0061837709379986,3.545197,3.5413651,3.557412,3.8239023013636926e-05,2.0939508860125016,0.9294021283452438,9.15181956521739,0.0203813390023723,9.146207,9.127764,9.183091,0.0004153989795296,2.044502037247981,0.6571627981045364,21.72173686956522,0.2571639574720061,21.622665,21.527218,22.192932,0.0661333010226637,2.783923949445668,1.3677600440952309,-26.75431669565217,0.3552010459515016,-26.908218,-26.992943,-26.098602,0.1261677830450407,2.8375784545776277,1.426790462731996,11.489259826086956,0.390821783635416,11.842148,10.943924,11.842148,0.1527416665639679,1.3285417654876934,-0.3159089362742457,-0.0068699424347826,0.0239286597087363,-0.022838583,-0.022838583,0.03655457,0.0005725807554565,2.6904094591879457,1.3084451627392686,0.0068814677826086,0.0016524472666706,0.006957895,0.004241257,0.008928789,2.7305819691271768e-06,2.220292097688232,-0.4471443339863671,-0.0163948313913043,0.0097339257963954,-0.007290737,-0.027052946,-0.007290737,9.474931140973304e-05,1.0181921404700869,-0.1007187746109992,9.81660104350484,0.0208906948857367,9.810704073767395,9.792175926133291,9.848749247456013,0.0004364211328089,2.046627318436798,0.6772749164960592,0.030625618848605,0.0083280080160489,0.0249633335570809,0.0249633335570809,0.0456736985157088,6.935571751537498e-05,2.6548570987163087,1.279810378973193,36.33066460080672,0.2126560328476454,36.49422292489118,35.964325791383935,36.49422292489118,0.0452225883064988,2.29211596537821,-1.0010620141250255,728.0,835.0,60.98155391304351,-28.93684208695647,-2.550246086956463,27.61426991304355,1700.0,1296.0,220.23779565217365,-108.89884434782616,-23.67590434782619,114.89793565217376,0.7817715033957311,1.140701826657063,1.424635841010844,1.0253011093119284,-0.0071557304751306,-0.0006458682775313,0.009104912482405,0.0005633626623153,517.2672922821523,1.0,0.007874016,417.92941987852447,2.882685697949134,0.8079564010990234,367.0,1.409447662894148,0.814038016682877,-1.4251763197001344,user
0.0776244766666666,0.0014841788580446,0.07628323,0.07628323,0.07915733,2.2027868826666653e-06,1.0178571428571368,0.1489608979310178,3.51525884,0.0018553139421672,3.5135822,3.5135822,3.517175,3.442189824000217e-06,1.017857142856886,0.1489608979294524,9.171402866666664,0.0007415472113541,9.172073,9.170637,9.172073,5.498922666671056e-07,1.0178571428572312,-0.1489608979316072,21.21469293333333,0.1214092491413503,21.32441,21.089302,21.32441,0.0147402057770664,1.017857142857135,-0.1489608979310072,-27.16463633333333,0.5475107457088553,-26.669853,-27.730103,-26.669853,0.2997680166666668,1.0178571428571486,-0.1489608979310934,11.3169666,0.3942325240037904,11.673233,10.909805,11.673233,0.1554192829823991,1.0178571428571437,-0.1489608979310597,0.00354653692,0.0112779397419233,-0.0066452934,-0.0066452934,0.015194343,0.0001271919248224,1.017857142857143,0.1489608979310549,0.0271959578666666,0.000880230482617,0.026400497,0.026400497,0.028105056,7.748057025282676e-07,1.0178571428571384,0.1489608979310289,-0.01010680584,0.0178521528288278,0.0060261153,-0.02854443,0.0060261153,0.0003186993606238,1.017857142857142,-0.1489608979310541,9.82230658225941,1.6646906316097017e-05,9.82232162600396,9.822289389408494,9.82232162600396,2.771194898969108e-10,1.0178571428374636,0.0,0.0348644504714785,0.0077254693171306,0.0278829738698723,0.0278829738698723,0.0428432808733141,5.9682876169927486e-05,1.0178571428571432,0.1489608979310572,36.28290452776767,0.2167151785009261,36.08705986308663,36.08705986308663,36.50672700168886,0.0469654685926882,1.0178571428571614,0.1489608979311679,688.0,802.0,68.24294600000007,-34.23842799999995,-13.18325399999992,37.8192780000001,1687.0,1284.0,204.78907333333336,-121.7318866666666,-7.221926666666604,119.87209333333334,1.682340310778899,1.7967037756516877,1.895192551322546,1.8296425849898423,-0.0116729138278688,0.0034706008788526,0.00976571331506,0.0092594623021793,546.2595674871623,1.0,0.007874016,418.8138011097533,2.8659167996492,0.7666937588596028,232.0,2.354567101237768,0.814038016682877,-1.4251763197001344,user
0.0817719576666666,0.0040792625534566,0.080594376,0.080594376,0.094725356,1.664038298003334e-05,10.0909090909091,3.464101615137757,3.5359961500000003,0.0069831092408754,3.538012,3.5138218,3.538012,4.8763814670000616e-05,10.090909090910223,-3.464101615138079,9.178042,0.0100251100742091,9.180936,9.146208,9.180936,0.000100502832,10.09090909090983,-3.4641016151379667,22.61426575,0.3574234065737027,22.717445,21.479294,22.717445,0.1277514915667504,10.090909090909092,-3.4641016151377557,-26.531496083333334,0.0591428955503814,-26.514423,-26.7193,-26.514423,0.0034978820940833,10.090909090909152,-3.464101615137772,11.3934635,0.1371662996038022,11.353867,11.353867,11.829025,0.018814593747,10.090909090909252,3.464101615137801,-0.0250846957249999,0.0055049572497144,-0.02667384,-0.02667384,-0.0076041087,3.0304554321183308e-05,10.090909090909086,3.464101615137753,-0.0059949616416666,0.0010763876797683,-0.006305688,-0.006305688,-0.0025769717,1.1586104371571408e-06,10.0909090909091,3.464101615137757,0.0046100895833333,0.0054588262992533,0.006185917,-0.012724012,0.006185917,2.979878456542008e-05,10.09090909090909,-3.464101615137755,9.835976526784506,0.0118271933585664,9.83939074341917,9.798420143803211,9.83939074341917,0.0001398825027409,10.09090909091067,-3.4641016151382056,0.0270106642313817,0.0037680844412824,0.0280984165146335,0.0150453891156114,0.0280984165146335,1.4198460356635123e-05,10.090909090909085,-3.464101615137753,36.677764912157365,0.1297411802394197,36.71521796482547,36.26578133280822,36.71521796482547,0.0168327738499176,10.090909090908976,-3.4641016151377224,725.0,749.5,11.209740000000124,-11.033587999999847,1.919840000000136,8.709740000000124,1683.0,1510.0,93.97590833333334,-45.467851666666775,-12.427491666666697,40.98002833333336,0.3276011534045058,0.8867187415987758,1.2802169484273107,0.1294812499999977,-0.0157368590211048,-0.0080748925072934,-0.0033189176114224,-0.0095261223929597,224.53077247539824,1.0,0.007874016,174.7262144041357,3.0009096817561685,0.7781838207646143,201.0,1.1170685197781007,0.814038016682877,-1.4251763197001344,user
0.3770121511111111,0.0239088124414893,0.39554742,0.3478853,0.39554742,0.0005716313123623,1.2077922077922063,-0.4983739794337385,3.5194900555555555,0.0144173859320745,3.508313,3.508313,3.537054,0.0002078610171143,1.2077922077921954,0.4983739794337185,9.151010333333334,0.0395275452028671,9.181654,9.102856,9.181654,0.0015624268297647,1.2077922077922405,-0.4983739794338004,21.679019666666665,0.5658852822140453,21.240318,21.240318,22.368408,0.3202261526264697,1.207792207792208,0.4983739794337417,-26.549128333333336,0.3454303537187119,-26.281334,-26.969948,-26.281334,0.1193221292702344,1.207792207792196,-0.4983739794337202,10.4683925,0.2529892313865516,10.272263,10.272263,10.776596,0.0640035511975581,1.2077922077922074,0.4983739794337414,0.0238946809999999,0.0347902202271881,-0.003076382,-0.003076382,0.06627778,0.0012103594234562,1.2077922077922076,0.4983739794337413,-0.0135648422222222,0.0954192573497355,-0.08753847,-0.08753847,0.10267943,0.009104834673175,1.207792207792208,0.4983739794337415,0.0672155651666666,0.0474290617597192,0.10398487,0.009435229,0.10398487,0.0022495158994072,1.2077922077922076,-0.4983739794337409,9.811786158740675,0.0325838200141317,9.837046713478273,9.772091001295887,9.837046713478273,0.0010617053267133,1.2077922077920882,-0.4983739794335267,0.1307554465582009,0.0067142521999346,0.1359606599170058,0.1225758255657931,0.1359606599170058,4.508118260432714e-05,1.207792207792201,-0.4983739794337295,35.83953017993016,0.6723998663602769,35.31825325100109,35.31825325100109,36.65867963967584,0.4521215802813183,1.207792207792209,0.4983739794337435,142.0,43.279327,52.07395472222223,-21.864435277777773,-2.165793277777773,21.648098322222232,1260.0,834.0,273.3222911111111,-121.32449888888893,-38.317638888888894,111.88797111111111,0.6246058051293397,1.4849569764416986,2.35278222078432,0.5262026874999997,-0.016013334721824,-0.0050026090329139,0.0081822475601957,0.0165540662937533,1096.402982773737,1.0,0.007874016,437.28911634932433,-2.913873579551941,0.398839772619961,296.0,3.7040641309923545,0.814038016682877,-1.4251763197001344,user
0.4861941317647059,0.158669900858252,0.48679996,0.13711827,0.71648806,0.0251761374383675,3.9953470975158094,-0.8587788026235161,3.595522176470588,0.0647799837367176,3.563879,3.563879,3.7602754,0.0041964462929294,5.602883163659671,2.235084701445231,9.153335941176472,0.0640298476254149,9.192911,9.035794,9.192911,0.0040998213869338,2.1085532977905865,-1.0892086965969352,22.338741411764705,0.833907112137126,22.846794,20.8377,22.846794,0.6954010716728811,2.311833233302885,-1.1706667098950203,-26.380041411764708,0.4203288408102432,-26.57705,-26.57705,-25.500072,0.1766763344168827,3.866866046514239,1.8572953241984005,10.487818,0.2122602667569934,10.366043,10.366043,10.904358,0.04505442084375,3.049025696090459,1.462975477554203,0.0771725332941176,0.028202179853089,0.08971544,0.018070782,0.09056772,0.0007953629484659,3.880322799446896,-1.865787394669861,0.169937354117647,0.0318474882105534,0.18742786,0.10560914,0.18742786,0.0010142625053213,3.389311690558534,-1.6130560333388273,0.0272798103529411,0.027158482413415,0.021207327,0.004800964,0.09743298,0.0007375831669997,6.008466631730282,2.3117088893484543,9.84773386526814,0.0380755221903496,9.87156625777379,9.787954112798491,9.87156625777379,0.0014497453900678,1.8271119002815976,-0.9970994421587688,0.190980603266959,0.0399520513806222,0.2088727210457558,0.1072515401705748,0.2092214912387549,0.0015961664095198,3.8808995996994,-1.8661777150034888,36.12863996580316,0.7323855085974069,36.54819325573817,34.68960127599261,36.54819325573817,0.5363885332034823,3.0628136658737017,-1.4688283877919055,128.0,73.0,25.09188570588236,-10.606914294117637,-1.3865742941176364,11.81852290588236,1110.0,946.0,73.70310235294107,-43.864977647058886,-4.111897647058868,44.19480235294116,0.4452367900401925,0.5290367528334201,0.6495026885260571,0.4107480559986157,-0.0069651158027174,-0.001727893949208,0.0061517245504779,-0.0051247077537598,223.01343344003544,1.0,0.007874016,172.97687706742772,-2.818013947664899,0.7756343391481765,266.0,0.8383963663159227,0.814038016682877,-1.4251763197001344,user
-0.01233473,0.0462909511383117,0.027902614,-0.06263141,0.027902614,0.0021428521572895,1.0499999999999996,-0.2444700901950991,3.4304462111111107,0.0052659304824267,3.4350235,3.4247246,3.4350235,2.773002384575089e-05,1.0499999999999654,-0.2444700901949728,9.216409444444444,0.0074692163713885,9.209917,9.209917,9.224525,5.578919320261817e-05,1.0500000000000485,0.2444700901952777,21.910924444444444,0.2679801236532324,22.14386,21.619755,22.14386,0.0718133466732017,1.0499999999999945,-0.2444700901950793,-26.666057555555557,0.1444414937296396,-26.79161,-26.79161,-26.509117,0.0208633451108495,1.0499999999999954,0.2444700901950809,10.60337,0.0096821660192093,10.611786,10.59285,10.611786,9.37443388235323e-05,1.0499999999999627,-0.2444700901949618,0.0257116967777777,0.0122290338160145,0.036341503,0.012424439,0.036341503,0.0001495492680732,1.0500000000000005,-0.2444700901951,0.0219852207777777,0.0093692376567295,0.030129215,0.011805228,0.030129215,8.778261426827949e-05,1.0499999999999998,-0.2444700901950987,-0.0015556127777777,0.0001634167188637,-0.001697659,-0.001697659,-0.001378055,2.6705024004183017e-08,1.0500000000000005,0.2444700901950995,9.834245934424528,0.0052454214575319,9.82968647253356,9.82968647253356,9.839945261788236,2.751444626713664e-05,1.0499999999999303,0.2444700901948453,0.0338846285112555,0.0153614738994299,0.0472372361902717,0.0171938689124853,0.0472372361902717,0.0002359748803628,1.0499999999999998,-0.2444700901950987,36.105628191016365,0.2720906866764466,36.34213675888494,35.80999248118064,36.34213675888494,0.0740333417760602,1.0500000000000025,-0.244470090195109,811.0,834.0,10.077070000000049,-6.773369999999932,-2.300079999999923,7.348260000000053,1818.0,1556.3513,124.12052777777808,-68.74461222222207,-8.996772222222035,70.139787777778,0.4226315798081046,0.762699613279184,1.0265857896723047,0.2787776024029955,-0.0106199618498806,-0.0042173006418197,0.0047787787404434,0.0,211.84237636450516,1.0,0.007874016,262.65765210952827,3.0539139004253464,1.2398730443694994,285.0,0.7433065837351057,0.9081381149877844,-1.367476856217881,user
0.237604597787234,0.0967734274887125,0.27315882,0.062631264,0.35004085,0.0093650962679131,1.8718090298469168,-0.505678730963189,3.171625787234043,0.0593054141500722,3.1461768,3.1164777,3.357423,0.0035171321475115,3.3034463694556395,1.1932668043041994,9.30275829787234,0.0606135945545419,9.344999,9.166086,9.356016,0.0036740078448223,2.022123181696738,-0.8389674580371662,22.331447851063828,0.2444636658684157,22.349274,21.862877,22.691902,0.0597624839298244,2.0235041223638954,0.3070124409388107,-26.49824180851064,0.469264199069585,-26.841972,-26.846283,-25.648296,0.220208888528419,2.5480830833782337,1.1316137822123349,10.257675914893618,0.7610892691463544,10.210251,9.546921,11.454544,0.5792568756097319,1.9025798539787055,0.7473507201461637,-0.0290810722063829,0.0074594633681454,-0.03514336,-0.03514336,-0.0043015257,5.5643593740703205e-05,3.605228325477413,1.0827572711325817,-0.0294498085957446,0.0269041568783106,-0.014935008,-0.07480757,-0.010886684,0.0007238336573327,2.249218066740635,-1.1441608219278068,0.0412086749361702,0.0537797943142062,0.006665323,0.006665323,0.12976632,0.0028922662764783,2.0818084122937552,1.055939255114441,9.83204151298224,0.065051728895838,9.874389015080732,9.7368193633992,9.901424277109111,0.0042317274323376,1.6469869127024104,-0.479086121308797,0.0673319691312481,0.0502484177412143,0.0387625688873169,0.0329685551771539,0.1510741375313912,0.0025249034854955,2.1616533314852395,1.090994998304842,36.14720178892728,0.5453200660773018,36.37149617726366,35.177467364836204,36.6899345754356,0.2973739744665528,2.492238833441624,-0.9922941110607992,118.0,36.298874,42.19710668085106,-18.643978119148937,-6.802893319148936,14.997106680851068,1248.0,603.0,426.30173085106367,-161.10522914893622,-14.201469148936212,104.1595628510638,0.3306683884351395,0.5884276470588261,1.1886627097393758,0.4114330233578022,-0.0109304503735779,-0.0014793311449639,0.0046830594463756,0.012395626850568,1426.3630750495456,1.0,0.007874016,650.1538848531691,-3.015595253256793,0.4558123357410844,788.0,1.8101054251897788,0.9081381149877844,-1.367476856217881,user
-0.2801944625,0.0197409736571715,-0.272560145,-0.30357644,-0.26190203,0.0003897060409331,1.2050644705689408,-0.2569836795725509,3.2463512375000003,0.0207412165590079,3.2512013,3.2007847,3.2628174,0.0004301980643476,3.391353289615819,-1.2387842584573985,9.253865625,0.0145702332732137,9.2545845,9.239135,9.268117,0.0002122916976358,1.0063179380898488,-0.0052993033135789,22.459632375,0.3760723014541584,22.563404,21.570683,22.725952,0.1414303759210274,4.386288153426725,-1.6788091490772123,-26.81177025,0.3169562747294494,-27.008717,-27.202126,-26.419056,0.1004612800903702,1.3565794526400945,0.4096048520741405,10.087901875,0.5618112929813104,9.9091795,9.557632,10.73732,0.3156319289213317,1.1623080469948566,0.1848879707017878,0.018503581875,0.0191854598857444,0.013329985,-0.020548087,0.038418934,0.0003680818710275,2.813364769760751,-0.7336940583982989,0.005206727175,0.0094885083718339,0.0031226396,-0.014881742,0.014681667,9.003179112236294e-05,3.1417194012529883,-0.9312773491499567,0.0015649683749999,0.0116597622901387,0.0047210624999999,-0.011658665,0.012684539,0.0001359500566625,1.1297891115143917,-0.1390140854572924,9.81080903204422,0.0191003936430539,9.81225450794588,9.783776231356455,9.829168977322034,0.0003648250373196,1.1865471487226478,-0.1246414048743736,0.0285600013086483,0.011447227811272,0.0221205928245258,0.0186637859989401,0.0427491556077716,0.0001310390245631,1.2686038893509457,0.4427016130745426,36.40851637095695,0.1650413383227277,36.416317326446816,36.20127818979454,36.56894881918014,0.027238643355357,1.0666154589830308,-0.0473844086584667,811.0,898.0,54.88251041666672,-26.7528735833333,-5.227239583333244,25.060888416666756,1726.0,1257.0,229.0237625,-125.90213750000012,-4.699837500000058,125.8349224999999,0.9402889323454388,1.1002228775089775,1.3082703372689086,1.067623494498999,-0.0153902965351165,0.0018608192527203,0.0119585522372149,0.0057685618354402,446.49195267586754,1.0,0.007874016,477.0010482168776,2.958176446200904,1.0683306728333315,385.0,1.1597193575996558,0.9081381149877844,-1.367476856217881,user
-0.2208384315,0.0389974857974022,-0.18645705,-0.26286012,-0.18645705,0.0015208038985185,1.040404040404041,-0.2176865976463928,3.27457692,0.0119803220949407,3.2640147,3.2640147,3.2874863,0.0001435281174985,1.040404040404049,0.217686597646429,9.2627272,0.0207821705558041,9.244405,9.244405,9.285121,0.0004318986130105,1.0404040404040331,0.2176865976463636,22.63530885,0.7371520012994719,21.985413,21.985413,23.429626,0.5433930730198165,1.0404040404040396,0.2176865976463874,-26.0879694,0.3654530094289479,-26.410164,-26.410164,-25.694176,0.1335559021006747,1.0404040404040438,0.2176865976464082,9.58009495,0.2450061516519808,9.36409,9.36409,9.844101,0.0600280143473134,1.040404040404041,0.2176865976463947,0.0075105185499999,0.021071189012267,-0.011066489,-0.011066489,0.03021575,0.0004439950063906,1.040404040404041,0.2176865976463926,0.0158508874,0.0051930273001038,0.011272555,0.011272555,0.021446627,2.6967532539624236e-05,1.0404040404040404,0.2176865976463902,0.00512855875,0.0090538136486031,0.013110679,-0.004627366,0.013110679,8.197154158363283e-05,1.0404040404040402,-0.2176865976463918,9.82706269843306,0.024472102421271,9.80548734114403,9.80548734114403,9.853432579564094,0.0005988837969171,1.0404040404039236,0.2176865976459204,0.0280943055920574,0.0085813754815698,0.0205287013436356,0.0205287013436356,0.0373411552290175,7.364000515568765e-05,1.0404040404040409,0.2176865976463932,35.851779511829854,0.2667689249874415,35.616587832294734,35.616587832294734,36.13923600903944,0.0711656593389551,1.0404040404040389,0.2176865976463832,763.0,894.31555,77.18934550000006,-41.214684499999954,-2.8871295000000146,39.38169550000004,1722.0,1222.211,254.8183600000002,-140.2736399999999,-18.90738999999985,145.10680000000033,1.2657534281139375,1.5220843796649608,1.9236477236007032,1.3345806358676175,-0.0119281403781408,0.0043121780037765,0.0155250272966574,0.0076763306492515,632.741651041016,1.0,0.007874016,516.7521825718809,2.8846579583730168,0.8166874769847949,321.0,1.9711577914050344,0.9081381149877844,-1.367476856217881,user
-0.2011515464705882,0.0317561417446294,-0.21903011,-0.21903011,-0.12777758,0.0010084525385049,3.9164097088684686,1.672368732843398,3.3010822764705883,0.0168132910052781,3.2910793,3.2910793,3.3327537,0.0002826867544281,2.648912019124721,1.2997440116591925,9.233683588235294,0.011788534329269,9.234346,9.214945,9.257817,0.0001389695416323,3.604649729121037,0.3621476441145561,22.33359958823529,0.1717493689959493,22.400608,21.976559,22.46711,0.0294978457505067,3.787621344169435,-1.792062223251265,-26.704754294117645,0.2132897083431259,-26.619488,-27.149185,-26.549706,0.0454924996850957,3.812932053461311,-1.813752863593332,11.157288411764704,0.2358717429094304,11.285736,10.593857,11.285736,0.0556354791031324,4.417674130580638,-1.8363604778992155,0.0266499698235294,0.0267190437226751,0.043372802,-0.015434414,0.043372802,0.0007139072974542,1.82877045948478,-0.9976518588386948,0.0379313247,0.040648136115311,0.062196195,-0.047215056,0.062196195,0.0016522709696488,2.8506418004261254,-1.328299591521275,0.0014513840470588,0.0048875163468989,0.0014983844,-0.009368166,0.008476416,2.388781604120462e-05,4.039798652259515,-0.9058318839191536,9.808148324207693,0.0098428864887541,9.805729100668197,9.800731597595988,9.83378875536223,9.688241443049997e-05,6.182889561503053,2.400707474203432,0.0621340361025708,0.0239519328842034,0.0758407000338168,0.0150304490718252,0.0758407000338168,0.0005736950888893,3.072503946344316,-1.4729520717329838,36.55866319254488,0.0781265054706047,36.575295176027005,36.35777394966564,36.62606142053588,0.0061037508570484,5.917909937213171,-2.263846542682713,754.0,899.209,89.91033117647044,-42.93880882352951,-11.115018823529567,42.03237117647056,1701.0,1218.6238,226.23099411764724,-152.5737258823528,0.739294117647205,144.7718341176471,1.641379792263575,1.86108006417228,2.0899318158954503,1.6941353124283278,-0.0127881433301246,-0.0073613958284279,0.0172986031104711,-0.0001993532813999,625.9316082769504,1.0,0.007874016,503.7583269857085,2.849192517874324,0.8048136894259779,267.0,2.344313139614046,0.9081381149877844,-1.367476856217881,user
-0.20882110375,0.0169341620705786,-0.19436081,-0.22741291,-0.19436081,0.0002867658450326,1.0634920634920622,-0.2788285922710055,3.3214069375,0.0400037883817832,3.2872472,3.2872472,3.3653266,0.0016003030848944,1.0634920634920637,0.2788285922710093,9.235407625,0.0057680085861586,9.240333,9.229075,9.240333,3.326992305000046e-05,1.0634920634922038,-0.2788285922714715,21.7757874375,0.0822292181591341,21.846004,21.685509,21.846004,0.0067616443190624,1.0634920634920606,-0.2788285922710003,-27.0596471875,0.4368997521557587,-26.686573,-27.539314,-26.686573,0.1908813934337633,1.0634920634920688,-0.2788285922710269,10.1929034375,0.7506501129635972,10.833893,9.368774,10.833893,0.5634755920922612,1.0634920634920637,-0.27882859227101,-0.0064222389999999,0.0346328163475631,-0.035995636,-0.035995636,0.0316007,0.001199431968164,1.0634920634920628,0.2788285922710092,0.0213467545,0.0087878382610309,0.0288508,0.011698696,0.0288508,7.722610130203917e-05,1.0634920634920637,-0.2788285922710091,0.00636236465,0.0103980322179309,0.015241375,-0.0050535058,0.015241375,0.0001081190740051,1.0634920634920633,-0.2788285922710097,9.81681399511042,0.008491616665909,9.80956289695217,9.80956289695217,9.826136835599597,7.210755360074397e-05,1.0634920634920773,0.2788285922710544,0.0422353493402381,0.0074341628362228,0.0485834743876466,0.0340734742792843,0.0485834743876466,5.526677707547743e-05,1.0634920634920628,-0.2788285922710071,36.207925669576014,0.0682922605420966,36.14961005028677,36.14961005028677,36.28290289437648,0.0046638328499496,1.0634920634920904,0.2788285922710986,758.0,919.0,89.782559375,-56.58674062499995,-8.922205625000004,57.435659375,1697.0,1159.0,284.035275,-151.1484250000001,-16.362125000000106,155.72427500000003,1.9040259656421037,2.214034385234042,2.753911965207072,2.060188420299547,-0.0260491826658252,-0.0099029021877335,0.0221662277135325,0.0090395179163301,685.7367497930761,1.0,0.007874016,561.5736817195051,2.8508181035907576,0.8189347907764346,246.0,2.787547763386488,0.9081381149877844,-1.367476856217881,user
-0.2159717915384615,0.0171469299389747,-0.21831162,-0.23220305,-0.19555835,0.0002940172063321,1.2364946165389772,0.2896551154808812,3.269505076923077,0.019768557099319,3.2774272,3.2453332,3.2870076,0.000390795849789,1.2409336922425938,-0.4201381490875577,9.248715769230769,0.0136946670680454,9.250631,9.218058,9.257339,0.0001875439061046,4.257995633419267,-1.8136746980188925,22.04876123076923,0.4250302785926028,22.025528,21.709938,22.965519,0.1806507377205056,3.769576555377789,1.5197382376290711,-26.95528169230769,0.9751788569789556,-26.09327,-27.98774,-26.012936,0.9509738030987822,1.0263131191249786,-0.1614080450961982,9.420348153846152,0.913089831392802,10.028946,8.484238,10.707184,0.8337330401929357,1.2900168512830457,0.0531729543530562,-0.0168890241692307,0.0091333914944953,-0.020707887,-0.020707887,0.0041147214,8.341884019172009e-05,4.681818181818179,2.038339899392283,0.0105800788461538,0.0155424484206218,0.017078703,-0.025162354,0.017078703,0.0002415677029076,4.681818181818182,-2.038339899392284,0.0078822773461538,0.0132688984467525,0.0134302825,-0.022631751,0.0134302825,0.0001760636659902,4.681818181818183,-2.038339899392284,9.812016714617044,0.0150378594357446,9.80533551416972,9.785794924587927,9.826324978332847,0.0002261372164092,1.9637174711886365,-0.5090685559369803,0.0306418362683829,0.0015003319680511,0.0300145159580624,0.0300145159580624,0.0340920979751457,2.250996014356325e-06,4.681818181818168,2.0383398993922777,36.09776115695426,0.5763909853831488,36.31434553298893,35.39434849135748,36.61174358627336,0.3322265680309573,1.24167264154323,-0.4096754493177414,740.0,962.0,134.6440346153845,-57.82032538461556,-11.309640384615534,55.668834615384526,1706.0,1132.0,297.0807346153847,-153.24736538461525,-7.544965384615352,147.86673461538476,1.1282840724760497,1.5130352015778996,1.8776887159060327,1.7249000742909937,-0.0158052677749732,0.0008989971706675,0.0122297519767425,-0.00967602967424,783.7925308326994,1.0,0.007874016,615.4348056455696,2.7725522797087168,0.785201161577456,407.0,1.9257801740361165,0.9081381149877844,-1.367476856217881,user
-0.2257363613043478,0.0083812406638816,-0.22884998,-0.24010685,-0.215677,7.024519506590287e-05,2.031889825923209,-0.0948669258159343,3.162765378260869,0.0252894474782549,3.1433027,3.1433027,3.1964736,0.0006395561537554,1.4072959281939408,0.6547028155401254,9.31810104347826,0.0074956018800014,9.3117075,9.3117075,9.327754,5.6184047543480745e-05,1.3475126099902994,0.4798792638664373,22.16385669565217,0.4758908858225254,22.600662,21.46988,22.600662,0.2264721352089479,1.229821666306787,-0.2288686174611444,-27.130747217391303,0.3770696892778382,-27.375923,-27.489914,-26.628296,0.1421815505720854,1.4178466426733305,0.6490126055150741,9.378475652173911,1.106564324086478,8.363144,8.363144,10.677322,1.224484603340964,1.1379313062718486,0.2061008857780078,-0.0143551704782608,0.0013023277170938,-0.014848473,-0.014848473,-0.011066487,1.6960574827109877e-06,5.816666666666656,2.3508734968166087,0.0199157689347826,0.004182121905297,0.021499895,0.0093549285,0.021499895,1.7490143630765485e-05,5.816666666666673,-2.3508734968166154,0.0056115540652173,0.0005319360722638,0.0058130436,0.0042682905,0.0058130436,2.829559849754478e-07,5.8166666666666496,-2.350873496816607,9.842843370380171,0.0150226228329535,9.830596153984231,9.830596153984231,9.862603851333684,0.0002256791967811,1.3905265128583366,0.5804820796733687,0.0252467176987053,0.0040156356260662,0.0267677812180661,0.0151062942363,0.0267677812180661,1.612532948133211e-05,5.81666666666667,-2.350873496816614,36.28704766246228,0.2140787302832064,36.47154041859089,36.01327428584354,36.47154041859089,0.0458297027596698,1.3313662660491357,-0.4506060847311495,761.0,886.0,67.4895426086955,-40.31301939130451,-2.6431573913044986,40.180362608695496,1715.0,1244.0,233.7032739130434,-138.58742608695664,-10.52402608695661,132.66341391304334,0.9489184756044156,1.2843682206633775,1.4294721232952683,0.7276295534560929,-0.0109770917766595,-0.0044276495182555,0.0073836516739453,0.0078193641176919,640.8025462292387,1.0,0.007874016,487.3048327279343,2.8821799506400625,0.7604602004087658,366.0,1.750826629041636,0.9081381149877844,-1.367476856217881,user
-0.263351116,0.0137130748273104,-0.27315897,-0.27315897,-0.24513653,0.0001880484212194,1.3956043956043949,0.6811611145540117,3.188282275,0.0079699695378059,3.182582,3.182582,3.1988685,6.352041443355536e-05,1.3956043956045023,0.6811611145541512,9.25459655,0.0062114526352117,9.250154,9.250154,9.262847,3.8582143839479e-05,1.3956043956036202,0.6811611145530111,23.20351845,0.0451156111871144,23.235786,23.143593,23.235786,0.0020354183727868,1.395604395604618,-0.6811611145543003,-27.10302925,0.3667683430474573,-27.365349,-27.365349,-26.615864,0.1345190174617773,1.3956043956043973,0.6811611145540152,9.39922825,0.3847621280783179,9.124039,9.124039,9.910294,0.1480418952033559,1.3956043956043815,0.6811611145539951,-0.0019124841,0.0101921819253372,-0.009202128,-0.009202128,0.011625426,0.0001038805723991,1.3956043956043949,0.6811611145540121,0.0259503879,0.015301307004522,0.036894176,0.00562621,0.036894176,0.0002341299960466,1.395604395604395,-0.6811611145540117,0.001498384895,0.0062560716923143,0.0059728473,-0.006811331,0.0059728473,3.9138433019377296e-05,1.3956043956043944,-0.6811611145540117,9.791949153940964,0.0081038467099493,9.786153127420985,9.786153127420985,9.802713203192354,6.567233149835628e-05,1.3956043956040831,0.68116111455361,0.0301294249680969,0.0116905129044441,0.0384907039077811,0.0146013355086833,0.0384907039077811,0.0001366680919689,1.3956043956043958,-0.6811611145540123,36.89927077007004,0.1977181220155709,37.04068256124768,36.63664887216871,37.04068256124768,0.0390924557733642,1.3956043956042887,-0.6811611145538746,740.0,964.0,140.15417550000006,-62.53572449999992,-12.086924499999895,53.19981950000008,1694.0,1122.0,296.95699999999965,-152.77374000000017,-17.145350000000235,163.34019999999973,1.5645716669065313,1.8786790895320276,2.1974043903300253,2.8871736940055808,-0.0156539186930681,-0.0030805780342742,0.0309436390430854,0.0152388476350239,750.6065493455683,1.0,0.007874016,614.2963454229563,2.7683412882419254,0.8183999273101775,316.0,2.3753371814733173,0.9081381149877844,-1.367476856217881,user
-0.2560828944444444,0.014426388224837,-0.2635786,-0.2657342,-0.23220305,0.0002081206772137,2.1979287967122456,1.149353310636671,3.213717948148148,0.0074670476922776,3.2175498,3.2024612,3.2189872,5.575680123874838e-05,1.788539705403417,-0.9240456572231804,9.266102925925926,0.0113155847801769,9.259255,9.258297,9.283205,0.0001280424589173,1.7948270892530478,0.9413120837043576,23.06389659259259,0.2786573879280175,22.956604,22.722954,23.353779,0.0776499398468656,1.28351650518628,-0.0640959374745908,-26.93217751851852,0.6416242993388176,-27.143806,-27.402527,-25.884003,0.4116817415020286,2.1334408366380324,1.0593886513347628,10.41626062962963,0.6348630694770776,9.934967,9.796188,11.110397,0.4030511169858567,1.068072105153934,0.2152090542242048,-0.0007483947037037,0.0191897539932473,-0.008243315,-0.014155999,0.030801693,0.0003682466583213,2.164516327746752,1.1024267772105902,0.0139004140518518,0.0142536466592165,0.0051468043,-0.002363901,0.029223671,0.0002031664430857,1.1596005815241766,0.1103438146406463,0.000719102837037,0.0113218961973275,0.0060793813,-0.017944217,0.00900909,0.000128185333503,2.1803245981528967,-1.1190919926676153,9.81093947849864,0.0084578976851458,9.806383402007429,9.804213803876287,9.82365855853002,7.153603325239471e-05,1.7862536330739862,0.9059871586023952,0.0278712768325788,0.0097306151343548,0.0330359521036556,0.0132516240257495,0.0357257224328233,9.46848708929354e-05,1.7848766450292888,-0.8995625910806274,36.96155487836382,0.7109941463624811,36.72988077823145,35.995705963460615,37.67941614547894,0.5055126761617132,1.4537903189571757,-0.227368918445877,750.0,935.0,116.70666333333338,-49.09583666666663,-7.570636666666587,40.53977533333335,1709.0,1157.0,278.0672000000002,-137.12331999999978,-10.602899999999636,141.92432000000022,1.0045814005053808,1.2663633863289656,1.677317966471794,1.7197837940982237,-0.0114334137062448,-0.001179753555623,0.0114988553513526,-0.008381654039545,777.4055743875169,1.0,0.007874016,582.1760901995203,2.818212551477467,0.7488704858570004,429.0,1.812134206031508,0.9081381149877844,-1.367476856217881,user
-0.27016508,0.0211630375358013,-0.27016508,-0.29088253,-0.24944763,0.0004478741577417,1.0000000000000002,0.0,3.2185084,0.0053827333958159,3.2185084,3.213239,3.2237778,2.8973818810432653e-05,1.0,0.0,9.2651225,0.0143128570568712,9.2651225,9.251111,9.279134,0.0002048578771304,1.0,0.0,22.357388,0.0502796372405709,22.357388,22.308167,22.406609,0.0025280419210434,1.0,0.0,-26.7085625,0.1424395635327189,-26.7085625,-26.848003,-26.569122,0.0202890292593914,1.0000000000000002,0.0,9.5371095,0.925351771960358,9.5371095,8.631241,10.442978,0.8562759018701742,1.0,0.0,-0.0136499569999999,0.0001904458350822,-0.013649957,-0.013836393,-0.013463521,3.626961610017373e-08,1.0000000000000002,0.0,0.00325580925,0.0111274720587771,0.00325580925,-0.007637374,0.0141489925,0.0001238206344188,0.9999999999999998,0.0,0.00322957565,0.0001360335346612,0.00322957565,0.0030964063,0.003362745,1.8505122552440813e-08,1.0,0.0,9.811966804224062,0.0158635127330637,9.811966804224063,9.796437297587048,9.827496310861076,0.000251651036232,1.0000000000000002,0.0,0.0179295553922554,0.0021901175823842,0.0179295553922554,0.0157855507128511,0.0200735600716596,4.796615024668514e-06,1.0,0.0,36.124615983311074,0.1078683807637502,36.124615983311074,36.01901877018543,36.23021319643672,0.0116355875685934,0.9999999999999996,0.0,749.0,905.4775,82.42232999999999,-49.07722600000002,-1.091519999999946,47.15312200000008,1686.0,1181.8064,268.9914791666665,-141.8126208333334,-24.454220833333352,140.25237916666674,0.9636668649559867,1.3496261564498455,1.652132477073028,0.6705526748592593,-0.012282621227656,-0.0015926627154111,0.0086713473868646,-0.000659393593895,675.1090568302951,1.0,0.007874016,527.9170335263015,2.8406658627366905,0.781972968937678,385.0,1.7535300177410262,0.9081381149877844,-1.367476856217881,user
-0.2637414832,0.0081232032755094,-0.26597372,-0.26621318,-0.23675373,6.598643145524786e-05,10.582665796342033,3.296301706021989,3.172628212,0.0141538330807509,3.176355,3.1612659,3.2127602,0.0002003309908777,5.811444130548956,1.8170003627628903,9.30154152,0.0229368264517264,9.287994,9.254465,9.32488,0.0005260980076766,2.115541896767556,-0.3703125663193107,22.38262692,0.3931822167120175,22.323334,22.212067,23.676464,0.1545922555385759,10.195831198104356,3.185131504321373,-26.48187788,0.2495883261172831,-26.693535,-26.720947,-26.227455,0.0622943325340272,1.009158676387094,0.0826196346037066,10.07034076,0.1325516415387105,9.996155,9.762039,10.189728,0.0175699376746068,2.930056253947187,-0.8299709694998745,-0.007723425156,0.003747292781689,-0.0045145927,-0.0118654985,-0.00446133,1.4042203191698785e-05,1.0584785113966275,-0.2574130774383321,-0.0007573567599999,0.0240739433638371,0.018037513,-0.027079977,0.031247836,0.0005795547490852,1.147061035026668,-0.179780803041127,0.004106356692,0.0018783513196272,0.0058663115,0.002190861,0.0059195794,3.528203679945245e-06,1.0066145702326093,-0.0850853527670817,9.831290225560242,0.0175952597557269,9.8197151511534,9.799132760994617,9.849764391197818,0.0003095931658715,1.6462415047076997,-0.1310463998425913,0.0248128772383227,0.0060076620832896,0.0301418118166288,0.0187097624922228,0.0321224255342384,3.609200370699637e-05,1.04052823428839,-0.0589526833417806,36.10855331954198,0.2905855227140128,36.15671505783294,35.9171434466407,36.9921229963494,0.084439946010976,7.518599916165378,2.3933670090200367,745.0,862.0,51.01775880000002,-40.90540119999996,7.898058800000058,35.772718800000035,1677.0,1271.0,262.1121240000002,-109.93273599999988,-45.12287599999991,115.10232400000032,0.3070010349204778,1.029443634145337,1.9091547276315783,0.3075987008770563,-0.0123944566134872,-0.0066558891021482,0.0054920466077044,-0.0024243294879601,565.6337128933983,1.0,0.007874016,422.5221887664599,2.8610173158082417,0.7469890480981466,392.0,1.4429431451362202,0.9081381149877844,-1.367476856217881,user
0.0775744923913043,0.0213085976338185,0.07987585,0.042273093,0.10238961,0.0004540563331199,2.3142822987721927,-0.6592800304497739,3.254497,0.0154135069877631,3.2601826,3.2300048,3.2702422,0.0002375761976618,2.0870536493040808,-0.9031194463615272,9.269510652173912,0.0095881311555127,9.276258,9.253984,9.276258,9.193225905531516e-05,2.1015340922793344,-1.0561502076755198,21.645387260869565,0.465395301997349,22.027985,20.940357,22.027985,0.2165927871212037,1.7622780530218207,-0.7074842935446264,-26.64149208695652,0.7290231557342453,-26.388191,-27.96659,-26.043846,0.5314747615967176,2.7305468775948616,-1.3051484800694984,10.439651391304348,0.9657352517285728,11.270111,8.941574,11.270111,0.9326445764312497,1.697119515255891,-0.5725461679632841,0.0153958328260869,0.014637253028085,0.028085055,-0.007018165,0.028085055,0.0002142491762081,1.6410448891352891,-0.5332194755340255,0.026314803173913,0.0257541871417597,0.048613,-0.010673617,0.048613,0.0006632781553327,1.537320134896837,-0.5082485404382069,0.0082355538695652,0.0109592292258589,0.012950877,-0.0094747,0.018171083,0.0001201047052249,2.1245726851916213,-1.0275224466928683,9.824569516229271,0.0137016639735612,9.832809019772528,9.802021960417912,9.832809019772528,0.0001877355956443,2.18445568868103,-1.1638317595366532,0.0400679107060528,0.0190230904232316,0.0576170052885617,0.0167126175768815,0.0576170052885617,0.0003618779692504,1.1323632656312446,-0.1849375183931306,35.89593883709597,0.6197783882861475,36.17435762200937,34.89016769515539,36.4346591236325,0.3841252505865746,2.1362092344847707,-1.058886988869195,821.0,930.0,71.74636521739126,-35.41733278260872,-12.530034782608707,33.872589217391294,1751.0,1214.0,293.73599130434786,-153.8590486956522,-19.15620869565214,153.86089130434777,1.0898301971632185,1.305960510870428,1.9690401406990048,1.2986576488062953,-0.0133875796401824,-0.0008387650016278,0.0147695682248833,0.0388531107127386,533.5856912719329,1.0,0.007874016,547.9507277118993,2.9413338231107766,1.026921704751347,361.0,1.4780767071244678,0.8933070561931422,-1.425107257927195,user
-0.0324533998,0.0078944254831415,-0.026226193,-0.04179421,-0.026226193,6.232195370887431e-05,1.166666666666667,-0.4550830602384323,3.39526508,0.0157887323066257,3.4077194,3.3765836,3.4077194,0.0002492840678502,1.166666666666828,-0.4550830602387629,9.1986112,0.0263551212486015,9.177822,9.177822,9.229795,0.0006945924160284,1.1666666666667809,0.4550830602386654,22.009091,0.521103520071998,22.420143,21.392513,22.420143,0.2715488786314272,1.1666666666666707,-0.4550830602384413,-27.477928800000004,0.130278161934487,-27.375164,-27.632076,-27.375164,0.0169723994770284,1.1666666666667684,-0.4550830602386395,10.5846042,0.1830411420571899,10.728989,10.368027,10.728989,0.0335040596856004,1.1666666666666758,-0.455083060238452,0.03185639124,0.0281730021079388,0.054079555,-0.0014783544,0.054079555,0.0007937180477739,1.1666666666666674,-0.4550830602384325,0.0353813818,0.0116419591224502,0.044564683,0.02160643,0.044564683,0.0001355352122088,1.166666666666666,-0.4550830602384298,-0.0014952422,0.0204477095365708,-0.017624613,-0.017624613,0.022698814,0.0004181088252919,1.1666666666666663,0.455083060238432,9.805300494856676,0.0192961736557464,9.79007946780922,9.79007946780922,9.828132035427863,0.0003723423177527,1.1666666666665426,0.4550830602381771,0.0559040374719556,0.0207325864300418,0.0722581221959738,0.0313729103859284,0.0722581221959738,0.0004298401400791,1.1666666666666652,-0.4550830602384288,36.76554169484302,0.2659310897084299,36.97531096731258,36.45088778613868,36.97531096731258,0.0707193444735129,1.1666666666665948,-0.455083060238284,758.0,884.0,68.99199599999986,-43.78230800000017,-15.607404000000088,49.927435999999865,1747.0,1236.0,242.6165533333333,-168.41092666666668,1.882753333333312,166.26363333333344,1.583438693670135,2.0984182851873654,2.741410742943357,1.5452375100611522,-0.0282807385272932,-0.0040148517649545,0.0184175319429432,0.0089464297903241,648.073056848867,1.0,0.007874016,526.3050446271629,2.89983978572555,0.8121075842686963,223.0,2.9061572056003007,0.8933070561931422,-1.425107257927195,user
-0.0147951305454545,0.025013421147338,0.003233292,-0.04634487,0.003233292,0.000625671237494,1.3214285714285707,-0.6606874726434095,3.4708192,0.0035041277899073,3.4733448,3.4663994,3.4733448,1.22789115680007e-05,1.3214285714284617,-0.6606874726432408,9.186856909090908,0.010876044974664,9.179018,9.179018,9.200575,0.0001182883542909,1.321428571428748,0.6606874726436821,22.24215163636364,1.0490799791115333,22.998276,20.918934,22.998276,1.100568802572655,1.3214285714285725,-0.660687472643411,-26.711113636363635,0.1149686296145793,-26.62825,-26.856125,-26.62825,0.0132177857954543,1.3214285714286114,-0.6606874726434715,10.709892818181816,0.4724992470105784,10.369339,10.369339,11.305862,0.2232555384255636,1.3214285714285654,0.6606874726434011,-0.0249983326363636,0.0148886032715437,-0.035729293,-0.035729293,-0.006219152,0.0002216705073774,1.3214285714285716,0.6606874726434105,0.0036214164545454,0.0233272719273301,0.020434547,-0.025801562,0.020434547,0.0005441616155716,1.3214285714285712,-0.6606874726434099,0.0107814400727272,0.0041924579290885,0.013803154,0.0054934407,0.013803154,1.7576703487177385e-05,1.3214285714285725,-0.6606874726434107,9.82068015301846,0.0089919530819019,9.814199203103032,9.814199203103032,9.832021815370462,8.085522022712615e-05,1.3214285714279737,0.6606874726424882,0.0374820542582529,0.00822871872352,0.0434129030326557,0.0271030689030479,0.0434129030326557,6.771181183080892e-05,1.32142857142857,-0.6606874726434078,36.386289126756736,0.4091184236852489,36.68116121841833,35.870262966348946,36.68116121841833,0.1673778845987028,1.3214285714285678,-0.6606874726434042,764.0,859.0,58.10272454545452,-27.23507545454549,-13.348175454545526,33.186124545454504,1722.0,1281.0,227.41977272727289,-144.5197272727271,-10.2733272727271,136.13577272727275,2.2856255610299665,2.863151620621918,2.971206429840406,2.2856255610299665,-0.040328286400614,-0.0043430037776089,0.0068716671578558,0.0049154885802843,548.1601381737563,1.0,0.007874016,451.1163929630578,2.929415561695514,0.822964607506835,161.0,3.4047213551164988,0.8933070561931422,-1.425107257927195,user
-0.0522983491428571,0.004551001378145,-0.048500434,-0.057362236,-0.048500434,2.0711613543877957e-05,1.0833333333333337,-0.3245367068207749,3.5616890000000003,0.0122998413310595,3.5514245,3.5514245,3.575375,0.0001512860967692,1.0833333333333086,0.3245367068207034,9.146002,0.0023366642891099,9.144052,9.144052,9.148602,5.46000000000175e-06,1.0833333333338535,0.3245367068222959,22.138501571428574,0.5825442731949766,21.652355,21.652355,22.786697,0.3393578302322635,1.0833333333333288,0.3245367068207634,-26.38541442857143,0.1119554919460363,-26.291985,-26.509987,-26.291985,0.0125340321768789,1.083333333333241,-0.3245367068205059,11.269664571428573,0.2676528258316144,11.493027,10.971848,11.493027,0.0716380351756485,1.083333333333324,-0.324536706820749,0.0284503158571428,0.0166048566671874,0.04230745,0.009974137,0.04230745,0.0002757212649378,1.0833333333333337,-0.3245367068207754,0.0191028627142857,0.0061276579039328,0.0139891915,0.0139891915,0.025921091,3.754819138763084e-05,1.0833333333333324,0.3245367068207746,-0.0040033778571428,0.0173434582746342,-0.018476892,-0.018476892,0.015294641,0.0003007955449239,1.0833333333333328,0.3245367068207756,9.8151841421714,0.0066667985985817,9.809620545668546,9.809620545668546,9.822602270841871,4.4446203554051694e-05,1.083333333333333,0.3245367068207755,0.0411537846417481,0.0084902901044885,0.0482391266743691,0.0317066619315867,0.0482391266743691,7.208502605837671e-05,1.0833333333333348,-0.3245367068207785,36.24341005539354,0.3552548093869109,35.94694176016896,35.94694176016896,36.63870111569298,0.1262059795925304,1.0833333333333397,0.3245367068207955,756.0,842.0,49.045127142857154,-25.35537285714288,-5.498172857142833,26.426975142857128,1718.0,1310.0,208.00475000000029,-123.93124999999978,-18.505099999999743,126.92411000000024,1.473730132484539,1.893641520290764,2.2915893989217526,1.3178840855703684,-0.0289626154277601,0.0020893317767807,0.0095334196339289,0.0067011565341115,490.3075726176655,1.0,0.007874016,416.9652263678592,2.9338493915864934,0.8504156363356893,211.0,2.3237325716477035,0.8933070561931422,-1.425107257927195,user
-0.0581047129999999,0.0489382922286167,-0.08849828,-0.08849828,0.01281361,0.0023949564462534,1.7619047619047614,1.0350983390135309,3.6560414,0.0513680661981092,3.687944,3.581602,3.687944,0.0026386782249333,1.7619047619048194,-1.0350983390135895,9.0374696,0.0867704995890501,8.98358,8.98358,9.163212,0.0075291195989333,1.7619047619047696,1.035098339013539,22.8226928,0.6324056133872737,23.215454,21.90625,23.215454,0.3999368598437339,1.76190476190477,-1.0350983390135398,-26.2172467,0.6004593733503005,-25.844326,-27.087395,-25.844326,0.3605514590442356,1.761904761904734,-1.0350983390135025,11.1035692,0.0441136829989667,11.076172,11.076172,11.167496,0.0019460170277333,1.7619047619048205,1.0350983390135915,-0.061137844,0.0,-0.061137844,-0.061137844,-0.061137844,0.0,0.0,0.0,-0.009555002,0.0,-0.009555002,-0.009555002,-0.009555002,0.0,0.0,0.0,0.017958013,0.0,0.017958013,0.017958013,0.017958013,0.0,0.0,0.0,9.74955390888898,0.0612526971893473,9.711512369816504,9.711512369816504,9.83831750005809,0.0037518929129698,1.7619047619047838,1.0350983390135533,0.0644330991268967,0.0,0.0644330991268967,0.0644330991268967,0.0644330991268967,0.0,0.0,0.0,36.49920209936983,0.0578999395763384,36.46324282059916,36.46324282059916,36.58310708316806,0.0033524030029436,1.7619047619048973,1.0350983390136692,758.0,818.0,33.29066799999987,-18.21594000000009,-2.938382000000104,17.9056959999999,1701.0,1363.0,164.65079000000014,-100.5055499999998,-5.925759999999968,100.0453100000002,1.93902164176341,2.204047644813536,2.4250452978264088,1.9937206593604069,-0.0114776580327324,-0.0054138421993189,0.0236604995929811,0.0175383603505906,402.7246652914479,1.0,0.007874016,343.28413887041154,2.965907967583622,0.8524040577995892,154.0,2.615095229165246,0.8933070561931422,-1.425107257927195,user
0.0036644051999999,0.0276912198628544,0.025507534,-0.029100288,0.025507534,0.0007668036574929,1.1666666666666663,-0.4550830602384318,3.57015384,0.0239260972112582,3.589027,3.5418441,3.589027,0.0005724581277625,1.166666666666604,-0.4550830602383035,9.1388296,0.0040080595376242,9.135668,9.135668,9.143572,1.6064541257140545e-05,1.1666666666657677,0.4550830602365908,21.2114974,0.0628749127188272,21.161901,21.161901,21.285892,0.0039532546494001,1.1666666666667995,0.4550830602387055,-26.4635488,0.1347329700111612,-26.35727,-26.622967,-26.35727,0.0181529732080284,1.1666666666665957,-0.4550830602382861,10.1632112,0.3388072969749278,10.430466,9.762329,10.430466,0.1147903844834569,1.166666666666658,-0.4550830602384138,-0.0175224962,0.038302309520457,0.012690773,-0.0628424,0.012690773,0.0014670669146008,1.166666666666667,-0.4550830602384321,0.0020253336,0.0179356384447551,0.016173156,-0.0191964,0.016173156,0.0003216871264209,1.1666666666666663,-0.4550830602384315,-0.00795125254,0.0091568997860297,-0.0151743125,-0.0151743125,0.0028833374,8.384881369139227e-05,1.1666666666666667,0.4550830602384325,9.811496336942083,0.0049564220810139,9.81540601540475,9.805631819248084,9.81540601540475,2.456611984516308e-05,1.1666666666656975,-0.455083060236447,0.0416398668034448,0.0203955463419865,0.0255516428862318,0.0255516428862318,0.0657722026792644,0.0004159783105881,1.166666666666666,0.4550830602384316,35.40711839382274,0.0418690987023503,35.374091603373465,35.374091603373465,35.456658579496654,0.0017530214261471,1.1666666666666088,0.4550830602383142,754.0,786.0,10.044076000000018,-4.2329039999999845,2.535976000000005,3.044076000000018,1700.0,1544.0,82.91640000000007,-31.47568000000001,-15.485999999999876,32.187360000000055,0.1325411827905265,0.5006723048327738,1.0236297173037054,0.1187765021879332,-0.0084244357390796,-0.0061456961487358,0.0003748710938304,-0.0087060607472854,185.0734425654552,1.0,0.007874016,159.24823389915505,2.939271025211489,0.8604596731529078,262.0,0.7063871853643329,0.8933070561931422,-1.425107257927195,user
-0.0258968693125,0.0086436683957759,-0.024789145,-0.035087988,-0.011616206,7.471300333613572e-05,2.0117859675475125,0.4547848795334552,3.57745584375,0.022941075998951,3.5854347,3.5523822,3.6359706,0.0005262929679896,3.4156964525802254,0.6613227344383441,9.1550238125,0.0333687739413776,9.147405,9.103334,9.219975,0.0011134750743507,3.274877570145708,1.2141826370592554,21.25943425,0.1818428009049794,21.133104,21.04568,21.462112,0.0330668042409679,1.155369812407094,0.1661566116644905,-26.7856684375,0.2115313854037623,-26.729843,-27.187164,-26.394325,0.044745527010835,3.3831554316598558,-0.9462466520424558,10.556097125,0.4256765704968402,10.914139,10.0737915,10.947586,0.1812005426699513,1.0700929553483405,-0.2646717477323035,0.0025732963875,0.0129812144358645,-0.0032894462,-0.030296022,0.01684563,0.0001685119282298,3.3463456449329665,-0.6254692016287446,0.0067248507499999,0.0251381804777029,0.026879905,-0.054299623,0.026879905,0.0006319281177295,2.722570932716655,-0.8751358521970555,0.0128310246374999,0.0032170242771831,0.012418203,0.0017647212,0.015294641,1.0349245199986084e-05,9.462607744685144,-2.6170529326898238,9.829244215195846,0.03116707634637,9.81824648541376,9.802621165597458,9.89259399373243,0.0009713866479804,3.4812614726357056,1.6142179102649532,0.0305359398372398,0.0084694011197359,0.0297919706441337,0.0263737836175624,0.0622045998932582,7.173075532698496e-05,13.04194925969086,3.5482998077292085,35.79183159667866,0.2539483570490281,35.973402608747115,35.49426836622411,36.08202006890263,0.0644897680479006,1.136856326345907,-0.1880147638471478,738.0,883.0,83.28217468750006,-36.70973731249994,-1.671900312499929,31.38155468750006,1742.0,1206.0,279.81894687499994,-118.67919312500008,-25.84320312500006,134.0150068749999,0.6528504383911071,1.1411697804692045,1.2952694630116377,1.4220460588635646,-0.0076249801047818,-0.0003945328194073,0.0082602114096788,0.0041162794225695,579.9554421589459,1.0,0.007874016,555.2666026333657,2.8773939896432537,0.957429764890776,516.0,1.1239446553467942,0.8933070561931422,-1.425107257927195,user
0.036958298095238,0.0196115438616065,0.05520653,0.016885243,0.05520653,0.0003846126526357,1.0090909090909093,-0.1028429916756231,3.64358908095238,0.0041673131089011,3.6474667,3.6393237,3.6474667,1.7366498547618955e-05,1.009090909090949,-0.102842991675957,9.133638,0.0181410923596118,9.150518,9.11507,9.150518,0.0003290992319999,1.0090909090909428,-0.1028429916759142,21.39646695238095,0.1425161718351566,21.529076,21.250597,21.529076,0.0203108592345479,1.0090909090909066,-0.1028429916756046,-27.737933285714288,0.0930437220945828,-27.824509,-27.824509,-27.6427,0.0086571342212139,1.0090909090909017,0.10284299167556,10.506346285714288,0.4623122895659546,10.076172,10.076172,10.979538,0.213732653083715,1.0090909090909108,0.1028429916756374,0.000264251095238,0.0202817862934828,0.019136133,-0.020494819,0.019136133,0.0004113508552545,1.0090909090909093,-0.1028429916756205,0.0101463307619047,0.0193004083652366,0.028105056,-0.009608267,0.028105056,0.0003725057630648,1.0090909090909088,-0.1028429916756202,-0.0123156282142857,0.0015265861256323,-0.0137360925,-0.0137360925,-0.0107531175,2.330465198973216e-06,1.0090909090909088,0.1028429916756181,9.833657607624271,0.0184656426516117,9.850839596546455,9.814757419809869,9.850839596546455,0.000340979958537,1.009090909090891,-0.1028429916754685,0.0311418113783903,0.00594232525387,0.0366710512001685,0.0250596475744344,0.0366710512001685,3.531122942278157e-05,1.0090909090909097,-0.1028429916756243,36.57616414724083,0.020825005822487,36.59554148634012,36.554849074231626,36.59554148634012,0.0004336808675066,1.0090909090906932,-0.1028429916737887,748.0,868.0,64.9884180952381,-36.70494190476188,-9.961281904761904,43.15821809523811,1714.0,1274.623,246.85820000000007,-141.3508999999999,-18.097299999999905,137.72379999999998,1.1666682097287535,1.4591321765626803,1.7277877105293542,0.622438779777023,-0.0215923048904827,0.0006981262851312,0.0069028519847132,-0.0165800142590917,586.5361803409814,1.0,0.007874016,455.4691516765981,2.874980707074263,0.7765405902357331,334.0,1.7560963483262917,0.8933070561931422,-1.425107257927195,user
0.2466102569230769,0.0774848518252557,0.26549453,-0.11149105,0.2669316,0.0060039022623818,19.16607013222567,-4.392739280816644,3.3452262384615383,0.0613451977557565,3.3365855,3.2862892,3.611541,0.0037632332876928,14.87439380955191,3.4170153310161537,9.24434,0.0752277887017824,9.186443,9.084892,9.321287,0.00565922019296,1.5908341263307475,-0.1268493835944218,22.25322057692308,0.3393082853856864,22.2118185,21.871704,23.628387,0.1151301125313744,11.400054917247695,2.710947764163086,-26.91173480769231,0.4119561987289394,-26.921381,-27.505833,-26.086128,0.1697079096711974,1.4721641294989272,0.1613228772147938,10.508559692307692,0.3549054754402386,10.502617,9.413712,10.8233795,0.1259578964974617,4.193474744959478,-1.063832193285909,0.0558148365,0.043520919764522,0.0424406205,0.013489785,0.100368924,0.0018940704571499,1.0327656319489844,0.0417467853286991,0.0251241323846153,0.1393093675327396,-0.036215339,-0.10916505,0.16963656,0.0194070998823719,1.0450233815367782,0.075892284196686,0.0217215587076923,0.0216594397207449,0.040996164,-0.0012182528,0.041448936,0.0004691313290165,1.024001767505,-0.1637107992061868,9.834675608710237,0.0573810472914377,9.786571048512627,9.746886325312284,9.89489716203553,0.0032925845882622,1.1224077869844848,0.095685769567792,0.1532056409617409,0.041791534884538,0.1175457218973996,0.0899439865188328,0.1971090244850196,0.0017465323880055,1.1131233795944764,0.1025965566469692,36.47277734754724,0.094747650110028,36.48727461518841,36.38505827549873,36.74614521409707,0.0089771172013722,3.384799890717239,0.8190449063335945,122.0,61.0,32.26299915384615,-12.162556846153848,-1.874739346153852,18.405127153846152,1314.0,874.0,259.1482515384614,-130.07434846153865,-33.5989984615386,134.5096515384614,0.5230356871824997,1.2156132737141232,1.4870335055924837,0.8023633806068728,-0.0120403105533124,-0.0006722804786287,0.0079242509457146,0.0073402131829632,1180.157456516586,1.0,0.007874016,444.2082844792519,-3.0038343846500286,0.3763974730883794,414.0,2.850621875643927,0.8933070561931422,-1.425107257927195,user
-0.4746331,0.0620777456659906,-0.4446467,-0.5945787,-0.4446467,0.0038536465069714,3.2500000000000044,-1.67208193225263,4.765777599999999,0.0085283822348008,4.761658,4.761658,4.782256,7.273330354286734e-05,3.2500000000012923,1.6720819322533476,8.678974799999999,0.0271717454384406,8.6921,8.626474,8.6921,0.0007383037501714,3.249999999999761,-1.6720819322524938,21.6707084,0.1029459123262586,21.720436,21.471798,21.720436,0.0105978608646857,3.250000000000173,-1.6720819322527234,-28.66323,0.0142429531448251,-28.65635,-28.69075,-28.65635,0.0002028617142856,3.250000000005268,-1.6720819322555638,13.9661226,0.2831043641922282,14.102875,13.419113,14.102875,0.0801480810246857,3.250000000000102,-1.672081932252685,0.0328578158,0.0186804180680198,0.041881315,-0.003236181,0.041881315,0.000348958019196,3.250000000000005,-1.67208193225263,-0.1132559838,0.0542768640810353,-0.1394742,-0.1394742,-0.008383119,0.0029459779744711,3.2500000000000018,1.672081932252629,0.0073258407999999,0.0102995903435639,0.002350666,0.002350666,0.02722654,0.0001060815612452,3.250000000000001,1.6720819322526277,9.912952088045555,0.0163956467102768,9.92087193782809,9.881272688915416,9.92087193782809,0.0002688172310482,3.249999999999865,-1.672081932252551,0.1222506573076342,0.0484320036035333,0.1456455376673545,0.0286711358687534,0.1456455376673545,0.0023456589730526,3.249999999999996,-1.672081932252624,38.5527849772752,0.1485397312503449,38.62453648418607,38.26577894963165,38.62453648418607,0.0220640517599246,3.2499999999999383,-1.672081932252594,860.0,552.0,140.45390133333353,-103.86472666666646,8.171301333333531,96.53764533333351,664.0,707.0,27.1396073333334,-15.860392666666598,-8.003892666666616,20.23398733333341,1.0133834258285683,1.2114576670761457,1.4427196931321924,0.9762488938487144,-0.0155856257479171,0.0014021799307957,0.0135880614075078,0.0014021799307957,286.7042102951185,1.0,0.007874016,310.9871379976992,-1.4320825265591113,1.0846967949217945,220.0,1.3032009558869024,0.8307435051045067,3.0371986504515727,user
-0.3566165772727273,0.0022374807014189,-0.35531017,-0.36010033,-0.35531017,5.0063198892220136e-06,2.0416666666666474,-1.189373386913421,4.814219481818181,0.04083382661916,4.8380613,4.7506413,4.8380613,0.0016674013963636,2.041666666666649,-1.189373386913423,8.633203,0.0155504385597314,8.6422825,8.608991,8.6422825,0.0002418161393999,2.041666666666133,-1.1893733869129814,21.85635109090909,0.20360908095537,21.737469,21.737469,22.17337,0.0414566578474904,2.0416666666666874,1.189373386913455,-28.264705454545457,0.6557140906883668,-28.64756,-28.64756,-27.24376,0.4299609687272718,2.041666666666638,1.1893733869134129,14.421561454545456,0.759955722110751,14.86528,13.238312,14.86528,0.577532699568873,2.0416666666666834,-1.1893733869134515,0.006192152,0.0,0.006192152,0.006192152,0.006192152,0.0,0.0,0.0,8.639763e-05,0.0,8.639763e-05,8.639763e-05,8.639763e-05,0.0,0.0,0.0,0.007783939,0.0,0.007783939,0.007783939,0.007783939,0.0,0.0,0.0,9.891249119133166,0.0333268524079686,9.91070780869204,9.839359280309504,9.91070780869204,0.0011106790914225,2.0416666666665217,-1.1893733869133136,0.0099468546434184,0.0,0.0099468546434184,0.0099468546434184,0.0099468546434184,0.0,0.0,0.0,38.53769883306069,0.6417922522643345,38.91242477612981,37.53842965154302,38.91242477612981,0.4118972950665271,2.041666666666632,-1.1893733869134082,865.0,565.43353,109.14543181818168,-62.01258818181827,8.655621818181771,75.43356181818172,641.0,710.89594,34.39517272727278,-17.987037272727207,-0.1347672727272311,15.249232727272783,1.251147831971101,1.4331515066259748,2.326885226984524,2.326885226984524,-0.0002183581223452,0.0096518482399031,0.045265529999691,0.0096518482399031,327.4115167752283,1.0,0.007874016,307.6126011345187,-1.3415735838469758,0.939528957821292,167.0,1.9605480046420856,0.8307435051045067,3.0371986504515727,user
-0.240346344,0.0213206119343521,-0.23004751,-0.28154168,-0.23004751,0.0004545684932552,3.2499999999999982,-1.6720819322526264,4.86637152,0.0095198408278406,4.861773,4.861773,4.8847656,9.062736938742235e-05,3.250000000000463,1.6720819322528857,8.592464000000001,0.0664408921846004,8.624558,8.464088,8.624558,0.0044143921542856,3.250000000000265,-1.6720819322527751,21.9587884,0.086090370973762,22.000374,21.792446,22.000374,0.0074115519743999,3.2499999999996425,-1.6720819322524276,-28.5746676,0.0737975430996383,-28.53902,-28.717258,-28.53902,0.0054460773675429,3.24999999999994,-1.672081932252594,15.607403799999998,0.816005698223907,16.001572,14.030731,16.001572,0.6658652995338861,3.250000000000033,-1.6720819322526457,-0.00607000548,0.0006395895822967,-0.0063789566,-0.0063789566,-0.004834201,4.090748337825189e-07,3.2499999999999964,1.6720819322526257,0.0018335708,0.0125932914585211,0.0079167085,-0.02249898,0.0079167085,0.0001585909897592,3.249999999999998,-1.6720819322526266,0.02653406392,0.0169821961508737,0.034737244,-0.0062786564,0.034737244,0.0002883949861067,3.2499999999999973,-1.672081932252626,9.87784589914653,0.0524241142085504,9.903169152132577,9.776552887202348,9.903169152132577,0.0027482877505511,3.2500000000000853,-1.6720819322526748,0.0337263198918504,0.005109608286867,0.0361944951821985,0.0238536187304581,0.0361944951821985,2.6108096845220748e-05,3.2500000000000084,-1.6720819322526326,39.27895183325141,0.3079090266604727,39.42768602354772,38.68401507206615,39.42768602354772,0.0948079686989996,3.2499999999999427,-1.6720819322525953,857.0,538.0,138.8416113333334,-90.23218866666656,11.384871333333422,85.64455933333338,644.0,739.0,49.854308666666725,-22.31477133333326,-6.283291333333295,22.541876666666724,1.0611914899791215,1.3049283719114757,1.6128016063619892,1.636680044864644,-0.0095506362584542,0.0051949248642147,0.0134427224652714,-0.0008672895810136,365.9797351932026,1.0,0.007874016,332.8453094156503,-1.2813539180816091,0.9094637691891316,228.0,1.6051742771631694,0.8307435051045067,3.0371986504515727,user
-0.32197068,0.0261466944539713,-0.30573204,-0.35986084,-0.30573204,0.0006836496308693,1.761904761904759,-1.0350983390135289,4.942271320000001,0.0246428759844305,4.957576,4.9065604,4.957576,0.000607271336784,1.7619047619048018,-1.035098339013572,8.51900745,0.0276512374923505,8.5361805,8.478937,8.5361805,0.0007645909348583,1.761904761904738,-1.035098339013507,21.921847,0.1114435176371131,21.852634,21.852634,22.083344,0.0124196576233335,1.761904761904856,1.0350983390136277,-27.8240152,0.1168603942648389,-27.751438,-27.993362,-27.751438,0.0136563517477336,1.7619047619047283,-1.035098339013497,14.3026626,0.3029431969708736,14.114517,14.114517,14.741669,0.0917745805909335,1.7619047619047596,1.035098339013529,-0.007018164,0.0,-0.007018164,-0.007018164,-0.007018164,0.0,0.0,0.0,0.0033889788,0.0,0.0033889788,0.0033889788,0.0033889788,0.0,0.0,0.0,0.021686733,0.0,0.021686733,0.021686733,0.021686733,0.0,0.0,0.0,9.854132254378044,0.0353761747865391,9.876102946235363,9.802867306710963,9.876102946235363,0.0012514737425277,1.761904761904762,-1.0350983390135315,0.0230446130679392,0.0,0.0230446130679392,0.0230446130679392,0.0230446130679392,0.0,0.0,0.0,38.20148113370836,0.2630165025852921,38.038132366732846,38.038132366732846,38.58262825665122,0.0691776806321989,1.761904761904792,1.0350983390135622,879.0,613.0,110.109867,-65.67266299999997,10.661091999999996,63.76154100000006,640.0,702.0,33.36286199999995,-15.71863800000001,-2.416438000000028,16.480131999999983,1.2249262173978352,1.4742243626452036,2.840593523083668,2.807249793505395,-0.0319214067356355,-0.0005159355242295,0.062678729284728,0.010511220108683,349.3455595526967,1.0,0.007874016,273.1300056749533,-1.341802092586398,0.7818333401021896,154.0,2.2684776594330955,0.8307435051045067,3.0371986504515727,user
-0.3509724333333333,0.0451909874328969,-0.38908082,-0.38908082,-0.30333695,0.0020422253451602,1.0499999999999998,0.2710523708715759,4.973915388888889,0.0108554140471979,4.9647613,4.9647613,4.985358,0.0001178400141361,1.0499999999999912,0.2710523708715402,8.508663555555554,0.0133806508727258,8.49738,8.49738,8.522768,0.0001790418177777,1.049999999999958,0.2710523708714049,21.883415555555555,0.3125679566714706,22.146996,21.55394,22.146996,0.0976987275377783,1.050000000000005,-0.2710523708715949,-28.78715888888889,0.4680956236001465,-28.392426,-29.280575,-28.392426,0.21911351283361,1.049999999999998,-0.2710523708715687,15.256419222222222,0.0339939578005328,15.227753,15.227753,15.292252,0.0011555891669444,1.0499999999999945,0.271052370871553,0.0069142202777777,0.0035092978413779,0.0039549205,0.0039549205,0.010613345,1.2315171339500066e-05,1.05,0.2710523708715754,-0.0191135415,0.026053031502494,0.0028563037,-0.046575848,0.0028563037,0.0006787604504699,1.0499999999999998,-0.2710523708715753,0.0120571680666666,0.0150197969957739,0.024722973,-0.0037750881,0.024722973,0.0002255943017942,1.05,-0.2710523708715751,9.862161980536328,0.01543333330342,9.849147451169038,9.849147451169038,9.87843014224544,0.0002381877768544,1.0500000000000005,0.2710523708715756,0.0352970476852193,0.011973972418245,0.025199707556769,0.025199707556769,0.0479187228457822,0.0001433760154728,1.0499999999999998,0.2710523708715742,39.250421444698304,0.183022251900726,39.096083530431805,39.096083530431805,39.44334383753143,0.0334971446908127,1.050000000000004,0.2710523708715919,836.0,625.0,81.1727166666667,-45.12716333333324,3.571166666666727,52.3540866666667,642.0,694.0,25.30521888888893,-12.476151111111085,-0.6303311111111043,12.187414888888975,1.037753617153745,1.329491631088063,2.305159506674685,2.1955838330203683,-0.0252253715324014,0.017121199008487,0.0536724192345176,-0.0193969473450919,249.2648123624998,1.0,0.007874016,217.3131381210073,-1.3291658654420686,0.8718163468856328,128.0,1.9473813465820295,0.8307435051045067,3.0371986504515727,user
-0.2865714,0.0,-0.2865714,-0.2865714,-0.2865714,0.0,0.0,0.0,4.98512,0.0,4.98512,4.98512,4.98512,0.0,0.0,0.0,8.46792,0.0,8.46792,8.46792,8.46792,0.0,0.0,0.0,21.091223,0.0,21.091223,21.091223,21.091223,0.0,0.0,0.0,-28.930935,0.0,-28.930935,-28.930935,-28.930935,0.0,0.0,0.0,14.352722,0.0,14.352722,14.352722,14.352722,0.0,0.0,0.0,-0.0004662727,0.0,-0.0004662727,-0.0004662727,-0.0004662727,0.0,0.0,0.0,-0.025961362,0.0,-0.025961362,-0.025961362,-0.025961362,0.0,0.0,0.0,-0.004680634,0.0,-0.004680634,-0.004680634,-0.004680634,0.0,0.0,0.0,9.830524589669563,0.0,9.830524589669563,9.830524589669563,9.830524589669563,0.0,0.0,0.0,0.0263840493815442,0.0,0.0263840493815442,0.0263840493815442,0.0263840493815442,0.0,0.0,0.0,38.572520223848976,0.0,38.572520223848976,38.572520223848976,38.572520223848976,0.0,0.0,0.0,793.0,548.0,106.5762116666666,-81.29138833333332,-4.805488333333358,71.88274166666667,660.0,731.0,32.34862666666652,-23.94007333333343,-1.827623333333463,28.931266666666488,2.252248998302599,3.0729621560591687,3.4442433835597788,3.242624231971725,-0.3646184666959608,0.0109745031849539,0.0361695045468896,0.0338089564633228,234.6976929567079,1.0,0.007874016,255.08037948850557,-1.2887271649113357,1.0868465568409205,71.0,3.305601309249407,0.8307435051045067,3.0371986504515727,user
-0.3039870628571428,0.0407868993953208,-0.2801047,-0.36369297,-0.2801047,0.001663571162284,1.9000000000000072,-1.229634091915159,5.018376771428571,0.0225556368210337,5.031584,4.9853587,5.031584,0.0005087567524023,1.8999999999999309,-1.22963409191508,8.428915,0.0266454876417499,8.413313,8.413313,8.46792,0.0007099820116666,1.8999999999997652,1.2296340919149118,21.407534,0.0168118305566831,21.39769,21.39769,21.432144,0.0002826376466666,1.8999999999997528,1.2296340919148985,-28.174253142857143,0.2998140686111019,-27.9987,-28.613136,-27.9987,0.0898884757371425,1.900000000000042,-1.2296340919151942,15.126669714285716,0.1276535849421054,15.201416,14.939804,15.201416,0.0162954377485713,1.8999999999999524,-1.2296340919151023,-0.0007630478571428,0.0123201260436794,-0.007976975,-0.007976975,0.01727177,0.0001517855057321,1.8999999999999997,1.2296340919151516,-0.0251243038571428,0.0025212095373604,-0.026600573,-0.026600573,-0.021433631,6.356497531277139e-06,1.8999999999999948,1.2296340919151465,-0.0028999785714285,0.0165048138575848,-0.012564208,-0.012564208,0.021260595,0.0002724088804735,1.9,1.2296340919151516,9.814553130975694,0.0127354865643323,9.807095993615391,9.807095993615391,9.833195974376444,0.0001621926180302,1.9000000000002448,1.2296340919154023,0.0317095000886198,0.002098327337905,0.0304808454073409,0.0304808454073409,0.034781136791817,4.402977616999737e-06,1.9000000000000017,1.2296340919151534,38.48312385569328,0.1795219609001436,38.37800655885029,38.37800655885029,38.74591709780075,0.0322281344454326,1.8999999999997896,1.2296340919149369,813.0,603.0,84.12876999999992,-51.70824000000002,7.679429999999911,49.13936999999998,634.0,690.0,27.415454285714304,-13.58719371428574,-1.6760957142856796,14.232902285714347,1.5741107463894342,1.781110036728463,2.4318997439706767,2.4206014503853828,-0.0144040239604475,-0.000882679186351,0.0359002813502687,-0.0078211689522691,282.43504791328013,1.0,0.007874016,217.33844574764032,-1.3101939350475555,0.7695165573586062,100.0,2.8243504791328014,0.8307435051045067,3.0371986504515727,user
-0.3131567833333333,0.0389596304739491,-0.28800845,-0.36345345,-0.28800845,0.0015178528066666,1.5,-0.968245836551854,5.016015666666667,0.010389406925646,5.022722,5.002603,5.022722,0.0001079397762666,1.5000000000001763,-0.9682458365521108,8.420577333333332,0.1032743919210694,8.353914,8.353914,8.553904,0.0106656000266666,1.4999999999999645,0.9682458365518029,21.50710933333333,0.0327416848110583,21.528244,21.46484,21.528244,0.0010720179242666,1.4999999999998876,-0.9682458365516912,-28.26147933333333,0.3095778868179482,-28.461311,-28.461311,-27.861816,0.0958384680066663,1.499999999999976,0.9682458365518194,15.041814,0.5342052405224056,15.386642,14.352158,15.386642,0.2853752390016012,1.5000000000000042,-0.9682458365518593,-0.0171212171666666,0.0053088839176482,-0.020548087,-0.020548087,-0.0102674775,2.8184248451064057e-05,1.4999999999999998,0.9682458365518526,0.0043833013333333,0.0284424125158891,-0.013976197,-0.013976197,0.041102298,0.000808970829724,1.4999999999999991,0.9682458365518536,-0.0055329125333333,0.0089123225468554,-0.011285792,-0.011285792,0.0059728464,7.942949317918788e-05,1.499999999999999,0.9682458365518536,9.806572113376996,0.0847762571822296,9.751849274673567,9.751849274673567,9.916017790783853,0.0071870137818275,1.4999999999999998,0.968245836551854,0.0324569957296832,0.0079994824792869,0.0272933519929238,0.0272933519929238,0.0427842832032021,6.399171993641932e-05,1.5,0.968245836551854,38.57034485194044,0.4519342892218602,38.86206718122983,37.986900193361656,38.86206718122983,0.2042446017744679,1.5000000000000002,-0.968245836551854,863.0,618.0,109.51541499999983,-63.02822500000013,2.2866149999998697,60.4241649999999,631.0,697.0,30.65038500000003,-16.32221500000003,0.6332550000000197,16.754935000000046,2.138237182816226,2.7292759098685457,3.070891285287303,2.965255758501966,-0.0208858163775823,0.0094707878574787,0.0582908814044423,0.0251554302317419,285.92101729039103,1.0,0.007874016,253.7341128031468,-1.3076552250916031,0.8874272874646562,92.0,3.107837144460772,0.8307435051045067,3.0371986504515727,user
-0.29687026,0.0,-0.29687026,-0.29687026,-0.29687026,0.0,0.0,0.0,5.0021243,0.0,5.0021243,5.0021243,5.0021243,0.0,0.0,0.0,8.428163,0.0,8.428163,8.428163,8.428163,0.0,0.0,0.0,21.775887,0.0,21.775887,21.775887,21.775887,0.0,0.0,0.0,-29.727325,0.0,-29.727325,-29.727325,-29.727325,0.0,0.0,0.0,16.086594,0.0,16.086594,16.086594,16.086594,0.0,0.0,0.0,0.0747473,0.0,0.0747473,0.0747473,0.0747473,0.0,0.0,0.0,-0.07629905,0.0,-0.07629905,-0.07629905,-0.07629905,0.0,0.0,0.0,-0.015920058,0.0,-0.015920058,-0.015920058,-0.015920058,0.0,0.0,0.0,9.80526955358658,0.0,9.80526955358658,9.80526955358658,9.80526955358658,0.0,0.0,0.0,0.1079914447302001,0.0,0.1079914447302001,0.1079914447302001,0.1079914447302001,0.0,0.0,0.0,40.20797946693206,0.0,40.20797946693206,40.20797946693206,40.20797946693206,0.0,0.0,0.0,880.0,708.0,67.60559999999998,-37.75470000000005,-14.043300000000045,34.946039999999975,633.0,657.0,9.95825000000002,-6.461119999999959,2.4308500000000777,6.947290000000044,4.146877201473027,4.881351346311105,39.36095053852445,4.881351346311105,-2.072725301724661,-0.1112839613391027,35.58474296036319,-0.1112839613391027,185.5598283746795,1.0,0.007874016,173.6663467687393,-1.4321565896607384,0.9359048684722584,28.0,6.627136727667126,0.8307435051045067,3.0371986504515727,user
-0.59338117,0.0,-0.59338117,-0.59338117,-0.59338117,0.0,0.0,0.0,5.210496,0.0,5.210496,5.210496,5.210496,0.0,0.0,0.0,8.287809,0.0,8.287809,8.287809,8.287809,0.0,0.0,0.0,25.147957,0.0,25.147957,25.147957,25.147957,0.0,0.0,0.0,-28.732265,0.0,-28.732265,-28.732265,-28.732265,0.0,0.0,0.0,15.626785,0.0,15.626785,15.626785,15.626785,0.0,0.0,0.0,-0.023584327,0.0,-0.023584327,-0.023584327,-0.023584327,0.0,0.0,0.0,-0.06575212,0.0,-0.06575212,-0.06575212,-0.06575212,0.0,0.0,0.0,0.048959643,0.0,0.048959643,0.048959643,0.048959643,0.0,0.0,0.0,9.807606629520148,0.0,9.807606629520148,9.807606629520148,9.807606629520148,0.0,0.0,0.0,0.0853030386752123,0.0,0.0853030386752123,0.0853030386752123,0.0853030386752123,0.0,0.0,0.0,41.2572321265048,0.0,41.2572321265048,41.2572321265048,41.2572321265048,0.0,0.0,0.0,864.0,635.0,92.04301666666665,-60.65218333333337,9.338516666666692,60.81231666666668,592.0,659.0,36.66790000000003,-17.958499999999958,-3.122099999999989,16.476400000000012,1.792483699023626,2.846007317299345,3.210756412953235,3.1843848336894096,-0.0015512693684603,0.0325081799160065,0.0439454132527471,0.0420674177579797,277.1162237784394,1.0,0.007874016,238.600083822282,-1.286163994815576,0.8610108804493818,92.0,3.01213286715695,0.8307435051045067,3.0371986504515727,user
-0.3955475457142857,0.0417218360627073,-0.37111774,-0.45662206,-0.37111774,0.0017407116044434,1.9,-1.2296340919151518,5.206698571428572,0.0248929662907496,5.2212744,5.170259,5.2212744,0.0006196597707523,1.8999999999998127,-1.2296340919149595,8.313710857142857,0.047916205631737,8.285654,8.285654,8.383853,0.0022959627621429,1.9000000000000008,1.2296340919151516,23.00153842857143,0.0045623328410333,22.998867,22.998867,23.008217,2.0814880952371535e-05,1.900000000002736,1.2296340919179556,-29.39596142857143,0.7995398033156023,-29.864124,-29.864124,-28.225555,0.639263897085952,1.9000000000000188,1.2296340919151705,15.700565857142855,0.280286796101439,15.864685,15.290268,15.864685,0.0785606880688096,1.899999999999956,-1.2296340919151063,0.0035211715714285,0.0168167159124495,-0.006325689,-0.006325689,0.028138323,0.00028280193408,1.900000000000001,1.229634091915152,-0.0198964882857142,0.0053543182018853,-0.023031656,-0.023031656,-0.012058569,2.866872340704024e-05,1.8999999999999972,1.229634091915151,0.0148456752857142,0.0086032959475963,0.009808101,0.009808101,0.027439611,7.401670116192854e-05,1.8999999999999997,1.2296340919151516,9.817699075597645,0.0292251819829264,9.800586561260202,9.800586561260202,9.860480361441256,0.0008541112619351,1.8999999999998571,1.229634091915006,0.0301888020189958,0.0074612171783408,0.0258199605858192,0.0258199605858192,0.0411109056019374,5.566976178236918e-05,1.9,1.2296340919151505,40.49587209922846,0.6837493741418438,40.89623473769058,39.494965503073146,40.89623473769058,0.4675132066393631,1.8999999999999888,-1.2296340919151396,870.0,615.0,115.40650857142862,-79.24703142857139,4.156108571428604,70.96032057142868,633.0,697.0,29.063498571428568,-18.3275814285714,0.0400585714285171,20.4319785714286,2.270290948779436,2.416830923964224,3.3208312822278083,2.416830923964224,-0.1077091116338824,0.0129916887244915,0.0590774776500172,0.0129916887244915,259.33124531828344,1.0,0.007874016,262.90872941003687,-1.3248951547046324,1.0137950368740285,93.0,2.78850801417509,0.8307435051045067,3.0371986504515727,user
-0.3708782,0.0,-0.3708782,-0.3708782,-0.3708782,0.0,0.0,0.0,5.1422367,0.0,5.1422367,5.1422367,5.1422367,0.0,0.0,0.0,8.498098,0.0,8.498098,8.498098,8.498098,0.0,0.0,0.0,23.026207,0.0,23.026207,23.026207,23.026207,0.0,0.0,0.0,-29.315872,0.0,-29.315872,-29.315872,-29.315872,0.0,0.0,0.0,15.596695000000002,0.0,15.596695,15.596695,15.596695,0.0,0.0,0.0,0.009494731,0.0,0.009494731,0.009494731,0.009494731,0.0,0.0,0.0,-0.0057197493,0.0,-0.0057197493,-0.0057197493,-0.0057197493,0.0,0.0,0.0,-0.010433513,0.0,-0.010433513,-0.010433513,-0.010433513,0.0,0.0,0.0,9.939709177620143,0.0,9.939709177620143,9.939709177620143,9.939709177620143,0.0,0.0,0.0,0.0152224716238323,0.0,0.0152224716238323,0.0152224716238323,0.0152224716238323,0.0,0.0,0.0,40.408952657180535,0.0,40.408952657180535,40.408952657180535,40.408952657180535,0.0,0.0,0.0,865.0,579.0,141.7271333333333,-106.82546666666669,-9.841966666666735,94.6932333333333,632.0,701.0,29.82476666666662,-30.34103333333337,4.7308016666665935,29.13909666666666,2.648169640869141,4.030778810835254,4.581898840044802,3.710752907675865,-0.8857212046461999,-0.0256219391873217,0.1208580749484788,-0.0135937721205976,325.09388242597186,1.0,0.007874016,294.2057103456696,-1.334061499993547,0.9049869168567454,71.0,4.578787076422139,0.8307435051045067,3.0371986504515727,user
-0.4041698,0.0,-0.4041698,-0.4041698,-0.4041698,0.0,0.0,0.0,5.170259,0.0,5.170259,5.170259,5.170259,0.0,0.0,0.0,8.343138,0.0,8.343138,8.343138,8.343138,0.0,0.0,0.0,22.42553,0.0,22.42553,22.42553,22.42553,0.0,0.0,0.0,-29.94088,0.0,-29.94088,-29.94088,-29.94088,0.0,0.0,0.0,14.5742035,0.0,14.5742035,14.5742035,14.5742035,0.0,0.0,0.0,0.031973574,0.0,0.031973574,0.031973574,0.031973574,0.0,0.0,0.0,-0.0034825176,0.0,-0.0034825176,-0.0034825176,-0.0034825176,0.0,0.0,0.0,-0.0061721215,0.0,-0.0061721215,-0.0061721215,-0.0061721215,0.0,0.0,0.0,9.823588094039623,0.0,9.823588094039623,9.823588094039623,9.823588094039623,0.0,0.0,0.0,0.0327495411720309,0.0,0.0327495411720309,0.0327495411720309,0.0327495411720309,0.0,0.0,0.0,40.14683173819215,0.0,40.14683173819215,40.14683173819215,40.14683173819215,0.0,0.0,0.0,898.0,654.0,111.89935000000004,-74.77325,-5.691349999999943,70.23483000000004,637.0,692.0,24.006200000000035,-18.94690799999994,3.4372000000000758,19.50224800000001,3.0382438931547537,3.8423396337858993,15.92518845236756,3.8423396337858993,-0.7924240854058269,-0.025524760686679,12.349246347987284,-0.025524760686679,278.0286933145721,1.0,0.007874016,250.12197024651792,-1.349091830834512,0.8996264639618349,61.0,4.557847431386428,0.8307435051045067,3.0371986504515727,user
-0.3507595699999999,0.0,-0.35075957,-0.35075957,-0.35075957,0.0,0.0,0.0,5.235645,0.0,5.235645,5.235645,5.235645,0.0,0.0,0.0,8.134524,0.0,8.134524,8.134524,8.134524,0.0,0.0,0.0,22.050003,0.0,22.050003,22.050003,22.050003,0.0,0.0,0.0,-28.81179,0.0,-28.81179,-28.81179,-28.81179,0.0,0.0,0.0,15.48671,0.0,15.48671,15.48671,15.48671,0.0,0.0,0.0,0.06148372,0.0,0.06148372,0.06148372,0.06148372,0.0,0.0,0.0,-0.006465491,0.0,-0.006465491,-0.006465491,-0.006465491,0.0,0.0,0.0,0.01023424,0.0,0.01023424,0.01023424,0.01023424,0.0,0.0,0.0,9.680159686107848,0.0,9.680159686107848,9.680159686107848,9.680159686107848,0.0,0.0,0.0,0.0626641050944404,0.0,0.0626641050944404,0.0626641050944404,0.0626641050944404,0.0,0.0,0.0,39.44819465993607,0.0,39.44819465993607,39.44819465993607,39.44819465993607,0.0,0.0,0.0,816.0,641.0,81.33445333333339,-43.66689066666663,-25.668906666666658,38.53310933333338,662.0,696.0,12.307433333333393,-8.461486666666588,5.385133333333442,9.538513333333412,3.51184965012633,3.6487896453755138,17.059515858150206,3.6487896453755138,-0.4571679104442811,-0.0253592583794785,14.060508051019568,-0.0253592583794785,166.24869624090726,1.0,0.007874016,178.27226368675525,-1.378901261526054,1.072322777367378,39.0,4.262787083100187,0.8307435051045067,3.0371986504515727,user
-0.38429064,0.0,-0.38429064,-0.38429064,-0.38429064,0.0,0.0,0.0,5.1441526,0.0,5.1441526,5.1441526,5.1441526,0.0,0.0,0.0,8.468878,0.0,8.468878,8.468878,8.468878,0.0,0.0,0.0,23.644058,0.0,23.644058,23.644058,23.644058,0.0,0.0,0.0,-29.514519,0.0,-29.514519,-29.514519,-29.514519,0.0,0.0,0.0,16.143616,0.0,16.143616,16.143616,16.143616,0.0,0.0,0.0,0.006298687,0.0,0.006298687,0.006298687,0.006298687,0.0,0.0,0.0,-0.012271638,0.0,-0.012271638,-0.012271638,-0.012271638,0.0,0.0,0.0,-0.005000238,0.0,-0.005000238,-0.005000238,-0.005000238,0.0,0.0,0.0,9.91624323254338,0.0,9.91624323254338,9.91624323254338,9.91624323254338,0.0,0.0,0.0,0.0146720461144196,0.0,0.0146720461144196,0.0146720461144196,0.0146720461144196,0.0,0.0,0.0,41.11890864388525,0.0,41.11890864388525,41.11890864388525,41.11890864388525,0.0,0.0,0.0,872.0,644.0,114.76002000000004,-72.26310000000001,-15.43888000000004,62.727620000000016,669.0,727.0,21.926506000000018,-18.830834000000003,6.243705999999975,19.957122000000027,3.0021989418919195,3.729497108508944,7.843616587704723,3.554834246039611,-0.4357830426756444,-0.0303694680369549,3.9415557301784143,-0.0303694680369549,223.67265063153144,1.0,0.007874016,235.26155657055403,-1.3216939757021515,1.0518119041657608,61.0,3.6667647644513353,0.8307435051045067,3.0371986504515727,user
-0.3491514142857143,0.0546773989660392,-0.3284853,-0.4731481,-0.3284853,0.0029896179576914,5.166666666666656,-2.6457513110645867,5.201942357142857,0.030235494797057,5.2133703,5.1333747,5.2133703,0.0009141851456228,5.166666666666674,-2.645751311064591,8.325892,0.0088712041459985,8.322539,8.322539,8.34601,7.869826299998211e-05,5.166666666667676,2.64575131106507,22.53712457142857,0.0727702559174124,22.50962,22.50962,22.702152,0.0052955101462857,5.166666666666542,2.645751311064529,-30.18106585714286,0.3924314411781272,-30.329391,-30.329391,-29.291115,0.1540024360251419,5.166666666666507,2.645751311064513,15.811948571428571,0.4318538916419369,15.975174,14.832596,15.975174,0.1864977837262857,5.166666666666644,-2.6457513110645787,0.0019992436028571,0.0056775593636409,-0.00014667213,-0.00014667213,0.014874738,3.223468032766666e-05,5.166666666666671,2.645751311064592,0.0047967585,0.0013489228126145,0.0053066034,0.0017376891,0.0053066034,1.8195927543920705e-06,5.166666666666663,-2.64575131106459,0.0290452458571428,0.017173609178603,0.03553626,-0.009900839,0.03553626,0.0002949328522194,5.166666666666663,-2.64575131106459,9.823745189246225,0.0061692128179463,9.82607693251784,9.809754729616522,9.82607693251784,3.805918679311314e-05,5.166666666664488,-2.6457513110635547,0.0333623385316618,0.006794955771865,0.0359305904090958,0.017952827267058,0.0359305904090958,4.617142394160167e-05,5.166666666666677,-2.6457513110645947,40.85323402213373,0.4128617275216185,41.00928108740212,39.91695163052341,41.00928108740212,0.1704548060521351,5.166666666666647,-2.6457513110645787,895.0,644.0,129.45527428571427,-85.6499857142857,-12.89396571428574,80.25492028571435,650.0,725.0,30.11429714285714,-25.044088857142853,3.172097142857183,26.31938714285712,1.9691817823631328,3.068548151277797,3.245307571288275,2.1457897585015884,-0.2036013021505036,-0.0083564997557808,0.0561870867185286,0.0118722893692835,306.08291310231766,1.0,0.007874016,261.9656466027559,-1.2804364240160526,0.8558649809869844,93.0,3.29121411937976,0.8307435051045067,3.0371986504515727,user
-0.43698245,0.0,-0.43698245,-0.43698245,-0.43698245,0.0,0.0,0.0,5.254326,0.0,5.254326,5.254326,5.254326,0.0,0.0,0.0,8.312479,0.0,8.312479,8.312479,8.312479,0.0,0.0,0.0,23.264221,0.0,23.264221,23.264221,23.264221,0.0,0.0,0.0,-29.153412,0.0,-29.153412,-29.153412,-29.153412,0.0,0.0,0.0,15.432007000000002,0.0,15.432007,15.432007,15.432007,0.0,0.0,0.0,0.02084069,0.0,0.02084069,0.02084069,0.02084069,0.0,0.0,0.0,-0.0300629549999999,0.0,-0.030062955,-0.030062955,-0.030062955,0.0,0.0,0.0,0.025735054,0.0,0.025735054,0.025735054,0.025735054,0.0,0.0,0.0,9.843586871731514,0.0,9.843586871731514,9.843586871731514,9.843586871731514,0.0,0.0,0.0,0.0447259279097822,0.0,0.0447259279097822,0.0447259279097822,0.0447259279097822,0.0,0.0,0.0,40.3644924410878,0.0,40.3644924410878,40.3644924410878,40.3644924410878,0.0,0.0,0.0,873.0,668.0,93.21561999999994,-74.52534000000006,0.6077199999999721,67.18041999999997,659.0,710.0,23.707771999999977,-18.651796000000058,-2.770627999999988,21.218971999999987,2.286490732948317,3.6342677309541567,16.221270035912347,3.6342677309541567,-1.2833219429353746,0.0524894008197803,12.517705377936757,0.0524894008197803,244.6258167051467,1.0,0.007874016,211.24866863485792,-1.3269657687892933,0.863558358149422,53.0,4.615581447266918,0.8307435051045067,3.0371986504515727,user
0.0906537079999999,0.0535222830467669,0.06526586,0.06526586,0.1922051,0.0028646347825382,3.250000000000001,1.7787811838447138,4.7252054,0.0379707327767057,4.7432165,4.653161,4.7432165,0.0014417765475999,3.250000000000029,-1.7787811838447305,8.6729393,0.0176724941131056,8.6645565,8.6645565,8.7064705,0.0003123170481777,3.2500000000001275,1.778781183844789,21.3256482,0.1595807582057182,21.401344,21.022865,21.401344,0.0254660183895119,3.249999999999943,-1.77878118384468,-27.9707742,0.3673832992698511,-27.796509,-28.667835,-27.796509,0.134970488582401,3.249999999999987,-1.778781183844706,14.650182999999998,0.3274285534891537,14.805496,14.028931,14.805496,0.1072094576399996,3.250000000000041,-1.7787811838447376,0.02414327,0.0,0.02414327,0.02414327,0.02414327,0.0,0.0,0.0,0.018090785,0.0,0.018090785,0.018090785,0.018090785,0.0,0.0,0.0,0.013803152,0.0,0.013803152,0.013803152,0.013803152,0.0,0.0,0.0,9.877237170958,0.0018234990349068,9.878102132497215,9.873777324801145,9.878102132497215,3.32514873030629e-06,3.249999999998768,-1.7787811838439824,0.0331768140927399,0.0,0.0331768140927399,0.0331768140927399,0.0331768140927399,0.0,0.0,0.0,38.10528896517426,0.0594108085685217,38.07710794426794,38.07710794426794,38.21801304879953,0.0035296441747655,3.2500000000000004,1.7787811838447132,846.0,488.8423,161.39020099999993,-91.68616300000004,-7.672499000000016,101.714297,1016.0,1093.7783,46.25297999999998,-23.73304000000001,-4.660319999999956,22.05669999999996,1.655591283486374,2.376406525432799,2.4443983536934866,2.428636701837422,-0.0123578551578526,0.0041115454974659,0.0335019648489605,-0.0016226345108838,336.7612409049429,1.0,0.007874016,365.5285031569768,-1.3563738842800075,1.0854233170501766,152.0,2.2155344796377823,0.8307435051045067,3.0371986504515727,user
0.18142723,0.0,0.18142723,0.18142723,0.18142723,0.0,0.0,0.0,4.953744,0.0,4.953744,4.953744,4.953744,0.0,0.0,0.0,8.520133,0.0,8.520133,8.520133,8.520133,0.0,0.0,0.0,21.163982,0.0,21.163982,21.163982,21.163982,0.0,0.0,0.0,-27.891861,0.0,-27.891861,-27.891861,-27.891861,0.0,0.0,0.0,14.81279,0.0,14.81279,14.81279,14.81279,0.0,0.0,0.0,-0.0038221206,0.0,-0.0038221206,-0.0038221206,-0.0038221206,0.0,0.0,0.0,0.01713197,0.0,0.01713197,0.01713197,0.01713197,0.0,0.0,0.0,0.018650489,0.0,0.018650489,0.018650489,0.018650489,0.0,0.0,0.0,9.857239055385158,0.0,9.857239055385158,9.857239055385158,9.857239055385158,0.0,0.0,0.0,0.0256115938961433,0.0,0.0256115938961433,0.0256115938961433,0.0256115938961433,0.0,0.0,0.0,38.0169540037566,0.0,38.0169540037566,38.0169540037566,38.0169540037566,0.0,0.0,0.0,857.0,509.0,174.29202375,-103.38452025,-15.611401250000029,101.27614375000005,1052.0,1087.0,19.320012500000075,-15.256147499999908,-3.222587499999918,17.106212500000087,2.244166054467445,3.156200975915934,3.3342929861691792,1.979373576231307,-0.0417591973233787,-0.0184646292495345,0.0065322352930993,0.0025764973239927,354.0356062594664,1.0,0.007874016,349.75562897543193,-1.4705586843224636,0.9879108846444736,112.0,3.1610321987452354,0.8307435051045067,3.0371986504515727,user
0.206605515,0.0172300606335182,0.19412115,0.19412115,0.22741279,0.0002968749894347,1.266666666666664,0.6440611887195256,5.015985625,0.0440046181373125,5.04787,4.962845,5.04787,0.0019364064174106,1.2666666666666777,-0.6440611887195508,8.45723125,0.0236758043082571,8.474386,8.42864,8.474386,0.0005605437096428,1.2666666666665842,-0.6440611887193806,21.627919,0.2740733382040033,21.826504,21.296944,21.826504,0.0751161947142859,1.266666666666656,-0.644061188719511,-29.05722375,0.493457255666226,-28.69968,-29.65313,-28.69968,0.2435000631696431,1.2666666666666606,-0.6440611887195198,15.409736375,0.2012515823085528,15.555557,15.166702,15.555557,0.0405021993816962,1.2666666666666764,-0.644061188719548,0.0005857561249999,0.0102003450113095,-0.006805096,-0.006805096,0.012903843,0.0001040470383497,1.2666666666666666,0.6440611887195306,0.0079233645,0.0411046348758154,-0.021859773,-0.021859773,0.057561927,0.0016895910082741,1.266666666666667,0.6440611887195304,-0.0020505555875,0.0021779114229639,-0.00047250884,-0.0046806335,-0.00047250884,4.743298166276816e-06,1.2666666666666668,-0.6440611887195307,9.835061182218782,0.0424154150125664,9.865794070158437,9.78383970231936,9.865794070158437,0.0017990674306882,1.266666666666609,-0.644061188719426,0.0365031024638719,0.0187749005904521,0.0228993945724471,0.0228993945724471,0.05917594894958,0.0003524968921813,1.2666666666666662,0.6440611887195302,39.36809524181645,0.1369594580267084,39.2688586865555,39.2688586865555,39.53348950058469,0.0187578931429697,1.2666666666666235,0.6440611887194528,872.0,544.0,168.85858125000004,-106.50798074999996,-11.101718749999977,102.2056052500001,1046.0,1081.0,21.09763750000002,-13.037682499999937,-3.382312499999898,13.627017499999926,2.254097184594995,2.8146752422591472,3.3291163571473104,2.630458613661401,-0.0943452716317584,-0.0068843970534964,0.048709385091775,0.0312533378867537,348.998898809385,1.0,0.007874016,329.8620923962012,-1.4644912709777944,0.9451665707872736,116.0,3.008611196632629,0.8307435051045067,3.0371986504515727,user
